condition,seed,phase_index,phase_name,coupling,n_transitions,mean_influence,mean_true_information,mean_blind_nll,median_blind_nll,mean_aware_nll,median_aware_nll,mean_loss_advantage,median_loss_advantage,mean_dummy_advantage,mean_shuffled_advantage,mean_wrong_lag_advantage,mean_dummy_influence,mean_shuffled_influence,mean_wrong_lag_influence,mean_blind_squared_error,mean_aware_squared_error,evidence_clipped_fraction,variance_floor_fraction,sensory_variance,action_variance,action_energy,mean_action_energy,probe_action_energy,nonprobe_action_energy,mean_vigor,mean_homeostatic_squared_error,probe_fraction,action_outcome_correlation,partial_action_outcome_correlation
estimator_disconnected,751000,0,connected_initial,connected,750,1.5766312537565288,1.6290482690107413,1.4628616794581466,1.206520936231038,-0.1387498021684506,-0.41882869240240206,1.6016114816265972,1.5919336712869685,0.00010811743953118125,0.00037107509263037354,-0.0025441491818667837,0.0002185031699119692,0.0006616103194382206,-0.0024474910499372162,1.0857232780511676,0.04377412478625041,0.0,0.0,3.120908347699488,1.0338927597150718,774.3859684714105,1.0325146246285473,0.0,774.3859684714105,1.0,4.13427222505579,0.0,0.5897360599821847,0.9804123754108309
estimator_disconnected,751000,1,disconnected,disconnected,750,-0.004887010077608494,0.0,-0.15354460706363612,-0.42721271482746487,-0.1520009105605023,-0.4221690466691003,-0.0015436965031338221,-0.00420410488662365,-0.0017782269880374528,-0.00047145028014829117,-0.0005571400887328962,-0.0017873821529946017,-0.0014098621748615517,-0.0006169033644298758,0.04275176453689765,0.042888365752171365,0.0,0.0,0.1095895274037257,0.9611459599225264,722.3133240974604,0.9630844321299472,0.0,722.3133240974604,1.0,1.1592814097132769,0.0,0.004977290649747071,-0.013642684801174278
estimator_disconnected,751000,2,connected_restored,connected,750,1.5790753077575481,1.6290482690107413,1.433228750535097,1.183974913681955,-0.16291071224766107,-0.4223607245698431,1.5961394627827579,1.597663967013473,-0.0001634142505019104,-0.001923149583172059,0.0005067757369564466,-0.0009993082789629794,-0.0013592539649006513,0.00020563298743255212,1.0236178746157045,0.04184226235638584,0.0,0.0,2.650172001023226,0.9790591505300253,733.3185950007186,0.9777581266676247,0.0,733.3185950007186,1.0,3.6629415330720563,0.0,0.5728209782666126,0.9800761244715714
estimator_disconnected,751001,0,connected_initial,connected,750,1.5813248199350067,1.6290482690107413,1.4525732866866863,1.1852766891075506,-0.16398021418325923,-0.417927689456445,1.6165535008699456,1.601158545436013,1.6936970101339542e-05,0.0028713754125396537,0.0012631327807080726,0.000980940858154623,0.002213570926869676,0.00031427323006620047,1.063686144440288,0.04211948244683263,0.0,0.0,2.645683000037368,1.0210517452613292,764.8311833787925,1.0197749111717234,0.0,764.8311833787925,1.0,3.662039179197894,0.0,0.5851806435349451,0.9806491411839658
estimator_disconnected,751001,1,disconnected,disconnected,750,-0.006753506683070103,0.0,-0.17516146311352515,-0.44362871849383023,-0.1752010859953876,-0.4353297320040045,3.962288186242535e-05,-0.0035253830820640153,0.0016083479489536565,-4.488521212904883e-06,0.0021025659813685023,0.00061379297175445,-0.00043293347534072515,0.0027252747190903348,0.04099214514236248,0.04093686774242254,0.0,0.0,0.12680663610900259,0.9654050933853803,723.4339359341454,0.9645785812455272,0.0,723.4339359341454,1.0,1.100003520690743,0.0,-0.012978335690101839,-0.0018395453459172206
estimator_disconnected,751001,2,connected_restored,connected,750,1.5513386886526643,1.6290482690107413,1.428803543289417,1.1483300236121026,-0.1554701720418788,-0.40216377102198064,1.5842737153312958,1.5489579870456862,0.0044140466284256635,-0.0011374733464171191,-0.000750715132342991,0.0036778180285154914,-0.0006677048018435402,-0.0010999903141292794,1.014061576852921,0.042596033976403096,0.0,0.0,3.1049689506463634,0.985383805802098,740.44298620269,0.98725731493692,0.0,740.44298620269,1.0,4.633061142639538,0.0,0.5952438465803527,0.9794916366824521
estimator_disconnected,751002,0,connected_initial,connected,750,1.595048019684134,1.6290482690107413,1.4452404626171071,1.1647957982869683,-0.18620994400568908,-0.4180265139782229,1.6314504066227964,1.6152182993309459,-0.0013102918130392723,-0.00134685986211436,-0.000735315056652992,-0.000836271671878411,-0.0018934074372489768,-0.0001590549812640205,1.0479397646768815,0.03998171195357173,0.0,0.0,2.8650116806319192,1.0012673529828036,750.0807826596238,1.0001077102128317,0.0,750.0807826596238,1.0,3.801478589548077,0.0,0.5883866569138938,0.9814122187806391
estimator_disconnected,751002,1,disconnected,disconnected,750,-0.009759125788699202,0.0,-0.18323240689173093,-0.4380346500812845,-0.1802692546481112,-0.4358620162742715,-0.0029631522436197096,-0.005351068123203906,0.0032216286790072235,-0.0020420045419912475,-0.0015186615789136635,0.0038577006585754164,-0.0015863241152726216,-0.00029285087309352244,0.040270108568426076,0.04052083142266605,0.0,0.0,0.09715080130428606,1.0830284242241064,812.9908233658584,1.0839877644878113,0.0,812.9908233658584,1.0,1.1600497566292918,0.0,-0.002743224003285316,0.006774190240533366
estimator_disconnected,751002,2,connected_restored,connected,750,1.633351717253918,1.6290482690107413,1.465974748847193,1.1922552064232719,-0.19405781340280479,-0.41143770380165734,1.660032562249998,1.6518322204586973,0.0017961276303502356,0.0014396966709088737,0.00046090243280774896,0.002295252505910472,0.0015076531296864695,0.0004956289379643511,1.090456795351623,0.03943632449949293,0.0,0.0,3.2050903343325334,1.0519475678601171,788.4749836817575,1.0512999782423433,0.0,788.4749836817575,1.0,4.368497383059786,0.0,0.5861893896102051,0.9821479220454926
estimator_disconnected,751003,0,connected_initial,connected,750,1.6033708414190708,1.6290482690107413,1.4595764541315257,1.2077316446301583,-0.15700503381367606,-0.41687894052119867,1.6165814879452016,1.6393156869211392,0.0022127327393286567,0.002045061441347745,0.0006850177219947882,0.0025220146968808112,0.0015634794020929672,0.001030372030688206,1.0829511658631232,0.042586058669584086,0.0,0.0,3.0662625000861294,1.0306211977660367,772.1852246915719,1.0295802995887624,0.0,772.1852246915719,1.0,3.9182950525010227,0.0,0.5745514768160896,0.9809886388393946
estimator_disconnected,751003,1,disconnected,disconnected,750,-0.009502909398591004,0.0,-0.23776708945652353,-0.5040991403622693,-0.23771555472160275,-0.4784648180571733,-5.153473492073616e-05,-0.0033465751452307624,-0.002888449384398939,-0.002814451247267173,-0.0008347000380469586,-0.0022225738601544176,-0.002962125605813811,-0.0007829108380392782,0.036133315016173846,0.03611086223658528,0.0,0.0,0.10821076178259852,1.0520580718512724,788.2318855041672,1.0509758473388895,0.0,788.2318855041672,1.0,1.1136828881145764,0.0,-0.05151740400760215,-0.009934198500756818
estimator_disconnected,751003,2,connected_restored,connected,750,1.540363040402449,1.6290482690107413,1.4422403151535648,1.181131122378003,-0.12655329186648506,-0.37364896599719466,1.56879360702005,1.5531459320890093,0.0005787230730583642,0.0002529434885674006,-0.002617863785239129,0.0007685251712835972,0.0011072638002818107,-0.0026631934954606798,1.04354598582987,0.045364047486562024,0.0,0.0,2.5096623987910416,0.9729518806430051,730.6385815751107,0.9741847754334809,0.0,730.6385815751107,1.0,2.958619144738249,0.0,0.5997326531852336,0.9786703419779166
estimator_disconnected,751004,0,connected_initial,connected,750,1.5687351172907795,1.6290482690107413,1.4692504599000222,1.1931587090924922,-0.1294348754338912,-0.37545481329797326,1.5986853353339132,1.5750397166661014,-0.000626526010038068,-0.0016761762618859575,-0.0008122209839324964,-0.0005718811086302397,-0.0022327463959738877,-0.00045230627925759223,1.0943603838500449,0.04494498593202603,0.0,0.0,2.959341549412118,1.0168870125903349,761.6964849746487,1.0155953132995317,0.0,761.6964849746487,1.0,3.9705357906339485,0.0,0.5884133451098124,0.9802665166003197
estimator_disconnected,751004,1,disconnected,disconnected,750,-0.007272472045628054,0.0,-0.19111523601299768,-0.4802645997229542,-0.19040350691334826,-0.47015617056133285,-0.0007117290996494581,-0.0024243322036174297,6.255176288001889e-05,-0.001553910365143261,-0.001907469567376257,0.0002727586125923528,-0.0005601433908641568,-0.0017242638641947424,0.03958041402911443,0.03966297572916102,0.0,0.0,0.10224399492008371,0.9856171074505796,739.1904090115634,0.9855872120154178,0.0,739.1904090115634,1.0,0.9965677879264334,0.0,0.0215153519055891,0.01943016729898881
estimator_disconnected,751004,2,connected_restored,connected,750,1.5732717128955538,1.6290482690107413,1.424532823488185,1.1496050836108762,-0.15254725905416713,-0.4480485330453054,1.577080082542352,1.5666749441403305,-0.0011572428178806865,-0.0011500902920695746,0.0005404250698507633,0.0005479022879288388,-0.000552741921130148,0.0018903102114827192,1.001590042061277,0.042716226147923184,0.0,0.0,2.7117833338268578,0.9458072140185708,708.7007055959402,0.9449342741279203,0.0,708.7007055959402,1.0,4.003215941503567,0.0,0.5964896061790456,0.9788079438698342
estimator_disconnected,751005,0,connected_initial,connected,750,1.5655672283500632,1.6290482690107413,1.4204030452348,1.166551174365055,-0.15433139571014456,-0.4230733900398963,1.5747344409449446,1.5786669182929134,0.0001593209749159687,-0.0016273896937147624,0.001200944560354055,-0.0005022553956076379,-0.0016192082621832107,4.4242570616350876e-05,0.9981563291980777,0.0426178911039149,0.0,0.0,2.7558100265730037,0.9669787982488338,724.7848433747735,0.9663797911663646,0.0,724.7848433747735,1.0,3.9583482578690727,0.0,0.5818052591434076,0.9791018866438131
estimator_disconnected,751005,1,disconnected,disconnected,750,-0.007773225728925999,0.0,-0.17493520421402642,-0.47504048222028983,-0.17236330610490003,-0.4605322909623153,-0.0025718981091263846,-0.006086136521712082,-0.002795123152334586,-0.000915363543745966,-0.0030982039850185666,-0.002721604158015918,-4.0402339295002146e-05,-0.002422593995033164,0.04088988692566992,0.04106525710642088,0.0,0.0,0.09690023477470575,0.9879051496281385,743.0090602738901,0.9906787470318534,0.0,743.0090602738901,1.0,1.072526473429171,0.0,-0.028611051568670973,-0.0014015314364248153
estimator_disconnected,751005,2,connected_restored,connected,750,1.577319446175142,1.6290482690107413,1.451794846031653,1.1631146994560682,-0.16742558827492202,-0.40923688390505336,1.619220434306575,1.5995404997790144,-0.0018141503870879898,-0.0031217260470146535,-0.00226647949563605,-0.0013204138434198855,-0.0020511270972575013,-0.0016698594860111203,1.055504368160646,0.04154368915051897,0.0,0.0,3.233408083945678,0.9913751871507382,743.6951390668867,0.9915935187558489,0.0,743.6951390668867,1.0,3.8475285918755975,0.0,0.5824992598571772,0.9811536263676814
estimator_disconnected,751006,0,connected_initial,connected,750,1.629524059232656,1.6290482690107413,1.5152975313582817,1.2209048954962014,-0.13077136988440494,-0.41945822670697636,1.6460689012426868,1.6204267615877181,0.0008879132439518196,-0.0008026650955295865,0.004311275594448043,0.000826997451045533,-0.0008049962039093792,0.00488790765502409,1.2031970037828401,0.04463966893648552,0.0,0.0,3.531845945473187,1.1208042032568508,839.5124958920853,1.1193499945227805,0.0,839.5124958920853,1.0,4.302216461439074,0.0,0.5876825765671329,0.9817204537522431
estimator_disconnected,751006,1,disconnected,disconnected,750,-0.007569184147589473,0.0,-0.19008883236118662,-0.47634039608256984,-0.18639557264442377,-0.46757105572296837,-0.003693259716762815,-0.0047214397926391705,-0.0005925083519300184,-0.001653365995062534,0.0009345564540386752,-0.0004282180050849793,-0.00100695354391566,0.000493684460158993,0.03967221191127512,0.039963834634262924,0.0,0.0,0.09494943539777553,1.0929644796974798,820.5461598903034,1.0940615465204047,0.0,820.5461598903034,1.0,1.0981514893446087,0.0,-0.06003754285213749,-0.018667146019526494
estimator_disconnected,751006,2,connected_restored,connected,750,1.5369531457994199,1.6290482690107413,1.4080866045465366,1.1726886003048231,-0.1515752127378314,-0.381023644957499,1.5596618172843677,1.5349610722693237,0.002734957312577835,-0.00035633435878875406,-0.001806264362128798,0.0024421328099921884,0.00033905965949338,-0.002647651763682302,0.9804678316797194,0.04278250314470591,0.0,0.0,2.5264451722338714,0.9537436444055549,714.3580778426845,0.9524774371235792,0.0,714.3580778426845,1.0,3.473874459117086,0.0,0.5816034541747748,0.978811821877062
estimator_disconnected,751007,0,connected_initial,connected,750,1.6433850454979013,1.6290482690107413,1.4567696360998046,1.2054865908920895,-0.2104229905514383,-0.47540050490004626,1.6671926266512425,1.6714388012758925,-0.000926889018267171,-0.0003708118158508717,-0.0012979099831500957,-0.0016649461524398117,-0.0002241279467557097,-0.0023084700998343695,1.0688593403297217,0.03811915125944693,0.0,0.0,2.654141163133987,1.0452464241787796,784.3253530848425,1.0457671374464568,0.0,784.3253530848425,1.0,3.270097012163658,0.0,0.5908602450395701,0.98322619244152
estimator_disconnected,751007,1,disconnected,disconnected,750,-0.012080252184824542,0.0,-0.17315516459639085,-0.4448780975254951,-0.1668178275740229,-0.4463629212229189,-0.006337337022367995,-0.005795391494077873,-0.0011331342486778462,-0.002703713313435831,-0.001675039242739613,-0.0008566820416211012,-0.0027426854656812005,-0.0017135872898857022,0.04105432269389511,0.04158965825525493,0.0,0.0,0.10614989433320733,0.9683138255825265,725.2694408701955,0.9670259211602606,0.0,725.2694408701955,1.0,1.0394275457191506,0.0,-0.01026775123431995,-0.022419925056687544
estimator_disconnected,751007,2,connected_restored,connected,750,1.6073575608076927,1.6290482690107413,1.4422396972142704,1.1864449370514745,-0.1981012781940955,-0.4641714349631324,1.640340975408366,1.638836922683788,0.00263443031100269,0.0018965175722858382,0.0017280536495375483,0.001989481405950048,0.0010450242529193281,0.001112747161763642,1.045436209804775,0.03875034799220535,0.0,0.0,2.5347441642998914,1.017579065207588,762.2425175408288,1.016323356721105,0.0,762.2425175408288,1.0,3.5930498361540617,0.0,0.5862731261328126,0.9814225496189233
estimator_disconnected,751008,0,connected_initial,connected,750,1.570237743920438,1.6290482690107413,1.452539648380298,1.1969260494567637,-0.14732925754783513,-0.3866696149655742,1.5998689059281332,1.5869091902808035,-0.0034463042295297553,-0.0015481554724683395,-0.0009467013457307392,-0.0031276527125246225,-0.0009518521033620075,-0.0017795487454028442,1.0631310285287319,0.043284769879989145,0.0,0.0,2.978033800477146,0.9986802095804032,748.0746565682766,0.9974328754243689,0.0,748.0746565682766,1.0,4.018180136501201,0.0,0.5944877041573754,0.9804033833547365
estimator_disconnected,751008,1,disconnected,disconnected,750,-0.008905422991623276,0.0,-0.20546881737420297,-0.479186842780973,-0.20026030646555895,-0.4688206442994975,-0.005208510908643973,-0.005555911756653098,-0.0015447214965351181,-0.0015445829337810031,0.0013126687349011086,6.016590903444322e-05,-0.001058381367372854,0.001311477889449609,0.0386973810885358,0.0391081118966518,0.0,0.0,0.11480519679658434,0.9763738855199005,731.4105439140812,0.9752140585521083,0.0,731.4105439140812,1.0,1.0596250941781082,0.0,0.058550414661572556,-0.01967927866912808
estimator_disconnected,751008,2,connected_restored,connected,750,1.6075142976256147,1.6290482690107413,1.4329585909440674,1.1853401317905015,-0.21205501881609629,-0.44537779992910426,1.6450136097601642,1.625027857393416,-0.0007849163819281798,0.0001782160085600144,-0.0019160386431368354,-0.0010259143964122105,-0.0009051936351154036,-0.0021040000081567075,1.0201571843816906,0.03756781529889373,0.0,0.0,2.538620487948027,0.9761789518538395,737.425768253338,0.9832343576711173,0.0,737.425768253338,1.0,4.591040816330166,0.0,0.5941716577185283,0.9818920401308164
estimator_disconnected,751009,0,connected_initial,connected,750,1.6499499329743696,1.6290482690107413,1.4593150345044512,1.1609842568289905,-0.22213131793987054,-0.4763861459295956,1.6814463524443215,1.6627571068638871,-0.0016307290486310979,0.0010246414139565326,-0.0006910181710602323,-0.0031048075013687944,0.0008295184967209093,-0.0011285037935830928,1.0767409618454318,0.037116167693298945,0.0,0.0,2.666023994208398,1.0498378696339368,787.4495852346172,1.0499327803128229,0.0,787.4495852346172,1.0,3.288576843042533,0.0,0.5889924342186498,0.9832212328952561
estimator_disconnected,751009,1,disconnected,disconnected,750,0.00037209825424226896,0.0,-0.18485631302673422,-0.4500306087980101,-0.19186169249321552,-0.4474289684623537,0.0070053794664813275,0.0042415082070367816,-0.00403094794210106,0.0012005772152101166,-0.004929578640568138,-0.003893906796332929,0.000330181884249028,-0.0036004230966671996,0.04017765817479513,0.0396158611819037,0.0,0.0,0.11317988529969655,0.9686692609225428,725.5872257801188,0.9674496343734917,0.0,725.5872257801188,1.0,1.1439280372863654,0.0,-0.0344986549722859,-0.03296445845650622
estimator_disconnected,751009,2,connected_restored,connected,750,1.5871779880441046,1.6290482690107413,1.437316648036197,1.178316794874823,-0.17398419922466846,-0.4125146601428516,1.6113008472608654,1.6060237349932938,-0.0005898156907001868,0.00020630790929749592,-0.001101985575689324,-0.0003742409991345978,0.0004323261438552962,-0.0004487707082145721,1.0307643685272943,0.04074595090529916,0.0013333333333333333,0.0,2.6331544519353636,0.9698480433588509,726.9284465394935,0.9692379287193247,0.0,726.9284465394935,1.0,3.92056343044181,0.0,0.5918746929790303,0.9809910835044556
estimator_disconnected,751010,0,connected_initial,connected,750,1.5873640251596208,1.6290482690107413,1.462494827939232,1.2119659643950076,-0.16036627531954958,-0.3896613531122428,1.6228611032587814,1.5964847312436459,-0.0003493011882553,-0.0028922475545163796,0.0004958397050582368,-0.0011164319548728032,-0.0024936322556329445,-0.0005753800485766471,1.0881890489275456,0.042004449514746994,0.0,0.0,2.8329734258720545,0.997796193621211,755.1083229807068,1.006811097307609,0.0,755.1083229807068,1.0,5.0254591209510675,0.0,0.5855084434290323,0.981309674762936
estimator_disconnected,751010,1,disconnected,disconnected,750,-0.006757418214269592,0.0,-0.19360865546798187,-0.4533769166414447,-0.1940835637781069,-0.46480435893045924,0.00047490831012499216,-0.004034969989274911,-0.0032572191250736676,-0.0035540279753038563,-0.0027077191838270026,-0.003771937098264065,-0.003288106742327411,-0.002978606826546204,0.03950603097567665,0.03943854402226835,0.0,0.0,0.10982429515120622,1.0272882919288309,773.9429907848894,1.0319239877131858,0.0,773.9429907848894,1.0,1.1604298558652457,0.0,0.07242634870701274,0.05401194435012072
estimator_disconnected,751010,2,connected_restored,connected,750,1.5643535521981924,1.6290482690107413,1.4479419616198588,1.1687489669505873,-0.1606102619554073,-0.3717580327597386,1.608552223575266,1.5677420782126268,3.0097460240693744e-06,-0.0018110683395675575,0.0013517735603977116,0.00038006030215928294,-0.001437618857832897,0.001421174711669357,1.052119736253461,0.04220567630465373,0.0,0.0,3.217617561900021,0.9823465430161146,739.1571789342247,0.9855429052456329,0.0,739.1571789342247,1.0,3.660905870291373,0.0,0.6035649130468359,0.9806735965224165
estimator_disconnected,751011,0,connected_initial,connected,750,1.6263932182527332,1.6290482690107413,1.4745824087855979,1.1978934566740604,-0.16507937520074284,-0.39580885352612083,1.6396617839863408,1.6293151245261401,0.0028857731752732403,0.00011475973648779206,-3.1448512331300195e-05,0.004013938591371635,0.00038859430518864164,-0.000871424555122234,1.10797366259947,0.04179774807589779,0.0,0.0,3.1162464903017284,1.0323418146338887,774.1162331250177,1.0321549775000236,0.0,774.1162331250177,1.0,4.563211820744826,0.0,0.5913236959201749,0.9814596044669657
estimator_disconnected,751011,1,disconnected,disconnected,750,-0.008910748442641307,0.0,-0.17094359582326427,-0.46957726442636777,-0.16982597701341012,-0.46795866024347965,-0.001117618809854124,-0.00460166401619333,-0.0011223912312421217,-0.0009984004973824017,-0.003496419851411497,-0.0016534297652883163,-0.0007377853867318648,-0.003452514254468943,0.04127203086679183,0.04134556863788055,0.0,0.0,0.11348227702953766,0.9540035035714823,714.7575620961634,0.9530100827948845,0.0,714.7575620961634,1.0,1.1627561000601074,0.0,-0.008249233703572799,0.020298238384949326
estimator_disconnected,751011,2,connected_restored,connected,750,1.6179687508267997,1.6290482690107413,1.4839332903798967,1.2328632876417875,-0.1547046537203992,-0.3967206856685448,1.638637944100296,1.6117823307638566,0.0013982643877995663,-0.001681956009952468,0.00022758673274430485,0.0007196421179260633,-0.0013983811183438937,0.00041072628248489586,1.1319169779658613,0.042523812376549334,0.0,0.0,3.4217344903716627,1.0833645143834167,812.9485762740616,1.0839314350320821,0.0,812.9485762740616,1.0,4.869186415832441,0.0,0.5912287716761465,0.9817676707649865
estimator_disconnected,751012,0,connected_initial,connected,750,1.5916741460245305,1.6290482690107413,1.4394734958309787,1.1620398127693792,-0.17542622029338373,-0.43952233216418957,1.6148997161243628,1.6010896638026701,0.002322151524650628,0.000289466921397833,0.00017066394173459128,0.0017679954045598774,-0.0002716148204451251,0.00016408435739311946,1.0319522687100753,0.040614462152829184,0.0,0.0,2.7431987483836315,0.9952922948844083,745.627289342099,0.9941697191227986,0.0,745.627289342099,1.0,3.696963159920136,0.0,0.5833043921107662,0.9805730657547775
estimator_disconnected,751012,1,disconnected,disconnected,750,-0.0031498629295305517,0.0,-0.20375091736886328,-0.4774579393039524,-0.2056123354858484,-0.47527741461104545,0.0018614181169851296,-0.0004768751928093673,-0.004751168689665372,0.0016009712786102612,0.0007806133084134291,-0.0033754758412651415,0.0020221245744897593,0.000319512156953378,0.03867880548521292,0.03853178158758641,0.0,0.0,0.1326850216738609,1.0065519217982282,753.9231847307803,1.0052309129743737,0.0,753.9231847307803,1.0,1.1934437195468186,0.0,-0.03558734879580495,0.020197745407259816
estimator_disconnected,751012,2,connected_restored,connected,750,1.6206374550324811,1.6290482690107413,1.4488589477707658,1.2008807953991858,-0.1881417279542074,-0.4170373420040888,1.6370006757249733,1.6271636491695007,0.001953177139419086,0.0006264077685206587,0.0015644735222728994,0.0012601494872042929,0.0008980860738119479,0.0008820061271616422,1.0599512538687819,0.039861119862360836,0.0,0.0,2.3880905419447442,1.0008006420436253,750.9228409801519,1.0012304546402027,0.0,750.9228409801519,1.0,3.7401147182454055,0.0,0.5857688553324286,0.9815331051716157
estimator_disconnected,751013,0,connected_initial,connected,750,1.555262687041623,1.6290482690107413,1.3919305023815784,1.1219026174352025,-0.19683688655592774,-0.42560632424906897,1.5887673889375062,1.5843141310738311,5.3900563400924495e-05,0.0011530107078760693,0.0004241706251052365,-0.0008744942551474063,0.00032264546628626983,-0.00029852286527981293,0.9390775912100902,0.038836336487313765,0.0013333333333333333,0.0,2.453508267080967,0.8980275803718695,672.6276672478618,0.8968368896638158,0.0,672.6276672478618,1.0,3.395430011178114,0.0,0.5952206758274131,0.9794675455291433
estimator_disconnected,751013,1,disconnected,disconnected,750,-0.00614571532025141,0.0,-0.19180915549017769,-0.46099510527960363,-0.19439358133946985,-0.4646267058843684,0.002584425849292148,-0.001679853468689041,-0.0017617648384994334,0.00023648000584938536,-0.001656855723417738,-0.0012829390801059868,-0.00019589771945006224,-0.0022258142728306066,0.039572532481129116,0.03944771642992933,0.0,0.0,0.11314501511600708,0.9466552839878516,710.3323414901934,0.9471097886535912,0.0,710.3323414901934,1.0,1.0223829081717157,0.0,0.007234947009383149,0.01623723564221946
estimator_disconnected,751013,2,connected_restored,connected,750,1.588209096221043,1.6290482690107413,1.4115570671663926,1.1409539403190345,-0.19995390366521013,-0.47100077111756894,1.6115109708316024,1.6071962782253486,0.0006710857229611484,0.0010599237401382664,0.001120678929022419,0.0004986014423434446,0.0009666723887120581,0.0012312311638461404,0.9830017732968793,0.03876607436646216,0.0,0.0,2.8204108963345735,0.9276036307910491,694.8785286195161,0.9265047048260215,0.0,694.8785286195161,1.0,3.858536755130908,0.0,0.5846041985940275,0.9806674508661596
estimator_disconnected,751014,0,connected_initial,connected,750,1.5457237950138354,1.6290482690107413,1.4418089981597308,1.1526184681374214,-0.12719607234555153,-0.3831529695548158,1.569005070505282,1.5550906375503861,6.807891663653216e-05,-0.0004945664241752816,-0.0011982555064301735,-0.00027808647027595455,-0.0008965960205343635,-0.001884510506248582,1.0401516876282242,0.044932837027375674,0.0,0.0,2.7218951612283906,0.9953615651289701,747.7721853930303,0.9970295805240404,0.0,747.7721853930303,1.0,4.309564555249364,0.0,0.5913014927829214,0.979119311945983
estimator_disconnected,751014,1,disconnected,disconnected,750,-0.009360300336732175,0.0,-0.18420752425866227,-0.45320713027882287,-0.17971036239495516,-0.4413959722544792,-0.004497161863707115,-0.005016833498813766,0.00033828973240669256,-0.0012248165302863828,-0.001677590068515842,-0.0009252785766527084,9.667288778717758e-05,-0.002655949537722409,0.04051910768945188,0.04081167092788901,0.0,0.0,0.11464158071283617,1.0143137994756461,760.3695372233959,1.0138260496311946,0.0,760.3695372233959,1.0,1.1882060876195053,0.0,-0.011462396567974226,-0.019999316210826287
estimator_disconnected,751014,2,connected_restored,connected,750,1.5841298416721996,1.6290482690107413,1.4559915083367632,1.1745946663375015,-0.13880915088814882,-0.41920320081636697,1.5948006592249124,1.6008254074468198,-0.0005515464458449964,6.274539329091367e-05,-0.0003252694160440323,-0.0005062391495157724,-7.7366941003939e-05,-0.0005285609536047466,1.0726459932299608,0.043912276589227486,0.0,0.0,2.548276598841392,0.981327511306085,737.5042592334881,0.9833390123113175,0.0,737.5042592334881,1.0,3.010548682042073,0.0,0.5845276054926101,0.9802930273320299
estimator_disconnected,751015,0,connected_initial,connected,750,1.5723896287087342,1.6290482690107413,1.419388293762924,1.1282616434737802,-0.184192862940763,-0.4612319651189286,1.6035811567036875,1.5800049821882993,-0.001921236516304164,-0.0011756764611734756,0.0014351429354056246,-0.001468541048695164,-0.0012366769245300178,0.0007585175399909154,0.9941951424610304,0.04004470611201721,0.0013333333333333333,0.0,2.3368671675268935,0.943285130024678,706.6360886807961,0.9421814515743948,0.0,706.6360886807961,1.0,3.2606927676970154,0.0,0.5917929870126915,0.9807806018723365
estimator_disconnected,751015,1,disconnected,disconnected,750,-0.009245671769359356,0.0,-0.16500303679987996,-0.43647712020757784,-0.16217548157444864,-0.43616527888906004,-0.0028275552254313206,-0.005824472338067765,-0.00012391693762281694,-0.0023724661044493994,-0.0007698515783026423,-0.0007670911347997042,-0.00239133959970975,-0.001495600057306171,0.041839869004832976,0.04209193001426423,0.0,0.0,0.10520407181283269,1.080504148324569,809.3392223477222,1.0791189631302962,0.0,809.3392223477222,1.0,1.0759496756809368,0.0,0.00038515142591869227,0.005546122052367895
estimator_disconnected,751015,2,connected_restored,connected,750,1.6393229513194358,1.6290482690107413,1.4535845019208888,1.1951955200491855,-0.21547121527626087,-0.4769903548147469,1.6690557171971498,1.6554657685313598,-0.004570662956694764,-0.0010707161229876008,0.0003189052510243977,-0.0030812249162063972,-0.0008967382939345453,0.0006709661640342209,1.0635862078868417,0.03716209073453966,0.0,0.0,3.0446703250542786,1.018522398391984,763.0549868556087,1.0174066491408116,0.0,763.0549868556087,1.0,3.8875744531466503,0.0,0.5841388316667389,0.9825902827623068
estimator_disconnected,751016,0,connected_initial,connected,750,1.6100974978284732,1.6290482690107413,1.4602408796259172,1.2035264081626258,-0.18310903021302852,-0.42123427544494896,1.6433499098389457,1.6184054160158086,0.00043054455531871423,0.0001695220521755895,0.0012607612587170647,-0.0006354808001186612,-0.000293349896605457,-0.0001335990826307863,1.0883315639995677,0.04024900958949561,0.0,0.0,2.6877695831267427,1.0226952854200229,766.818958673568,1.022425278231424,0.0,766.818958673568,1.0,4.060505753671919,0.0,0.5998527001956422,0.9819090239308075
estimator_disconnected,751016,1,disconnected,disconnected,750,-0.008140147952991969,0.0,-0.18124418996995875,-0.4674192739418216,-0.1763490050458374,-0.45178415811392814,-0.004895184924121388,-0.007099008042476096,0.000271476081027162,-0.0008306817340617628,-0.0015747176132669216,-0.0005491410632477761,-0.0020806824514293864,-0.0019438394941970621,0.04051091377535653,0.04085409747417895,0.0,0.0,0.11905821209694652,0.980880883408121,735.0357519794358,0.9800476693059144,0.0,735.0357519794358,1.0,1.031882360381499,0.0,0.06352762792230944,-0.0025342956086595344
estimator_disconnected,751016,2,connected_restored,connected,750,1.5601264826179178,1.6290482690107413,1.4365021578846802,1.1657156963165987,-0.14689393589998995,-0.3916568315489025,1.5833960937846703,1.56978768489773,-0.001101346198868433,-3.3680874916047545e-05,-0.0012652920074734482,-0.0005455759244563391,-0.0002348769781808941,-0.0018730695412567636,1.0285965097309764,0.04365841660798642,0.0,0.0,2.411540455102227,0.9613734199671539,720.4354864968891,0.9605806486625188,0.0,720.4354864968891,1.0,3.266557910207255,0.0,0.5873418818545375,0.9795817475106986
estimator_disconnected,751017,0,connected_initial,connected,750,1.5770172325921745,1.6290482690107413,1.4321148538937918,1.178793267595575,-0.16495812510186914,-0.4084027914226688,1.5970729789956606,1.5891350108752582,-4.9115438210883006e-05,-0.0012478635422758506,-0.001525081325479406,0.0008372053264805333,-0.0015072879580652814,-0.0007298695829028357,1.020800176263521,0.04183781175439973,0.0,0.0,2.2007697197641267,0.9756097284488346,731.3251221063838,0.9751001628085118,0.0,731.3251221063838,1.0,2.8706998146178515,0.0,0.5933122770862896,0.980100388329623
estimator_disconnected,751017,1,disconnected,disconnected,750,-0.010154997449276107,0.0,-0.15090674619918867,-0.43743348726869846,-0.14734659870927472,-0.42626704843744145,-0.0035601474899139528,-0.003013416868372809,-0.0022992908408086825,-0.001330900027211727,-0.0012715004259868032,-0.0013136300647167021,-0.0012119957870813118,-0.0006824371672972036,0.04299932115341645,0.043294969294897186,0.0,0.0,0.10193123194323071,1.0430399599269249,782.6805830280059,1.043574110704008,0.0,782.6805830280059,1.0,1.1821417785626234,0.0,0.0038136393212045805,0.03841014516450354
estimator_disconnected,751017,2,connected_restored,connected,750,1.5608897999753362,1.6290482690107413,1.4107212135219938,1.1342549100880917,-0.1758349418539725,-0.4032403293923974,1.586556155375966,1.5656868867277294,0.0012523280412393978,-0.0014975253737935438,0.0006622676839570364,0.00094179750391659,-0.001581597119484409,0.0002501950565707777,0.9750559139595121,0.040795524504297805,0.0026666666666666666,0.0,2.945864303235104,0.943856974074064,706.9688117098231,0.942625082279764,0.0,706.9688117098231,1.0,3.7922863890824203,0.0,0.5799556291858352,0.9797252880840054
estimator_disconnected,751018,0,connected_initial,connected,750,1.5779235109529886,1.6290482690107413,1.4892992366495903,1.2270242215562062,-0.11972251619068539,-0.3752602433753747,1.6090217528402762,1.5863809001677183,-0.0008509999329554862,0.0040537463255718624,9.284882991773961e-05,-0.0016889736398054893,0.0034694300219417114,-0.0001986373809864256,1.143518703015568,0.04560722833616156,0.0,0.0,3.357100354057247,1.093481178771736,820.0256413416539,1.0933675217888719,0.0,820.0256413416539,1.0,4.690256415255757,0.0,0.5923167170274278,0.9805403780884941
estimator_disconnected,751018,1,disconnected,disconnected,750,-0.004681664577831772,0.0,-0.22383187492277823,-0.508984669147617,-0.22203363234985163,-0.4959882012456205,-0.0017982425729265972,-0.0048322953618232245,-0.0018716099092357167,5.4405160739961155e-05,0.0010907743944317777,-0.001588897936052601,5.2409322551152975e-05,-0.00015498835107780707,0.03710321800807456,0.0372201988769625,0.0,0.0,0.11476631195634741,0.9299201676685289,697.3624541395671,0.9298166055194229,0.0,697.3624541395671,1.0,1.086817876865761,0.0,-0.029676128777289222,-0.05607319576410514
estimator_disconnected,751018,2,connected_restored,connected,750,1.613869030685374,1.6290482690107413,1.4836441639792848,1.232059108220442,-0.15550414488221198,-0.40737567406058317,1.6391483088614969,1.6315115182997908,0.0010543684837043255,-0.0004992376624618597,-0.00027280637856801066,0.001508369212093012,0.00012425330188338223,-0.0007099310598176996,1.1292389207365858,0.04250725907591094,0.0013333333333333333,0.0,2.3851416555679643,1.0886005402544445,815.3618723661424,1.0871491631548564,0.0,815.3618723661424,1.0,3.3959887463663465,0.0,0.5895560349830259,0.9812943709028045
estimator_disconnected,751019,0,connected_initial,connected,750,1.628825775634852,1.6290482690107413,1.4901745913102513,1.1875873977143976,-0.18058715315704527,-0.4023598066097057,1.6707617444672966,1.6399680299989086,-0.0017279293342194765,-0.00037877335135405913,0.0014523700793630564,-0.0007466723598700143,0.0008950768671189547,0.00029489075426847354,1.1461045094637161,0.04058519426941435,0.0,0.0,2.8452797035179973,1.0823402318414146,811.691824707105,1.0822557662761398,0.0,811.691824707105,1.0,3.5717739733384866,0.0,0.5886010987438021,0.9823907877728806
estimator_disconnected,751019,1,disconnected,disconnected,750,-0.00744932903156663,0.0,-0.21597661206307145,-0.45928694584770874,-0.2135532480581479,-0.45638052375912763,-0.0024233640049235224,-0.004798924344963151,-0.0029743927166522603,-0.0015860297595612102,-0.0016049213623383256,-0.001879896486434234,-0.0012839802520590658,-0.0008027617461148387,0.037909741658891924,0.03809902344074534,0.0,0.0,0.11861677654316097,0.9213727587348546,690.3573780948193,0.9204765041264257,0.0,690.3573780948193,1.0,1.1386299695718884,0.0,-0.016435005138918407,-0.058748249395238906
estimator_disconnected,751019,2,connected_restored,connected,750,1.5928066773788623,1.6290482690107413,1.4699213146537926,1.2088936625031002,-0.13686903864023633,-0.3958132399531462,1.606790353294029,1.6009290353309786,0.00014755891696815334,0.0017778897262917621,0.0008350026116599262,-0.0002058206236015991,0.0012109086251534582,0.0015246290683204467,1.1028996006630736,0.04428132360340567,0.0,0.0,2.9363798731422324,1.0494673715809588,786.0757940566477,1.048101058742197,0.0,786.0757940566477,1.0,3.9244528219360353,0.0,0.5942489670315376,0.981136955136157
estimator_disconnected,751020,0,connected_initial,connected,750,1.6168196542831035,1.6290482690107413,1.4695783074066175,1.1731326007610003,-0.18754619410357035,-0.40638929102523974,1.6571245015101879,1.619390438858877,0.0006579398112146217,-5.5022781944611853e-05,0.00025288402136470676,0.0007763162239304986,-0.000612064139229979,-0.00010184978418922969,1.1047518687914943,0.03976576486347576,0.0,0.0,2.97091008520575,1.0788044613248646,808.1078812607045,1.0774771750142726,0.0,808.1078812607045,1.0,3.9767610640232816,0.0,0.5840050705728268,0.9826761785699218
estimator_disconnected,751020,1,disconnected,disconnected,750,-0.010625153066220664,0.0,-0.20516705199443816,-0.45579783652543526,-0.20197163447097205,-0.444954053834268,-0.003195417523466104,-0.0054777712828935066,-0.0018313713691212486,-0.00021218990481544343,-0.0031158893469719106,-0.0018672195318760894,0.0005067594591305583,-0.0026417244542186543,0.03865424347129625,0.03888435151600534,0.0,0.0,0.10726977826231597,1.063402559980674,796.4897404496608,1.0619863205995477,0.0,796.4897404496608,1.0,1.1448124063266698,0.0,-0.014098793604471888,0.007715685011027828
estimator_disconnected,751020,2,connected_restored,connected,750,1.5533841140719717,1.6290482690107413,1.4027332647078126,1.140315952203578,-0.17394184885428346,-0.43150969442418785,1.5766751135620958,1.5609461843655117,-0.001403681811156478,-0.001423365411811219,9.567892677850291e-05,-0.0017271694493108548,-0.002031766722737772,6.495995716465863e-06,0.9650975203556649,0.04103934639955237,0.0,0.0,2.704342568439214,0.9459820459554774,709.2264405728195,0.9456352540970926,0.0,709.2264405728195,1.0,3.374808043349992,0.0,0.580921480996577,0.979109799354181
estimator_disconnected,751021,0,connected_initial,connected,750,1.5831712232857393,1.6290482690107413,1.4558701072678504,1.1677582266373836,-0.1661473963875588,-0.3977913104222582,1.6220175036554094,1.591158204275334,-0.00018816898190793745,0.00011233847486219162,-0.0023354637919232443,-0.0005279814357079817,0.00048400730288196994,-0.0014745034460163459,1.0708097809120243,0.04202682097658164,0.0013333333333333333,0.0,2.672362513181341,0.9981331707825561,748.3232538195098,0.997764338426013,0.0,748.3232538195098,1.0,3.4233932091949106,0.0,0.5883489172639473,0.9817174307822065
estimator_disconnected,751021,1,disconnected,disconnected,750,-0.013173340992746476,0.0,-0.19607853283984605,-0.4731530620959864,-0.18693041692071097,-0.4537801321062835,-0.009148115919135058,-0.007219569115064467,-0.00039293428699780795,-0.0018468240486553334,0.00022370794790159656,-0.0003774411031405604,-0.002330022815226559,0.00015842542568013615,0.0391938790112502,0.039896722508415576,0.0,0.0,0.10549978199422728,1.0120923350933901,758.3417049653322,1.0111222732871095,0.0,758.3417049653322,1.0,1.0770860131585074,0.0,-0.07761871377857248,-0.014896045982744218
estimator_disconnected,751021,2,connected_restored,connected,750,1.5566401004859567,1.6290482690107413,1.422582142046036,1.152129987395437,-0.14755714352303537,-0.40681655648809245,1.5701392855690717,1.5477600722626867,0.0031453977462276676,0.0016325054731697248,0.004089449942420282,0.0019904646990239502,0.0013579667088491937,0.0033444918867617814,1.0015748156312276,0.04346037225164522,0.0,0.0,2.9162995269170024,0.9522591731834829,713.2634159887609,0.9510178879850145,0.0,713.2634159887609,1.0,4.0103290981778885,0.0,0.5817057387840324,0.9789984649447838
estimator_disconnected,751022,0,connected_initial,connected,750,1.609313193645683,1.6290482690107413,1.442114595350311,1.166698403557429,-0.19581371873632974,-0.4229201375627266,1.637928314086641,1.5975581748271546,-0.00010871567289042114,-0.0018878225681092221,-0.001701448145317165,-0.0005263611178863201,-0.0024412232004256567,-0.0015490711506013645,1.0398109256176469,0.039308512470994456,0.0013333333333333333,0.0,2.6495159974952682,0.9969971839805795,746.800728031951,0.9957343040426014,0.0,746.800728031951,1.0,3.565341130310268,0.0,0.5898133782448184,0.9818881463008522
estimator_disconnected,751022,1,disconnected,disconnected,750,-0.007953997357215432,0.0,-0.21208792337012794,-0.48090913869971585,-0.20971765632767772,-0.4885495697497747,-0.0023702670424502266,-0.004532229086832096,3.597770941546571e-05,-0.00010814004555950836,-0.00170412719030604,-0.0002947982211225982,5.526326195713658e-05,-0.001373107375701724,0.03802035593296282,0.03816442483846126,0.0,0.0,0.10635206593913422,1.0130084381990319,759.2690743372586,1.0123587657830115,0.0,759.2690743372586,1.0,0.9876589105592039,0.0,-0.02363301422322235,-0.016441941608555017
estimator_disconnected,751022,2,connected_restored,connected,750,1.5372990795606245,1.6290482690107413,1.4074117655504803,1.1083264822638672,-0.15911999790404088,-0.38659599969124875,1.5665317634545215,1.5154129385744386,7.276866860410136e-05,-0.0002188928350399529,0.0010607512892651723,-0.00034655872536786816,-6.564273080518809e-05,0.0011641340868590402,0.9695457712009281,0.042021586693239535,0.0,0.0,2.2524545632007666,0.9093234210815654,681.2996252273471,0.9083995003031294,0.0,681.2996252273471,1.0,3.476093958199167,0.0,0.5954716947393796,0.9790612132776912
estimator_disconnected,751023,0,connected_initial,connected,750,1.5614242763635,1.6290482690107413,1.4573370380245445,1.1749637602641676,-0.12147985276399337,-0.37542594476951674,1.578816890788538,1.5637559211952252,0.000216183787224955,-0.0017463630715017946,-0.0013515435829425898,-0.0005024571450921237,-0.001539071985774866,-0.0007574626183138659,1.0717408980748726,0.04534531323720443,0.0,0.0,2.701988424124039,1.0333974222996467,776.6860556816289,1.0355814075755052,0.0,776.6860556816289,1.0,4.392065237621389,0.0,0.5876121650605718,0.9792831998514874
estimator_disconnected,751023,1,disconnected,disconnected,750,-0.004721959520086517,0.0,-0.18269832129014169,-0.4544962932160266,-0.18150296553833817,-0.4548604234902561,-0.0011953557518035159,-0.002017170284559666,-0.00152646250763559,0.0009086046157607598,-0.0005166840637265583,-0.0021130046895862157,0.0012153845864006124,-0.0010431040355374979,0.040297977432397825,0.04038558688575192,0.0,0.0,0.13406697869481463,1.0019396597474612,750.9342674049774,1.001245689873303,0.0,750.9342674049774,1.0,1.238180601125947,0.0,0.0029320536279966417,-0.013936968427112036
estimator_disconnected,751023,2,connected_restored,connected,750,1.6020173980292007,1.6290482690107413,1.4575128799638806,1.1733625155680731,-0.18115872266790234,-0.4200761815101549,1.6386716026317834,1.6112029428703711,0.0008261811811825228,0.0005327730625359993,0.0017222469107906833,0.0001813162741003583,-4.601488260357689e-05,0.0004700826540347203,1.072444633587272,0.03993880675276561,0.0,0.0,3.2219601272234977,1.0031776671348673,752.2324049319062,1.0029765399092083,0.0,752.2324049319062,1.0,3.952593884829336,0.0,0.5880389486094172,0.9816185435586076
estimator_disconnected,751024,0,connected_initial,connected,750,1.621010868815362,1.6290482690107413,1.4655570644443967,1.1769756015704198,-0.19177668200642706,-0.4616250940840082,1.6573337464508235,1.6473418515928335,0.0024970827622255104,-0.0007423729419416495,0.0001886279607093808,0.0019681256692417486,0.00030381487376439473,-0.00013038259494612924,1.0914638225635467,0.03934462476607765,0.0,0.0,2.783602669374456,1.062735537712984,796.5456841532655,1.062060912204354,0.0,796.5456841532655,1.0,3.4530351995528585,0.0,0.5780711841418361,0.9823044383892573
estimator_disconnected,751024,1,disconnected,disconnected,750,-0.006684368027650065,0.0,-0.20760091150350937,-0.49959059668415234,-0.20732291612352122,-0.5021665235077566,-0.0002779953799881858,-0.002565344129992264,0.005629607453524539,0.0006903397871974549,-0.0003624056156744256,0.0037401387311922,0.0002060521203988269,-0.00047452931770151176,0.03849773667950221,0.0385680365788465,0.0,0.0,0.08381380077989059,1.0864375584531802,814.6773767028254,1.086236502270434,0.0,814.6773767028254,1.0,1.119402877407922,0.0,-0.004879438778375639,-0.01762595398645792
estimator_disconnected,751024,2,connected_restored,connected,750,1.6281515605530616,1.6290482690107413,1.477338305564051,1.2142563280335206,-0.16376834768634252,-0.42105754956977204,1.6411066532503935,1.62833346149659,-0.0011386744252786605,-0.00032368333846085023,-0.00185923594974847,-0.0007247883497073063,0.000155900391451755,-0.001200565647286207,1.1153692523566703,0.04188036053389196,0.0013333333333333333,0.0,3.155249008149549,1.0595774337295294,795.6047832133804,1.0608063776178405,0.0,795.6047832133804,1.0,4.769689831733639,0.0,0.5898005138273905,0.9818143276796052
estimator_disconnected,751025,0,connected_initial,connected,750,1.558865852075863,1.6290482690107413,1.4468299940806066,1.1819782417976228,-0.16227280248821396,-0.39284293117984215,1.609102796568821,1.5438209308536672,-0.0015871481370867719,0.0024760167042259984,-0.0007078088679682135,-0.000829742835020703,0.0028667386653376983,-0.001417845109249314,1.0499599058502467,0.042075698267495805,0.0,0.0,2.8224517940135625,0.9828836424610703,738.9307668295583,0.985241022439411,0.0,738.9307668295583,1.0,3.323900424418983,0.0,0.5930350011587651,0.9806005822406131
estimator_disconnected,751025,1,disconnected,disconnected,750,-0.007908522752824516,0.0,-0.22587664827475903,-0.5235514592183068,-0.22347869285815272,-0.5058576533238692,-0.0023979554166062788,-0.005453476452767558,-0.0030429992649280363,-0.0009446247445050936,-0.0010085197638366726,-0.002841403762771891,-0.0020245038293021747,-0.0011354058216582158,0.036942643808674284,0.03707247575344125,0.0,0.0,0.11017276641070396,0.986754950447321,739.2667360771119,0.9856889814361491,0.0,739.2667360771119,1.0,1.0434984054618892,0.0,0.02197531004324508,-0.004775072855302114
estimator_disconnected,751025,2,connected_restored,connected,750,1.5690233033563872,1.6290482690107413,1.421182079429203,1.138513960437208,-0.14585777532305272,-0.40015402785509935,1.567039854752255,1.5452023591731634,-0.0026612646108108654,0.0011219277712924023,-0.000672383015466202,-0.0008338563627112542,0.001651295263211187,0.0003857346593026446,1.0005351401704945,0.043186230400498044,0.0,0.0,2.718222744969547,0.9596639941684275,720.0509583088308,0.9600679444117743,0.0,720.0509583088308,1.0,3.298506668337439,0.0,0.6015085179804167,0.9792904602164151
estimator_disconnected,751026,0,connected_initial,connected,750,1.569296433763216,1.6290482690107413,1.4540560128404123,1.190636984696059,-0.1457689059257558,-0.3888547530883706,1.5998249187661677,1.589801528412822,-0.00018354045810124313,0.001076077586954798,0.0018726571814702618,-0.0004416701500515643,0.0002159735424533351,0.0017875181959489564,1.0653951678043314,0.04335471336188855,0.0,0.0,2.9991844684555145,1.0103963666317357,756.9340050852729,1.0092453401136972,0.0,756.9340050852729,1.0,3.9852992116172348,0.0,0.5922490524037894,0.9801135609895483
estimator_disconnected,751026,1,disconnected,disconnected,750,-0.010632357644258699,0.0,-0.18574965971499444,-0.44866882327293717,-0.18211978090948575,-0.4492242579661153,-0.0036298788055086676,-0.006203742354736808,-0.0005854806814277861,-0.0010283556750302078,0.0010155437614080608,-0.001568472521284339,-0.001111746239762442,0.0009515371902619438,0.04013751378557356,0.040468433224743694,0.0,0.0,0.11288613415563176,1.0661793108984146,799.3162472284307,1.0657549963045743,0.0,799.3162472284307,1.0,1.0248408615073263,0.0,0.01612028931104275,0.01471362319118664
estimator_disconnected,751026,2,connected_restored,connected,750,1.6071806214663455,1.6290482690107413,1.479438805941925,1.209059022318465,-0.14816081384991087,-0.39443254090614055,1.6275996197918357,1.6083709263495782,-0.0020394302483344646,-0.0006705570416167018,3.140509321709513e-05,-0.000339148126860113,-0.0009507921886710435,-0.0008689301013434742,1.1217281315920358,0.043221974622156274,0.0,0.0,3.172082605962627,1.0344520748120358,776.2891906407167,1.0350522541876224,0.0,776.2891906407167,1.0,3.697490064326756,0.0,0.5962307917029682,0.9812501879314273
estimator_disconnected,751027,0,connected_initial,connected,750,1.5457022570319856,1.6290482690107413,1.4366597299189097,1.174568255625453,-0.13374293965841652,-0.3643055153397144,1.5704026695773259,1.545376880233114,0.0013033278258196557,0.0022778309480181906,3.356371341402801e-05,0.0011794174821815027,0.0024732540893727915,-0.0012121827587466664,1.0340240616030871,0.04418930819940863,0.0013333333333333333,0.0,2.6346296681838477,0.9804834709922695,734.8272515667737,0.9797696687556983,0.0,734.8272515667737,1.0,3.3238488789943275,0.0,0.590666550889404,0.9791831038494582
estimator_disconnected,751027,1,disconnected,disconnected,750,-0.004945236965943605,0.0,-0.19286965256461902,-0.46693466476601075,-0.19251781181700459,-0.47674304821499014,-0.00035184074761443896,-0.0036908993435134374,-0.00253155206541184,-0.003312040195153061,-0.002122482120701283,-0.0013288670712397839,-0.0018764306739313286,-0.00266485667950751,0.03955195453179536,0.0396098779860978,0.0,0.0,0.11107428749505335,1.0128115646160665,762.2765153514945,1.016368687135326,0.0,762.2765153514945,1.0,1.004769465061051,0.0,-0.013815818797848179,0.04399480894921895
estimator_disconnected,751027,2,connected_restored,connected,750,1.63549036338305,1.6290482690107413,1.459694570632412,1.1965092332972664,-0.19263805869825457,-0.432819425025881,1.652332629330666,1.6332296984821326,0.00040439698761208473,0.0013345347401559958,7.01451713595076e-05,0.001159839992808957,0.000961377056952176,0.00047597681654635996,1.0801282947655326,0.03956452695162047,0.0,0.0,2.679487554130258,1.028277114049645,770.3919817537907,1.0271893090050543,0.0,770.3919817537907,1.0,3.4459100737748365,0.0,0.5880332059798338,0.9823750976563914
estimator_disconnected,751028,0,connected_initial,connected,750,1.5416032826503012,1.6290482690107413,1.4588239260898996,1.1872235484268052,-0.13251810659292418,-0.3880444209840166,1.5913420326828243,1.5764092692252283,0.0012323313751201855,-0.00024803173626782726,-0.0007641468733652384,0.0003323463120516254,-0.0004306232599106204,0.0001505753869269139,1.079575665875425,0.044718913669557596,0.0,0.0,3.4243920928732883,0.9960330739810852,746.2110628507023,0.9949480838009365,0.0,746.2110628507023,1.0,4.506762739381126,0.0,0.5906786624692555,0.9807384191397388
estimator_disconnected,751028,1,disconnected,disconnected,750,-0.008357125297323745,0.0,-0.1594193392351198,-0.4088660952776367,-0.1570155589715729,-0.4042321757923335,-0.0024037802635468834,-0.004078431308738362,-0.0007716769806360624,0.00044749959825751993,0.001555425660712665,-0.0004683554561213408,-0.0005555890008434101,0.0004950816795679098,0.04232531369320517,0.042454891027569164,0.0,0.0,0.10818313567577999,1.0135870043154542,760.3538181521843,1.013805090869579,0.0,760.3538181521843,1.0,1.1584278108092303,0.0,0.05085957212915413,0.0020751711824838143
estimator_disconnected,751028,2,connected_restored,connected,750,1.5628243024451094,1.6290482690107413,1.421522604906024,1.163845400839599,-0.15675510152004865,-0.42479009790864536,1.5782777064260725,1.5698454301165365,0.0012889289131509235,0.003850798932770349,0.0009999170415231576,0.0009950036969409001,0.002774498201120177,0.0020700932734019494,1.0005813536349621,0.04229006880190862,0.0,0.0,2.59319521825267,0.9621578232510952,720.6815608697798,0.960908747826373,0.0,720.6815608697798,1.0,3.7836855699801504,0.0,0.5933664189466353,0.979272378938645
estimator_disconnected,751029,0,connected_initial,connected,750,1.6013310377719512,1.6290482690107413,1.4474867104500706,1.1653000664132078,-0.21435687508487924,-0.42734249988574663,1.6618435855349496,1.617776155940095,0.0007100410313443546,-0.0007076331416368652,0.000162276700059786,0.0009655515532842737,-0.0007376165776294547,0.000598144830770177,1.0520042532922114,0.03765651527265529,0.0,0.0,3.285297422233664,0.9953710597632708,745.5811131523159,0.9941081508697545,0.0,745.5811131523159,1.0,4.221324987622666,0.0,0.591856667726901,0.9826661199807342
estimator_disconnected,751029,1,disconnected,disconnected,750,-0.011977568754889242,0.0,-0.16683229316642856,-0.4041608534432034,-0.16463338432733118,-0.412671142187955,-0.0021989088390973917,-0.004287743938956756,-0.00018591654668182638,0.0007298875016179413,-0.0008711603951377184,-0.0010066576819194302,0.00031708917439733544,-0.0009351495259947373,0.04167750320956388,0.041929470116332634,0.0,0.0,0.11771943954821305,0.9860232046187709,741.7430815594562,0.9889907754126083,0.0,741.7430815594562,1.0,1.1097440437470376,0.0,0.0018083797725751696,0.03183910963929801
estimator_disconnected,751029,2,connected_restored,connected,750,1.5671012494690073,1.6290482690107413,1.4679616379194687,1.1762439084077916,-0.14453929900628135,-0.39613368447112535,1.6125009369257495,1.5806451145228282,-0.000630182963737725,0.00025351186072850246,0.0009292933687029261,-0.00025071867034660373,8.844820428609938e-07,0.0008260830819373894,1.096934500381748,0.04368281957371251,0.0,0.0,2.9826842979500086,1.0413350026755692,780.7844953055671,1.0410459937407561,0.0,780.7844953055671,1.0,4.384571283236391,0.0,0.5936878970373596,0.9809663556165337
estimator_yoked,751000,0,connected_initial,connected,750,1.5766312537565288,1.6290482690107413,1.4628616794581466,1.206520936231038,-0.1387498021684506,-0.41882869240240206,1.6016114816265972,1.5919336712869685,0.00010811743953118125,0.00037107509263037354,-0.0025441491818667837,0.0002185031699119692,0.0006616103194382206,-0.0024474910499372162,1.0857232780511676,0.04377412478625041,0.0,0.0,3.120908347699488,1.0338927597150718,774.3859684714105,1.0325146246285473,0.0,774.3859684714105,1.0,4.13427222505579,0.0,0.5897360599821847,0.9804123754108309
estimator_yoked,751000,1,yoked,yoked,750,-0.003475233395172768,0.0,1.4417816264832068,1.177673325613589,1.4448832163752119,1.1777898196631613,-0.00310158989200479,-0.002344660260260978,-0.0009374995203772099,-0.0015504457550564361,-0.0008074653445577713,-0.0019431411405080071,-0.0018647750171628477,-0.0015862943101373967,1.039002996114414,1.0450515292057831,0.0,0.0,2.720760475086892,0.9611459599225264,722.3133240974604,0.9630844321299472,0.0,722.3133240974604,1.0,3.278381350396284,0.0,-0.010177356906825946,-0.005709027147031074
estimator_yoked,751000,2,connected_restored,connected,750,1.5811437858143305,1.6290482690107413,1.4332328153510019,1.1839388365674777,-0.1641500813391089,-0.4279922071633062,1.597382896690111,1.5994827471128314,-0.00021068624282019973,-0.0019312190619279388,0.0005586035654902748,-0.0009541125368530471,-0.0013916477462379948,0.00029616315992955186,1.0236232618963859,0.041744002479342256,0.0,0.0,2.650172001023226,0.9790591505300253,733.3185950007186,0.9777581266676247,0.0,733.3185950007186,1.0,3.6629415330720563,0.0,0.5728209782666126,0.9800761244715714
estimator_yoked,751001,0,connected_initial,connected,750,1.5813248199350067,1.6290482690107413,1.4525732866866863,1.1852766891075506,-0.16398021418325923,-0.417927689456445,1.6165535008699456,1.601158545436013,1.6936970101339542e-05,0.0028713754125396537,0.0012631327807080726,0.000980940858154623,0.002213570926869676,0.00031427323006620047,1.063686144440288,0.04211948244683263,0.0,0.0,2.645683000037368,1.0210517452613292,764.8311833787925,1.0197749111717234,0.0,764.8311833787925,1.0,3.662039179197894,0.0,0.5851806435349451,0.9806491411839658
estimator_yoked,751001,1,yoked,yoked,750,0.0006978508920777757,0.0,1.4789502008951962,1.1937320045360456,1.4781894333319752,1.2025491927236764,0.000760767563221211,0.0012879531718686388,0.0015617556293615446,0.0012207328866572999,0.00030145556248330685,0.0005628063637284724,0.0003976488481697776,0.00030478262437342235,1.1207910744820755,1.1189247666784954,0.0,0.0,3.5320755888054385,0.9654050933853803,723.4339359341454,0.9645785812455272,0.0,723.4339359341454,1.0,4.495365963826271,0.0,0.02013771189982092,0.03179232387844053
estimator_yoked,751001,2,connected_restored,connected,750,1.5488712895617234,1.6290482690107413,1.4288063508203892,1.1483630669128855,-0.15473360270084005,-0.40178386537055955,1.5835399535212291,1.544260403614989,0.004404662728426262,-0.0010843507305881156,-0.0007617265495504254,0.0036749267142669826,-0.0006847942821400291,-0.0011105962782262035,1.0140675886823765,0.042645287423390923,0.0,0.0,3.1049689506463634,0.985383805802098,740.44298620269,0.98725731493692,0.0,740.44298620269,1.0,4.633061142639538,0.0,0.5952438465803527,0.9794916366824521
estimator_yoked,751002,0,connected_initial,connected,750,1.595048019684134,1.6290482690107413,1.4452404626171071,1.1647957982869683,-0.18620994400568908,-0.4180265139782229,1.6314504066227964,1.6152182993309459,-0.0013102918130392723,-0.00134685986211436,-0.000735315056652992,-0.000836271671878411,-0.0018934074372489768,-0.0001590549812640205,1.0479397646768815,0.03998171195357173,0.0,0.0,2.8650116806319192,1.0012673529828036,750.0807826596238,1.0001077102128317,0.0,750.0807826596238,1.0,3.801478589548077,0.0,0.5883866569138938,0.9814122187806391
estimator_yoked,751002,1,yoked,yoked,750,-0.003635881071945032,0.0,1.4248545040963794,1.1666313874545304,1.424554933918536,1.1595618469833657,0.0002995701778430511,-0.002477445451380733,0.0011043107228811812,0.0005807722549387248,0.0016030871333896682,0.0007991099971319583,0.0005955330183917598,0.0016574302855390144,1.0092718055753367,1.0096730597701096,0.0,0.0,2.813470781216379,1.0830284242241064,812.9908233658584,1.0839877644878113,0.0,812.9908233658584,1.0,4.103711350838592,0.0,-0.04709315060071571,-0.02571176770946631
estimator_yoked,751002,2,connected_restored,connected,750,1.6270662206519364,1.6290482690107413,1.4659763833325878,1.1922578655584708,-0.19129793634406617,-0.40469202038767127,1.657274319676654,1.6454429912800195,0.001790789200071882,0.0014070188561622447,0.0004084142706445757,0.002279553238970147,0.0014597501059739496,0.00041872692695294795,1.0904570356561678,0.039615852972204456,0.0,0.0,3.2050903343325334,1.0519475678601171,788.4749836817575,1.0512999782423433,0.0,788.4749836817575,1.0,4.368497383059786,0.0,0.5861893896102051,0.9821479220454926
estimator_yoked,751003,0,connected_initial,connected,750,1.6033708414190708,1.6290482690107413,1.4595764541315257,1.2077316446301583,-0.15700503381367606,-0.41687894052119867,1.6165814879452016,1.6393156869211392,0.0022127327393286567,0.002045061441347745,0.0006850177219947882,0.0025220146968808112,0.0015634794020929672,0.001030372030688206,1.0829511658631232,0.042586058669584086,0.0,0.0,3.0662625000861294,1.0306211977660367,772.1852246915719,1.0295802995887624,0.0,772.1852246915719,1.0,3.9182950525010227,0.0,0.5745514768160896,0.9809886388393946
estimator_yoked,751003,1,yoked,yoked,750,-0.001770361692828434,0.0,1.4500145362207177,1.1660867899913034,1.451307190658125,1.175011167667943,-0.0012926544374073834,-0.0022813928086971025,-0.0015205076728454004,-0.0034873854632170645,0.0007139838996667688,-0.0011544328829774801,-0.0019333650120928467,0.0006727659472755043,1.0622134849974012,1.0647682021179943,0.0,0.0,3.322969362626339,1.0520580718512724,788.2318855041672,1.0509758473388895,0.0,788.2318855041672,1.0,4.1842180746526125,0.0,-0.023248506401510244,0.004572302883246338
estimator_yoked,751003,2,connected_restored,connected,750,1.5421111630725615,1.6290482690107413,1.442237826466193,1.1813011210850486,-0.12777999430107945,-0.3748795227653454,1.5700178207672726,1.5541266891525332,0.0006191535534981955,0.00022592899801654657,-0.002477753466474657,0.00080728672247919,0.001088621223452003,-0.002553438690163706,1.0435432479172964,0.04523940676687143,0.0,0.0,2.5096623987910416,0.9729518806430051,730.6385815751107,0.9741847754334809,0.0,730.6385815751107,1.0,2.958619144738249,0.0,0.5997326531852336,0.9786703419779166
estimator_yoked,751004,0,connected_initial,connected,750,1.5687351172907795,1.6290482690107413,1.4692504599000222,1.1931587090924922,-0.1294348754338912,-0.37545481329797326,1.5986853353339132,1.5750397166661014,-0.000626526010038068,-0.0016761762618859575,-0.0008122209839324964,-0.0005718811086302397,-0.0022327463959738877,-0.00045230627925759223,1.0943603838500449,0.04494498593202603,0.0,0.0,2.959341549412118,1.0168870125903349,761.6964849746487,1.0155953132995317,0.0,761.6964849746487,1.0,3.9705357906339485,0.0,0.5884133451098124,0.9802665166003197
estimator_yoked,751004,1,yoked,yoked,750,-0.0009623848637336209,0.0,1.4800487930075312,1.2073118707875645,1.479860140036817,1.2112491694142165,0.0001886529707137742,7.559906926257742e-05,0.0017439819742346957,0.00245737026380062,-0.0007223758347754431,0.0009355397233346574,0.0029154883098940613,-0.0006312468885343698,1.1184747491317197,1.1183004551763747,0.0,0.0,2.9836479705185033,0.9856171074505796,739.1904090115634,0.9855872120154178,0.0,739.1904090115634,1.0,3.707015598147891,0.0,5.73821886689267e-05,0.0033313847340032195
estimator_yoked,751004,2,connected_restored,connected,750,1.570458156646659,1.6290482690107413,1.4245350573896374,1.149604415487185,-0.15169767557014177,-0.4463001632853306,1.5762327329597792,1.5634890806415007,-0.0010902635686909704,-0.0011412181938204654,0.0005961748800912814,0.0006092210929824989,-0.0005397955927785528,0.0019063037276032075,1.0015885024363518,0.04276394121622459,0.0,0.0,2.7117833338268578,0.9458072140185708,708.7007055959402,0.9449342741279203,0.0,708.7007055959402,1.0,4.003215941503567,0.0,0.5964896061790456,0.9788079438698342
estimator_yoked,751005,0,connected_initial,connected,750,1.5655672283500632,1.6290482690107413,1.4204030452348,1.166551174365055,-0.15433139571014456,-0.4230733900398963,1.5747344409449446,1.5786669182929134,0.0001593209749159687,-0.0016273896937147624,0.001200944560354055,-0.0005022553956076379,-0.0016192082621832107,4.4242570616350876e-05,0.9981563291980777,0.0426178911039149,0.0,0.0,2.7558100265730037,0.9669787982488338,724.7848433747735,0.9663797911663646,0.0,724.7848433747735,1.0,3.9583482578690727,0.0,0.5818052591434076,0.9791018866438131
estimator_yoked,751005,1,yoked,yoked,750,0.0014702744263990907,0.0,1.4527523523245878,1.1806009567564844,1.4499904221934552,1.1788576969759448,0.0027619301311327025,0.0015964932987326819,0.003471478420481193,-0.00021963487842343796,0.0006995297602397936,0.0017811477893840237,-0.0007187376929097403,0.0009726558734279222,1.0619954242574132,1.0562329675877613,0.0,0.0,2.589268978318662,0.9879051496281385,743.0090602738901,0.9906787470318534,0.0,743.0090602738901,1.0,3.4732456675277765,0.0,0.041494826259803635,0.06509663846804875
estimator_yoked,751005,2,connected_restored,connected,750,1.57934871422884,1.6290482690107413,1.4517821703888694,1.163133256686136,-0.16887661732678033,-0.4079042802786764,1.6206587877156495,1.6024253408515894,-0.0018693115531194368,-0.0031760042563499483,-0.0020661961051298165,-0.001353952579671267,-0.00211584751304265,-0.0015653132111913169,1.055488963902323,0.04141476050728428,0.0,0.0,3.233408083945678,0.9913751871507382,743.6951390668867,0.9915935187558489,0.0,743.6951390668867,1.0,3.8475285918755975,0.0,0.5824992598571772,0.9811536263676814
estimator_yoked,751006,0,connected_initial,connected,750,1.629524059232656,1.6290482690107413,1.5152975313582817,1.2209048954962014,-0.13077136988440494,-0.41945822670697636,1.6460689012426868,1.6204267615877181,0.0008879132439518196,-0.0008026650955295865,0.004311275594448043,0.000826997451045533,-0.0008049962039093792,0.00488790765502409,1.2031970037828401,0.04463966893648552,0.0,0.0,3.531845945473187,1.1208042032568508,839.5124958920853,1.1193499945227805,0.0,839.5124958920853,1.0,4.302216461439074,0.0,0.5876825765671329,0.9817204537522431
estimator_yoked,751006,1,yoked,yoked,750,-0.000997711085795353,0.0,1.4419731779471725,1.1525941197204923,1.4446986032333105,1.1535887908997537,-0.0027254252861379545,-0.0014703247378236584,0.0007894821462177814,0.0016192393804103252,-0.001997071298016182,0.0007939234840104376,0.001334321982525665,-0.0011325659221235718,1.0385956936784275,1.0439020774169712,0.0,0.0,3.252640855389381,1.0929644796974798,820.5461598903034,1.0940615465204047,0.0,820.5461598903034,1.0,4.536736508401377,0.0,-0.012340839646698609,0.013770959774899396
estimator_yoked,751006,2,connected_restored,connected,750,1.5347450809436656,1.6290482690107413,1.4080901734780324,1.1727201515330923,-0.15061693973239781,-0.37707407274962135,1.5587071132104302,1.5330663185131292,0.002696769831959894,-0.00035343943042288087,-0.001820403493796234,0.0023561563237887483,0.0003356733344074902,-0.0026770912034790937,0.9804770116127496,0.04285209769635531,0.0,0.0,2.5264451722338714,0.9537436444055549,714.3580778426845,0.9524774371235792,0.0,714.3580778426845,1.0,3.473874459117086,0.0,0.5816034541747748,0.978811821877062
estimator_yoked,751007,0,connected_initial,connected,750,1.6433850454979013,1.6290482690107413,1.4567696360998046,1.2054865908920895,-0.2104229905514383,-0.47540050490004626,1.6671926266512425,1.6714388012758925,-0.000926889018267171,-0.0003708118158508717,-0.0012979099831500957,-0.0016649461524398117,-0.0002241279467557097,-0.0023084700998343695,1.0688593403297217,0.03811915125944693,0.0,0.0,2.654141163133987,1.0452464241787796,784.3253530848425,1.0457671374464568,0.0,784.3253530848425,1.0,3.270097012163658,0.0,0.5908602450395701,0.98322619244152
estimator_yoked,751007,1,yoked,yoked,750,-0.003842325649081674,0.0,1.505273735025149,1.2571718459846886,1.5070579416741894,1.2535401990371047,-0.0017842066490400767,-0.0014702182723665413,-0.001103292781491868,-0.000469313298423245,1.5096384017058225e-05,-0.0005378955537778208,7.505466042871274e-05,0.0005756603184514662,1.179678555109218,1.1836962110979374,0.0,0.0,3.041959976923676,0.9683138255825265,725.2694408701955,0.9670259211602606,0.0,725.2694408701955,1.0,5.034226142351459,0.0,0.003294612106047172,0.008629871089258912
estimator_yoked,751007,2,connected_restored,connected,750,1.6097976989761746,1.6290482690107413,1.442234688947477,1.1864460547999574,-0.19956591327041096,-0.46720471710632894,1.641800602217888,1.6447876654615006,0.002650013988747977,0.0018967817940433805,0.0019071595866480757,0.001974595579670184,0.0009534223185157143,0.0012498140727062743,1.0454390863367724,0.038647705586435176,0.0,0.0,2.5347441642998914,1.017579065207588,762.2425175408288,1.016323356721105,0.0,762.2425175408288,1.0,3.5930498361540617,0.0,0.5862731261328126,0.9814225496189233
estimator_yoked,751008,0,connected_initial,connected,750,1.570237743920438,1.6290482690107413,1.452539648380298,1.1969260494567637,-0.14732925754783513,-0.3866696149655742,1.5998689059281332,1.5869091902808035,-0.0034463042295297553,-0.0015481554724683395,-0.0009467013457307392,-0.0031276527125246225,-0.0009518521033620075,-0.0017795487454028442,1.0631310285287319,0.043284769879989145,0.0,0.0,2.978033800477146,0.9986802095804032,748.0746565682766,0.9974328754243689,0.0,748.0746565682766,1.0,4.018180136501201,0.0,0.5944877041573754,0.9804033833547365
estimator_yoked,751008,1,yoked,yoked,750,-0.008401155052594193,0.0,1.4147341169852965,1.1728425954731074,1.421352266071431,1.1802787581082523,-0.006618149086134473,-0.005628169378825987,-0.00039422603704606805,-0.00018820766605661914,0.0004817524215338341,-4.052281457022662e-05,-0.0006525944892873377,0.0010286220838181895,0.9878787245737185,1.0007773902632784,0.0,0.0,2.824969332804716,0.9763738855199005,731.4105439140812,0.9752140585521083,0.0,731.4105439140812,1.0,3.709993039093159,0.0,0.018178463405103675,-0.05218895062053939
estimator_yoked,751008,2,connected_restored,connected,750,1.607417352443977,1.6290482690107413,1.4329568266928896,1.1854013015617815,-0.21219252284101603,-0.4442913347669833,1.6451493495339056,1.6252974153723527,-0.0007652065202760436,0.00023093990172562905,-0.0019340791648452898,-0.0009975301621454335,-0.0008142996944847965,-0.002138175584306926,1.020155059659184,0.03754891545233393,0.0,0.0,2.538620487948027,0.9761789518538395,737.425768253338,0.9832343576711173,0.0,737.425768253338,1.0,4.591040816330166,0.0,0.5941716577185283,0.9818920401308164
estimator_yoked,751009,0,connected_initial,connected,750,1.6499499329743696,1.6290482690107413,1.4593150345044512,1.1609842568289905,-0.22213131793987054,-0.4763861459295956,1.6814463524443215,1.6627571068638871,-0.0016307290486310979,0.0010246414139565326,-0.0006910181710602323,-0.0031048075013687944,0.0008295184967209093,-0.0011285037935830928,1.0767409618454318,0.037116167693298945,0.0,0.0,2.666023994208398,1.0498378696339368,787.4495852346172,1.0499327803128229,0.0,787.4495852346172,1.0,3.288576843042533,0.0,0.5889924342186498,0.9832212328952561
estimator_yoked,751009,1,yoked,yoked,750,-0.0015094270485958355,0.0,1.458032350020936,1.197139168444704,1.4565982611631696,1.1961551697377788,0.0014340888577666186,0.000209256286069881,0.0007220659759419735,0.002051686524358128,0.0031935382757581235,5.69859051601435e-05,0.0013826367523089255,0.0023302142466573024,1.0724741261761084,1.0691471464501916,0.0,0.0,2.8796953386687854,0.9686692609225428,725.5872257801188,0.9674496343734917,0.0,725.5872257801188,1.0,3.8872658588765554,0.0,-0.05551501295154787,-0.04382897103705159
estimator_yoked,751009,2,connected_restored,connected,750,1.581108524393537,1.6290482690107413,1.4373174585400854,1.1783162640755425,-0.17116242650800723,-0.40617276564785876,1.6084798850480926,1.6032271507296059,-0.0005758447140238385,0.00020217844447395627,-0.0011705659563507973,-0.0003281047891572236,0.0004203010877507005,-0.0005867876624275179,1.0307632867892345,0.04093738157086897,0.0013333333333333333,0.0,2.6331544519353636,0.9698480433588509,726.9284465394935,0.9692379287193247,0.0,726.9284465394935,1.0,3.92056343044181,0.0,0.5918746929790303,0.9809910835044556
estimator_yoked,751010,0,connected_initial,connected,750,1.5873640251596208,1.6290482690107413,1.462494827939232,1.2119659643950076,-0.16036627531954958,-0.3896613531122428,1.6228611032587814,1.5964847312436459,-0.0003493011882553,-0.0028922475545163796,0.0004958397050582368,-0.0011164319548728032,-0.0024936322556329445,-0.0005753800485766471,1.0881890489275456,0.042004449514746994,0.0,0.0,2.8329734258720545,0.997796193621211,755.1083229807068,1.006811097307609,0.0,755.1083229807068,1.0,5.0254591209510675,0.0,0.5855084434290323,0.981309674762936
estimator_yoked,751010,1,yoked,yoked,750,0.001494629436156132,0.0,1.4975333479538446,1.2242723133360038,1.4941414238017914,1.2226504774275964,0.0033919241520530383,0.0019345442503235777,0.002167344514221613,0.0008754855127177136,3.837238407904309e-05,0.002315775968820204,0.0007611353121822758,0.001361672209056522,1.162075110593022,1.1544560434931213,0.0,0.0,3.258122253399701,1.0272882919288309,773.9429907848894,1.0319239877131858,0.0,773.9429907848894,1.0,4.619067384863156,0.0,0.049427740581520545,0.05873019974270287
estimator_yoked,751010,2,connected_restored,connected,750,1.5698336924102134,1.6290482690107413,1.4479360223071884,1.1687417199431445,-0.1637800335784701,-0.3777284187479818,1.6117160558856585,1.572153500575462,8.681781495281892e-05,-0.001835435215717278,0.0013484635227614579,0.00042211031284061806,-0.0014671563685521231,0.001412876886270531,1.0521115166395647,0.04194519736418436,0.0,0.0,3.217617561900021,0.9823465430161146,739.1571789342247,0.9855429052456329,0.0,739.1571789342247,1.0,3.660905870291373,0.0,0.6035649130468359,0.9806735965224165
estimator_yoked,751011,0,connected_initial,connected,750,1.6263932182527332,1.6290482690107413,1.4745824087855979,1.1978934566740604,-0.16507937520074284,-0.39580885352612083,1.6396617839863408,1.6293151245261401,0.0028857731752732403,0.00011475973648779206,-3.1448512331300195e-05,0.004013938591371635,0.00038859430518864164,-0.000871424555122234,1.10797366259947,0.04179774807589779,0.0,0.0,3.1162464903017284,1.0323418146338887,774.1162331250177,1.0321549775000236,0.0,774.1162331250177,1.0,4.563211820744826,0.0,0.5913236959201749,0.9814596044669657
estimator_yoked,751011,1,yoked,yoked,750,-0.001991669570125671,0.0,1.4731386959751167,1.1879072083969462,1.4735978094702107,1.1961384081550328,-0.0004591134950943387,-0.00042665939616370885,8.13500863927555e-05,-0.0015468943065709547,0.0019793440623757795,0.0006558048693284225,-0.0011114754072970882,0.002267129643310609,1.1073520194355062,1.108945079581602,0.0,0.0,2.933656604766314,0.9540035035714823,714.7575620961634,0.9530100827948845,0.0,714.7575620961634,1.0,4.2073747928109375,0.0,0.008070772993989658,0.012992125191142054
estimator_yoked,751011,2,connected_restored,connected,750,1.618952346179835,1.6290482690107413,1.4839324880428193,1.2329889255982325,-0.1553966178940842,-0.397400271141572,1.6393291059369033,1.6131932186823215,0.0012975205074096244,-0.0016810168534044992,0.00019856722984509925,0.0004961017463725731,-0.0013987753787077309,0.000401002228379538,1.1319195693292246,0.042463260979660765,0.0,0.0,3.4217344903716627,1.0833645143834167,812.9485762740616,1.0839314350320821,0.0,812.9485762740616,1.0,4.869186415832441,0.0,0.5912287716761465,0.9817676707649865
estimator_yoked,751012,0,connected_initial,connected,750,1.5916741460245305,1.6290482690107413,1.4394734958309787,1.1620398127693792,-0.17542622029338373,-0.43952233216418957,1.6148997161243628,1.6010896638026701,0.002322151524650628,0.000289466921397833,0.00017066394173459128,0.0017679954045598774,-0.0002716148204451251,0.00016408435739311946,1.0319522687100753,0.040614462152829184,0.0,0.0,2.7431987483836315,0.9952922948844083,745.627289342099,0.9941697191227986,0.0,745.627289342099,1.0,3.696963159920136,0.0,0.5833043921107662,0.9805730657547775
estimator_yoked,751012,1,yoked,yoked,750,-0.0014121271534899733,0.0,1.472653603208883,1.2391543522394486,1.4731505586593903,1.2434444008407008,-0.0004969554505071451,-0.0011330878541965794,0.00195510796126909,0.0005718471948925474,0.002346945322770231,0.0034545769578099308,0.0012528680541357108,0.0017431075240131406,1.120820942444937,1.1220002991337885,0.0,0.0,3.051319263503506,1.0065519217982282,753.9231847307803,1.0052309129743737,0.0,753.9231847307803,1.0,4.593732840148765,0.0,0.02471870440026178,0.04609970709547211
estimator_yoked,751012,2,connected_restored,connected,750,1.6242080562088752,1.6290482690107413,1.44885442365274,1.2008873423477269,-0.19018956624110603,-0.41622903254330706,1.639043989893846,1.6292553586941825,0.0019343821103339882,0.0005719132804972386,0.0015378412363702305,0.0012226202078334013,0.0008770824718612645,0.000961269814645027,1.0599436580626451,0.03970014239364903,0.0,0.0,2.3880905419447442,1.0008006420436253,750.9228409801519,1.0012304546402027,0.0,750.9228409801519,1.0,3.7401147182454055,0.0,0.5857688553324286,0.9815331051716157
estimator_yoked,751013,0,connected_initial,connected,750,1.555262687041623,1.6290482690107413,1.3919305023815784,1.1219026174352025,-0.19683688655592774,-0.42560632424906897,1.5887673889375062,1.5843141310738311,5.3900563400924495e-05,0.0011530107078760693,0.0004241706251052365,-0.0008744942551474063,0.00032264546628626983,-0.00029852286527981293,0.9390775912100902,0.038836336487313765,0.0013333333333333333,0.0,2.453508267080967,0.8980275803718695,672.6276672478618,0.8968368896638158,0.0,672.6276672478618,1.0,3.395430011178114,0.0,0.5952206758274131,0.9794675455291433
estimator_yoked,751013,1,yoked,yoked,750,-0.0009400927820330646,0.0,1.431414566630028,1.1330701024999559,1.4314416779187995,1.1338349805696226,-2.7111288771830556e-05,-0.0007263191070058239,-0.0010313467501586351,-0.0027807665861474796,-0.00031483571625469777,0.0006279203922440122,-0.002331165034293545,-9.520929758692062e-05,1.0161110465003598,1.0160961691878927,0.0,0.0,2.8466889536319173,0.9466552839878516,710.3323414901934,0.9471097886535912,0.0,710.3323414901934,1.0,3.977686638620975,0.0,-0.0014709376187917076,-0.022096639795633866
estimator_yoked,751013,2,connected_restored,connected,750,1.588270487397529,1.6290482690107413,1.4115561395129523,1.1409797192597741,-0.20024597526134152,-0.4708954464794627,1.6118021147742942,1.6058054246131752,0.0006770890853774622,0.0010771061877767648,0.00117807512862644,0.0004534005656270123,0.0010038434917352588,0.001283670641160207,0.982998553681164,0.038739103591216725,0.0,0.0,2.8204108963345735,0.9276036307910491,694.8785286195161,0.9265047048260215,0.0,694.8785286195161,1.0,3.858536755130908,0.0,0.5846041985940275,0.9806674508661596
estimator_yoked,751014,0,connected_initial,connected,750,1.5457237950138354,1.6290482690107413,1.4418089981597308,1.1526184681374214,-0.12719607234555153,-0.3831529695548158,1.569005070505282,1.5550906375503861,6.807891663653216e-05,-0.0004945664241752816,-0.0011982555064301735,-0.00027808647027595455,-0.0008965960205343635,-0.001884510506248582,1.0401516876282242,0.044932837027375674,0.0,0.0,2.7218951612283906,0.9953615651289701,747.7721853930303,0.9970295805240404,0.0,747.7721853930303,1.0,4.309564555249364,0.0,0.5913014927829214,0.979119311945983
estimator_yoked,751014,1,yoked,yoked,750,-0.0031989473341848935,0.0,1.425486395514142,1.1805814757945843,1.4263519861322471,1.1824471608804616,-0.0008655906181053463,-0.002639923249862619,-0.0005621669373272101,-0.002806677201650075,-0.0031890561167948793,-2.9400083547495016e-06,-0.002526124312450302,-0.0034691693568181976,1.0069463618195145,1.0081913654831867,0.0,0.0,2.529795949261616,1.0143137994756461,760.3695372233959,1.0138260496311946,0.0,760.3695372233959,1.0,3.5577767525397452,0.0,0.03847163108153208,0.02899179669261428
estimator_yoked,751014,2,connected_restored,connected,750,1.586767817945038,1.6290482690107413,1.4559907919068265,1.1745978659928245,-0.14036501256092457,-0.4206423939316625,1.5963558044677508,1.6027187451286473,-0.0007819315387823071,4.7614615860925484e-05,-0.0003314035849500357,-0.0006316212879162786,-8.891571660679625e-05,-0.000534555623800484,1.0726503469833342,0.04378018892484348,0.0,0.0,2.548276598841392,0.981327511306085,737.5042592334881,0.9833390123113175,0.0,737.5042592334881,1.0,3.010548682042073,0.0,0.5845276054926101,0.9802930273320299
estimator_yoked,751015,0,connected_initial,connected,750,1.5723896287087342,1.6290482690107413,1.419388293762924,1.1282616434737802,-0.184192862940763,-0.4612319651189286,1.6035811567036875,1.5800049821882993,-0.001921236516304164,-0.0011756764611734756,0.0014351429354056246,-0.001468541048695164,-0.0012366769245300178,0.0007585175399909154,0.9941951424610304,0.04004470611201721,0.0013333333333333333,0.0,2.3368671675268935,0.943285130024678,706.6360886807961,0.9421814515743948,0.0,706.6360886807961,1.0,3.2606927676970154,0.0,0.5917929870126915,0.9807806018723365
estimator_yoked,751015,1,yoked,yoked,750,-0.0020194336806589617,0.0,1.4724742769955552,1.1945602713808345,1.4731918458839324,1.1964948324387128,-0.0007175688883768337,-0.002025037374770333,-0.0016260812744269958,-0.0008462552320448365,0.0020014447351002253,-0.0013652971867780064,-0.0005651218040033191,0.0010502920981795862,1.1034171737981,1.1051713714726943,0.0,0.0,2.6351709017938876,1.080504148324569,809.3392223477222,1.0791189631302962,0.0,809.3392223477222,1.0,3.3235388079178736,0.0,-0.021608872948213457,-0.03679002691199384
estimator_yoked,751015,2,connected_restored,connected,750,1.6344501317924007,1.6290482690107413,1.4535852613982667,1.1952631164671441,-0.21309292616171904,-0.47253316515478544,1.6666781875599856,1.6501390124196669,-0.0045387322983065645,-0.0010773668737740687,0.0003650011516469823,-0.0030398816842529255,-0.0008442493503751196,0.0008020511138553575,1.0635853013433614,0.03727729045826768,0.0,0.0,3.0446703250542786,1.018522398391984,763.0549868556087,1.0174066491408116,0.0,763.0549868556087,1.0,3.8875744531466503,0.0,0.5841388316667389,0.9825902827623068
estimator_yoked,751016,0,connected_initial,connected,750,1.6100974978284732,1.6290482690107413,1.4602408796259172,1.2035264081626258,-0.18310903021302852,-0.42123427544494896,1.6433499098389457,1.6184054160158086,0.00043054455531871423,0.0001695220521755895,0.0012607612587170647,-0.0006354808001186612,-0.000293349896605457,-0.0001335990826307863,1.0883315639995677,0.04024900958949561,0.0,0.0,2.6877695831267427,1.0226952854200229,766.818958673568,1.022425278231424,0.0,766.818958673568,1.0,4.060505753671919,0.0,0.5998527001956422,0.9819090239308075
estimator_yoked,751016,1,yoked,yoked,750,-0.0014711420550741255,0.0,1.4573621217859385,1.2098143396151908,1.4588163704021353,1.2008592934229634,-0.0014542486161970127,0.0014466445693047114,-0.0022057069300817455,0.0009849926261596433,-0.0003489688404318727,-0.001963423906807611,0.000940313048267656,5.425924159487483e-05,1.0718259486175954,1.0744698131176298,0.0,0.0,2.857477888659538,0.980880883408121,735.0357519794358,0.9800476693059144,0.0,735.0357519794358,1.0,3.807178515619725,0.0,-0.04535320182212635,-0.0818395180394138
estimator_yoked,751016,2,connected_restored,connected,750,1.5501184026779107,1.6290482690107413,1.4364851690137383,1.165631305099359,-0.14290411257308885,-0.376152743705909,1.5793892815868273,1.5625439499234965,-0.00106503000329039,-1.2000852587307876e-05,-0.0012814089521675813,-0.0005544649075933417,-0.00022227178895844544,-0.00203946307963743,1.0285668566220856,0.04406657777976288,0.0,0.0,2.411540455102227,0.9613734199671539,720.4354864968891,0.9605806486625188,0.0,720.4354864968891,1.0,3.266557910207255,0.0,0.5873418818545375,0.9795817475106986
estimator_yoked,751017,0,connected_initial,connected,750,1.5770172325921745,1.6290482690107413,1.4321148538937918,1.178793267595575,-0.16495812510186914,-0.4084027914226688,1.5970729789956606,1.5891350108752582,-4.9115438210883006e-05,-0.0012478635422758506,-0.001525081325479406,0.0008372053264805333,-0.0015072879580652814,-0.0007298695829028357,1.020800176263521,0.04183781175439973,0.0,0.0,2.2007697197641267,0.9756097284488346,731.3251221063838,0.9751001628085118,0.0,731.3251221063838,1.0,2.8706998146178515,0.0,0.5933122770862896,0.980100388329623
estimator_yoked,751017,1,yoked,yoked,750,-0.0023171347857197052,0.0,1.4742874549644136,1.1908463547185284,1.4749015657142217,1.1840388027703344,-0.0006141107498084369,-0.0015128880644103004,0.00022069592187777982,-0.0007798484254555015,-0.0005907552279035917,-9.844330351085362e-05,-0.00025180325896667676,-7.931984369996211e-05,1.1125513730972727,1.1140756605844195,0.0,0.0,2.9436237956257036,1.0430399599269249,782.6805830280059,1.043574110704008,0.0,782.6805830280059,1.0,4.100092932596278,0.0,-0.022639108773736042,-0.010881893225274155
estimator_yoked,751017,2,connected_restored,connected,750,1.557158759315428,1.6290482690107413,1.4107196920843577,1.134259970492721,-0.17419221817328778,-0.39822176059422654,1.5849119102576454,1.562675512126241,0.0013888862483161268,-0.0015215515803672695,0.0006433694026091064,0.0011248164353640233,-0.0016244979723468317,0.0001444170642629195,0.9750501899879127,0.040905779215996786,0.0026666666666666666,0.0,2.945864303235104,0.943856974074064,706.9688117098231,0.942625082279764,0.0,706.9688117098231,1.0,3.7922863890824203,0.0,0.5799556291858352,0.9797252880840054
estimator_yoked,751018,0,connected_initial,connected,750,1.5779235109529886,1.6290482690107413,1.4892992366495903,1.2270242215562062,-0.11972251619068539,-0.3752602433753747,1.6090217528402762,1.5863809001677183,-0.0008509999329554862,0.0040537463255718624,9.284882991773961e-05,-0.0016889736398054893,0.0034694300219417114,-0.0001986373809864256,1.143518703015568,0.04560722833616156,0.0,0.0,3.357100354057247,1.093481178771736,820.0256413416539,1.0933675217888719,0.0,820.0256413416539,1.0,4.690256415255757,0.0,0.5923167170274278,0.9805403780884941
estimator_yoked,751018,1,yoked,yoked,750,-0.002923875573710462,0.0,1.454994920546398,1.160145345646482,1.457282068653177,1.1676928492876821,-0.0022871481067793862,-0.003226237483718586,-0.0017612334942716176,-0.0016485647385840233,0.002078343734592255,-0.001054660730453751,-0.0016872800826549191,0.00027725963962813157,1.0648966192667062,1.06987770568276,0.0,0.0,2.784068542932342,0.9299201676685289,697.3624541395671,0.9298166055194229,0.0,697.3624541395671,1.0,3.734146251614127,0.0,-0.01463282544685673,-0.038651956260389655
estimator_yoked,751018,2,connected_restored,connected,750,1.6118414458223178,1.6290482690107413,1.4836432920402716,1.2320849608612547,-0.15492368004450688,-0.4060944149470433,1.6385669720847784,1.6307125469631463,0.0009756969744932671,-0.0005478787068081696,-0.00024467244429555914,0.0014922729024486004,0.0001362021552848282,-0.000830418398230579,1.1292404257656201,0.04254252969695299,0.0013333333333333333,0.0,2.3851416555679643,1.0886005402544445,815.3618723661424,1.0871491631548564,0.0,815.3618723661424,1.0,3.3959887463663465,0.0,0.5895560349830259,0.9812943709028045
estimator_yoked,751019,0,connected_initial,connected,750,1.628825775634852,1.6290482690107413,1.4901745913102513,1.1875873977143976,-0.18058715315704527,-0.4023598066097057,1.6707617444672966,1.6399680299989086,-0.0017279293342194765,-0.00037877335135405913,0.0014523700793630564,-0.0007466723598700143,0.0008950768671189547,0.00029489075426847354,1.1461045094637161,0.04058519426941435,0.0,0.0,2.8452797035179973,1.0823402318414146,811.691824707105,1.0822557662761398,0.0,811.691824707105,1.0,3.5717739733384866,0.0,0.5886010987438021,0.9823907877728806
estimator_yoked,751019,1,yoked,yoked,750,-0.0006922922576601483,0.0,1.444096581473307,1.1702120032565517,1.4427147022506046,1.1798611168019502,0.0013818792227030625,-0.000691116886337273,0.0018083370748110754,-0.0018609340699701975,0.000732816101058945,0.0008220278822400849,-0.0026844277886023185,0.00010687660070413766,1.0437378674454487,1.0413099901586031,0.0,0.0,2.7387733378609544,0.9213727587348546,690.3573780948193,0.9204765041264257,0.0,690.3573780948193,1.0,3.9197046143906578,0.0,-0.03669119641961438,-0.07317405804522863
estimator_yoked,751019,2,connected_restored,connected,750,1.5852603393137021,1.6290482690107413,1.4699218801678229,1.2087664045874993,-0.132994935857868,-0.3898603161431275,1.602916816025691,1.5950684748314323,0.00021584022987826358,0.001739708345029048,0.0007550801910856916,-0.0001827521982027529,0.0011470584457485885,0.001496137934527923,1.1029031343701132,0.04463172130811383,0.0,0.0,2.9363798731422324,1.0494673715809588,786.0757940566477,1.048101058742197,0.0,786.0757940566477,1.0,3.9244528219360353,0.0,0.5942489670315376,0.981136955136157
estimator_yoked,751020,0,connected_initial,connected,750,1.6168196542831035,1.6290482690107413,1.4695783074066175,1.1731326007610003,-0.18754619410357035,-0.40638929102523974,1.6571245015101879,1.619390438858877,0.0006579398112146217,-5.5022781944611853e-05,0.00025288402136470676,0.0007763162239304986,-0.000612064139229979,-0.00010184978418922969,1.1047518687914943,0.03976576486347576,0.0,0.0,2.97091008520575,1.0788044613248646,808.1078812607045,1.0774771750142726,0.0,808.1078812607045,1.0,3.9767610640232816,0.0,0.5840050705728268,0.9826761785699218
estimator_yoked,751020,1,yoked,yoked,750,0.0010515271488362107,0.0,1.46461210348532,1.2061561280806783,1.4623560734697694,1.1890634184640496,0.002256030015550465,0.0014997279157781263,0.00252055275948917,0.0014846059653957102,-0.001964822776811247,0.0006222097859335344,0.0006648957776739604,-0.0014721341967051638,1.0885234403647668,1.0836016185779227,0.0,0.0,3.0870321763047777,1.063402559980674,796.4897404496608,1.0619863205995477,0.0,796.4897404496608,1.0,4.8414373269925575,0.0,0.034406877234638596,-0.006864828128870539
estimator_yoked,751020,2,connected_restored,connected,750,1.5479478103904596,1.6290482690107413,1.4027354546951407,1.1403167313889155,-0.1718763945150036,-0.4290324977321456,1.5746118492101442,1.5597942258548119,-0.001222012111325409,-0.0014313963751695431,4.9969142502329864e-05,-0.0015156522890254144,-0.002025712012087612,-2.8513251801277098e-05,0.9650984047464483,0.04117682951922845,0.0,0.0,2.704342568439214,0.9459820459554774,709.2264405728195,0.9456352540970926,0.0,709.2264405728195,1.0,3.374808043349992,0.0,0.580921480996577,0.979109799354181
estimator_yoked,751021,0,connected_initial,connected,750,1.5831712232857393,1.6290482690107413,1.4558701072678504,1.1677582266373836,-0.1661473963875588,-0.3977913104222582,1.6220175036554094,1.591158204275334,-0.00018816898190793745,0.00011233847486219162,-0.0023354637919232443,-0.0005279814357079817,0.00048400730288196994,-0.0014745034460163459,1.0708097809120243,0.04202682097658164,0.0013333333333333333,0.0,2.672362513181341,0.9981331707825561,748.3232538195098,0.997764338426013,0.0,748.3232538195098,1.0,3.4233932091949106,0.0,0.5883489172639473,0.9817174307822065
estimator_yoked,751021,1,yoked,yoked,750,-0.004192581902929554,0.0,1.4243593261909753,1.1660431650083711,1.427588205182898,1.1522894452217087,-0.0032288789919232884,-0.0028467498814062075,-0.0005946110712884294,-0.0015178149553577089,0.0020651793885188767,-0.0008606766674769345,-0.0004439003083567162,0.0017624770285183148,1.006716139977622,1.0127553980924253,0.0,0.0,2.7231247653805015,1.0120923350933901,758.3417049653322,1.0111222732871095,0.0,758.3417049653322,1.0,4.162129255329213,0.0,-0.057553522456738844,-0.04131005762871924
estimator_yoked,751021,2,connected_restored,connected,750,1.5571205419656444,1.6290482690107413,1.4225836170572583,1.1521155413601458,-0.1479492999206128,-0.40701373253460876,1.570532916977871,1.5485180922709203,0.0031223143519715107,0.0016172798757305162,0.0039586548947384975,0.0020582758451137425,0.0013358934106748072,0.0029827568346754933,1.0015854927314094,0.04342261559786013,0.0,0.0,2.9162995269170024,0.9522591731834829,713.2634159887609,0.9510178879850145,0.0,713.2634159887609,1.0,4.0103290981778885,0.0,0.5817057387840324,0.9789984649447838
estimator_yoked,751022,0,connected_initial,connected,750,1.609313193645683,1.6290482690107413,1.442114595350311,1.166698403557429,-0.19581371873632974,-0.4229201375627266,1.637928314086641,1.5975581748271546,-0.00010871567289042114,-0.0018878225681092221,-0.001701448145317165,-0.0005263611178863201,-0.0024412232004256567,-0.0015490711506013645,1.0398109256176469,0.039308512470994456,0.0013333333333333333,0.0,2.6495159974952682,0.9969971839805795,746.800728031951,0.9957343040426014,0.0,746.800728031951,1.0,3.565341130310268,0.0,0.5898133782448184,0.9818881463008522
estimator_yoked,751022,1,yoked,yoked,750,0.0015884802435180043,0.0,1.4357887835043897,1.1434435427194267,1.4341556298230977,1.1459008253297749,0.0016331536812918836,-0.0002608477654262309,0.002084528388286579,0.00119141611170296,0.0036107305464698064,0.0016671689741171128,0.001778859959630142,0.002741735512933244,1.0282678108086074,1.025672628705811,0.0,0.0,2.7399272136718227,1.0130084381990319,759.2690743372586,1.0123587657830115,0.0,759.2690743372586,1.0,3.321700868310773,0.0,-0.035406406468135025,-0.03987559533817733
estimator_yoked,751022,2,connected_restored,connected,750,1.53696360721254,1.6290482690107413,1.4074073929132056,1.1083546000121773,-0.15919248277851283,-0.3844389057559865,1.5665998756917185,1.5147034731822815,5.5328923154988125e-05,-0.0003687517397801369,0.0014756092487854513,-0.00040158256633783355,-0.00021997004445954772,0.001302781948101849,0.9695422167587582,0.042005814061218255,0.0,0.0,2.2524545632007666,0.9093234210815654,681.2996252273471,0.9083995003031294,0.0,681.2996252273471,1.0,3.476093958199167,0.0,0.5954716947393796,0.9790612132776912
estimator_yoked,751023,0,connected_initial,connected,750,1.5614242763635,1.6290482690107413,1.4573370380245445,1.1749637602641676,-0.12147985276399337,-0.37542594476951674,1.578816890788538,1.5637559211952252,0.000216183787224955,-0.0017463630715017946,-0.0013515435829425898,-0.0005024571450921237,-0.001539071985774866,-0.0007574626183138659,1.0717408980748726,0.04534531323720443,0.0,0.0,2.701988424124039,1.0333974222996467,776.6860556816289,1.0355814075755052,0.0,776.6860556816289,1.0,4.392065237621389,0.0,0.5876121650605718,0.9792831998514874
estimator_yoked,751023,1,yoked,yoked,750,-0.0016300904974345333,0.0,1.477022658544324,1.1928077789633242,1.476362432791332,1.1850436995863363,0.0006602257529919625,-0.00072596234146588,-0.0005566898056310572,-0.0009361958744245702,-0.0017119993394730504,-0.00115093024191187,-0.00040052645891527054,-0.0005087347254532596,1.1161854858711613,1.1149353229103514,0.0,0.0,2.636388448743528,1.0019396597474612,750.9342674049774,1.001245689873303,0.0,750.9342674049774,1.0,5.032834356448308,0.0,-0.039399325828421684,0.008461838520030284
estimator_yoked,751023,2,connected_restored,connected,750,1.5958195946224325,1.6290482690107413,1.4575129311446728,1.1733839207805943,-0.178272180670559,-0.40862253892894773,1.635785111815232,1.601947159984354,0.0007891777096791234,0.0005800814442489021,0.0016454584243032959,0.00017061031023096312,-7.196279007143606e-05,0.00042398526453775963,1.0724405774383006,0.040104774552473736,0.0,0.0,3.2219601272234977,1.0031776671348673,752.2324049319062,1.0029765399092083,0.0,752.2324049319062,1.0,3.952593884829336,0.0,0.5880389486094172,0.9816185435586076
estimator_yoked,751024,0,connected_initial,connected,750,1.621010868815362,1.6290482690107413,1.4655570644443967,1.1769756015704198,-0.19177668200642706,-0.4616250940840082,1.6573337464508235,1.6473418515928335,0.0024970827622255104,-0.0007423729419416495,0.0001886279607093808,0.0019681256692417486,0.00030381487376439473,-0.00013038259494612924,1.0914638225635467,0.03934462476607765,0.0,0.0,2.783602669374456,1.062735537712984,796.5456841532655,1.062060912204354,0.0,796.5456841532655,1.0,3.4530351995528585,0.0,0.5780711841418361,0.9823044383892573
estimator_yoked,751024,1,yoked,yoked,750,0.00020069786542662918,0.0,1.4696862406722018,1.1971986751488486,1.4682165270419905,1.1851466753586912,0.0014697136302113491,0.000381993191704455,-0.0006411533061560904,0.0006666438939279556,0.0006813152723986486,-0.0007420303743790605,-9.589960004459782e-05,0.0007609493612783519,1.0976406038706437,1.093979680348008,0.0,0.0,3.6153698108839456,1.0864375584531802,814.6773767028254,1.086236502270434,0.0,814.6773767028254,1.0,4.582412138811302,0.0,0.06011149863966589,0.01830799520707372
estimator_yoked,751024,2,connected_restored,connected,750,1.6236080777711919,1.6290482690107413,1.4773445012141104,1.214390920280609,-0.16166637010488943,-0.41107743763397575,1.6390108713190001,1.6233818686305335,-0.0011558440805084335,-0.00040111166509883164,-0.0017314098824958931,-0.0007253137728638487,0.00013329871627973906,-0.0010825063037562398,1.115385606298386,0.042036959824930824,0.0013333333333333333,0.0,3.155249008149549,1.0595774337295294,795.6047832133804,1.0608063776178405,0.0,795.6047832133804,1.0,4.769689831733639,0.0,0.5898005138273905,0.9818143276796052
estimator_yoked,751025,0,connected_initial,connected,750,1.558865852075863,1.6290482690107413,1.4468299940806066,1.1819782417976228,-0.16227280248821396,-0.39284293117984215,1.609102796568821,1.5438209308536672,-0.0015871481370867719,0.0024760167042259984,-0.0007078088679682135,-0.000829742835020703,0.0028667386653376983,-0.001417845109249314,1.0499599058502467,0.042075698267495805,0.0,0.0,2.8224517940135625,0.9828836424610703,738.9307668295583,0.985241022439411,0.0,738.9307668295583,1.0,3.323900424418983,0.0,0.5930350011587651,0.9806005822406131
estimator_yoked,751025,1,yoked,yoked,750,-0.0017594195757090654,0.0,1.4975408159048547,1.2615364888110776,1.498371389570321,1.287324757848359,-0.0008305736654663866,-0.0003985854696717528,0.001170832607713761,-0.0017613376602085928,-0.000878612418582558,0.0006371001825912615,-0.001850609146151531,-0.0011622362352025491,1.1653589872545977,1.1676087979064291,0.0,0.0,3.3468700457022074,0.986754950447321,739.2667360771119,0.9856889814361491,0.0,739.2667360771119,1.0,4.742668717174264,0.0,0.038401311692364604,0.026319222542681396
estimator_yoked,751025,2,connected_restored,connected,750,1.5676647084951347,1.6290482690107413,1.4211810002026086,1.138644977807416,-0.14548538069777756,-0.3989279018348064,1.566666380900386,1.5421725277158944,-0.002517342023988711,0.0011176997521950937,-0.0007123747629083185,-0.0008644183500225807,0.0016712718221042527,0.00036701915252439237,1.0005292471324057,0.04320357212423499,0.0,0.0,2.718222744969547,0.9596639941684275,720.0509583088308,0.9600679444117743,0.0,720.0509583088308,1.0,3.298506668337439,0.0,0.6015085179804167,0.9792904602164151
estimator_yoked,751026,0,connected_initial,connected,750,1.569296433763216,1.6290482690107413,1.4540560128404123,1.190636984696059,-0.1457689059257558,-0.3888547530883706,1.5998249187661677,1.589801528412822,-0.00018354045810124313,0.001076077586954798,0.0018726571814702618,-0.0004416701500515643,0.0002159735424533351,0.0017875181959489564,1.0653951678043314,0.04335471336188855,0.0,0.0,2.9991844684555145,1.0103963666317357,756.9340050852729,1.0092453401136972,0.0,756.9340050852729,1.0,3.9852992116172348,0.0,0.5922490524037894,0.9801135609895483
estimator_yoked,751026,1,yoked,yoked,750,3.0478635837831576e-05,0.0,1.453278627981874,1.1965296084576753,1.451790336360966,1.2005532602155387,0.0014882916209077858,-0.0004001108775991691,-0.00124518717091305,-0.00031141769583155316,0.000790118002535154,-0.0011914313821673997,-0.00011557859054445418,0.0009008964627804108,1.063094096914572,1.0598252452625245,0.0,0.0,2.847280757350901,1.0661793108984146,799.3162472284307,1.0657549963045743,0.0,799.3162472284307,1.0,3.7514441913116365,0.0,0.003310343613322488,0.04584307016020104
estimator_yoked,751026,2,connected_restored,connected,750,1.6065325318341568,1.6290482690107413,1.4794384502055582,1.209032913786435,-0.14812286748448694,-0.394983583966627,1.6275613176900454,1.6077873350471543,-0.0020749030315793653,-0.0006932450259209646,0.00017736491723091758,-0.0003334606997979959,-0.0010473625920877584,-0.0006329604997215697,1.1217312714696632,0.04322068127462843,0.0,0.0,3.172082605962627,1.0344520748120358,776.2891906407167,1.0350522541876224,0.0,776.2891906407167,1.0,3.697490064326756,0.0,0.5962307917029682,0.9812501879314273
estimator_yoked,751027,0,connected_initial,connected,750,1.5457022570319856,1.6290482690107413,1.4366597299189097,1.174568255625453,-0.13374293965841652,-0.3643055153397144,1.5704026695773259,1.545376880233114,0.0013033278258196557,0.0022778309480181906,3.356371341402801e-05,0.0011794174821815027,0.0024732540893727915,-0.0012121827587466664,1.0340240616030871,0.04418930819940863,0.0013333333333333333,0.0,2.6346296681838477,0.9804834709922695,734.8272515667737,0.9797696687556983,0.0,734.8272515667737,1.0,3.3238488789943275,0.0,0.590666550889404,0.9791831038494582
estimator_yoked,751027,1,yoked,yoked,750,0.001924944242385097,0.0,1.428905067812658,1.1449881199209142,1.4271438303298414,1.1363162019914528,0.001761237482816569,0.000812504036719619,-0.0005259238124041549,-0.0021884288352991784,0.00016101781238867416,-7.572040756619417e-05,-0.0018187649565548274,0.0003241400387053039,1.0109436476916573,1.0073715522983402,0.0,0.0,2.6328376673594005,1.0128115646160665,762.2765153514945,1.016368687135326,0.0,762.2765153514945,1.0,3.131549940848306,0.0,-0.015254613898964056,0.018589773011766297
estimator_yoked,751027,2,connected_restored,connected,750,1.6338220522493752,1.6290482690107413,1.4596957589050938,1.1965799664610295,-0.1919871657374679,-0.4307967252801037,1.6516829246425617,1.631317703460986,0.00040214126029758217,0.001314032895809849,5.474508197499306e-05,0.0011902599434416871,0.0009403442661652394,0.00041682673813249444,1.0801342118030157,0.039608561682403634,0.0,0.0,2.679487554130258,1.028277114049645,770.3919817537907,1.0271893090050543,0.0,770.3919817537907,1.0,3.4459100737748365,0.0,0.5880332059798338,0.9823750976563914
estimator_yoked,751028,0,connected_initial,connected,750,1.5416032826503012,1.6290482690107413,1.4588239260898996,1.1872235484268052,-0.13251810659292418,-0.3880444209840166,1.5913420326828243,1.5764092692252283,0.0012323313751201855,-0.00024803173626782726,-0.0007641468733652384,0.0003323463120516254,-0.0004306232599106204,0.0001505753869269139,1.079575665875425,0.044718913669557596,0.0,0.0,3.4243920928732883,0.9960330739810852,746.2110628507023,0.9949480838009365,0.0,746.2110628507023,1.0,4.506762739381126,0.0,0.5906786624692555,0.9807384191397388
estimator_yoked,751028,1,yoked,yoked,750,0.001057065277534711,0.0,1.4327683974321026,1.1967356598031498,1.4318579327505334,1.1966666821206875,0.0009104646815691509,0.0005098309700505288,0.00026996440929998977,-0.001257340121462202,0.0035052354555416164,-0.0004192505837807845,-0.0019394483043502924,0.0031209206810995246,1.0209574163210609,1.0187997595946738,0.0,0.0,2.899905582226825,1.0135870043154542,760.3538181521843,1.013805090869579,0.0,760.3538181521843,1.0,4.172755460333232,0.0,-0.02738255376537761,0.01936126562843616
estimator_yoked,751028,2,connected_restored,connected,750,1.562256315901213,1.6290482690107413,1.4215209630471108,1.1638455666072742,-0.1566681132227599,-0.42460109916737065,1.5781890762698707,1.5696201435278414,0.0012822093278963501,0.003844428904995153,0.001017323329537692,0.001015551394023938,0.0027738974937847032,0.002100473285857657,1.0005822084253868,0.04229032478043122,0.0,0.0,2.59319521825267,0.9621578232510952,720.6815608697798,0.960908747826373,0.0,720.6815608697798,1.0,3.7836855699801504,0.0,0.5933664189466353,0.979272378938645
estimator_yoked,751029,0,connected_initial,connected,750,1.6013310377719512,1.6290482690107413,1.4474867104500706,1.1653000664132078,-0.21435687508487924,-0.42734249988574663,1.6618435855349496,1.617776155940095,0.0007100410313443546,-0.0007076331416368652,0.000162276700059786,0.0009655515532842737,-0.0007376165776294547,0.000598144830770177,1.0520042532922114,0.03765651527265529,0.0,0.0,3.285297422233664,0.9953710597632708,745.5811131523159,0.9941081508697545,0.0,745.5811131523159,1.0,4.221324987622666,0.0,0.591856667726901,0.9826661199807342
estimator_yoked,751029,1,yoked,yoked,750,0.0007697022626705153,0.0,1.4568097544531322,1.1966622802399418,1.4554442990839351,1.1875162250817612,0.0013654553691969287,0.0007498014794347085,-0.0019163694778147632,0.001384749875058,0.002676104167122248,-0.0016807610393389538,0.0014637149127294854,0.0033108145293157944,1.0791291918542885,1.0756265696999407,0.0,0.0,2.9499467848074574,0.9860232046187709,741.7430815594562,0.9889907754126083,0.0,741.7430815594562,1.0,4.040228827115045,0.0,0.006218506534255089,-0.01312465163795008
estimator_yoked,751029,2,connected_restored,connected,750,1.5637714859589122,1.6290482690107413,1.4679612429999949,1.176279673708163,-0.14321206960539526,-0.39261510873816996,1.6111733126053902,1.5788926814408089,-0.000632652501637042,0.00024961548264974115,0.0009364980760815152,-0.0002661185036596769,4.0375801634224013e-05,0.0008475947126816725,1.0969338818253713,0.04379691526363413,0.0,0.0,2.9826842979500086,1.0413350026755692,780.7844953055671,1.0410459937407561,0.0,780.7844953055671,1.0,4.384571283236391,0.0,0.5936878970373596,0.9809663556165337
behavior_probe_0.00,751000,0,connected_initial,connected,750,0.1992345716726324,nan,0.06222730982933096,-0.2523815683690419,-0.1410561698927642,-0.43810146398631805,0.2032834797220952,0.15392453690481797,-0.00945997904328633,-0.006320852480238425,-0.0011232847609468108,-0.009179068375412906,-0.0053130082831414,-0.0009619974215843107,0.06560457849928404,0.04373800779800951,0.004,0.0,0.068122129085237,0.031208804683181532,37.845626078552776,0.0504608347714037,14.0,23.845626078552776,0.9173888565045419,0.1556887842057533,0.018666666666666668,0.13583569183603525,0.5373432388179427
behavior_probe_0.00,751000,1,disconnected,disconnected,750,0.0018340848268981838,nan,-0.15013519567725495,-0.4248509051795025,-0.15186637230401073,-0.42225389025485355,0.0017311766267557591,0.0017103572295527614,-0.002384241875429603,-0.00022256212101178614,-0.000538097732492219,-0.0020624252546813087,-0.001144010750165676,-0.0006349047842247997,0.043053196030987485,0.04289920312259975,0.0,0.0,0.1095895274037257,0.0007004227367237285,5.394769494905692,0.007193025993207589,0.0,5.394769494905692,0.15724501114351627,1.1592814097132769,0.0,-0.7795279844971346,0.026013120575952522
behavior_probe_0.00,751000,2,connected_restored,connected,750,-7.331864429100452e-05,nan,-0.17925934745352304,-0.46852497837239504,-0.17927349172629017,-0.4696100566927702,1.41442727671152e-05,4.837050808326193e-05,-0.003368300594779982,0.0016365505807564536,3.636283866582065e-06,-0.0013151759012443784,0.0018178469417920657,3.2301340332381696e-05,0.040711175798268426,0.04070862974673389,0.0,0.0,0.0864002033523665,0.0004918514510987759,2.5860121205820046,0.003448016160776006,0.0,2.5860121205820046,0.15016877860040395,0.6110975175976388,0.0,-0.7296198486314412,-0.0672152302009394
behavior_probe_0.00,751001,0,connected_initial,connected,750,0.2791339051648095,nan,0.09140440539649392,-0.1846545576270936,-0.16332839323793916,-0.44170487651129925,0.2547327986344331,0.21592380548423667,-0.002866933880359267,-0.006788945682258499,-0.0031492021749797827,-0.001953274618062578,-0.007058758598446997,-0.005735488730474536,0.07036939599289553,0.042220551337799776,0.004,0.0,0.07487689022050341,0.04443186339428875,49.701380167392884,0.06626850688985718,20.0,29.701380167392877,0.9872241612997837,0.16633020553427716,0.02666666666666667,0.2155584438870646,0.6180710795826385
behavior_probe_0.00,751001,1,disconnected,disconnected,750,0.0067991989248366936,nan,-0.16412707110906585,-0.43508194923235244,-0.1708974444161882,-0.4420370676438932,0.0067703733071223585,0.006804386133266005,-0.004631582354041605,-0.0032317733083338396,-0.0009009526409182076,-0.0056481623573546354,-0.0031347133510719618,-0.0009998581430472604,0.04189581909459269,0.04133151121772668,0.0,0.0,0.12680663610900259,0.0010858884931134816,6.556448639146598,0.008741931518862132,0.0,6.556448639146598,0.17731477900793144,1.100003520690743,0.0,-0.8005239581711204,0.008941033903553655
behavior_probe_0.00,751001,2,connected_restored,connected,750,0.00026508162905001137,nan,-0.17024867833455146,-0.45637065526473136,-0.17041246127013043,-0.45200827706341873,0.00016378293557897135,0.00025779311986490194,0.0010936604980149145,-0.0024322339780229615,-0.0001500424346612297,-0.00046779631016009187,-0.0023068854126792474,-0.00027068667935836017,0.041329438140666516,0.041314775810517,0.0,0.0,0.09173020094600969,0.000524263618017203,2.485098080409666,0.0033134641072128878,0.0,2.485098080409666,0.15141700426040272,0.5802313912874241,0.0,-0.7414802030833878,0.06627348892377817
behavior_probe_0.00,751002,0,connected_initial,connected,750,0.23221239405165184,nan,0.015492836148408087,-0.24267392391809953,-0.20040931343352159,-0.43988244741792537,0.21590214958192974,0.17663516977339638,-0.006641465588897883,-0.007857514280458461,-0.0044964906604780105,-0.006397680126841396,-0.006169285717655978,-0.005342288400658572,0.05808464898926191,0.038850747394136256,0.006666666666666667,0.0,0.05619088203166332,0.030026115136327858,38.13573502976902,0.0508476467063587,12.0,26.135735029769023,0.9582258057682226,0.1534167467876382,0.016,0.1366087909859678,0.5010805390405341
behavior_probe_0.00,751002,1,disconnected,disconnected,750,0.0018121035412865284,nan,-0.18123294888851244,-0.4361631575328013,-0.182502077118422,-0.43709017739216427,0.0012691282299095085,0.001442785456423401,0.002858277624615807,-0.0016892830588342857,-0.00016491070438543417,0.003374009335231671,-0.0014643385286695091,-0.0002563176879158673,0.040420176999929,0.04032318427427242,0.0,0.0,0.09715080130428606,0.000724528682902004,5.540551030725282,0.0073874013743003755,0.0,5.540551030725282,0.15754217747542545,1.1600497566292918,0.0,-0.7541044048849788,-0.03228350021412694
behavior_probe_0.00,751002,2,connected_restored,connected,750,-0.0004917602489160812,nan,-0.20787645591941592,-0.4339504309933346,-0.20721810643944852,-0.43659392101615135,-0.000658349479967389,-0.0006249920212980098,0.0003135464388125039,0.00047902990457513567,1.2656828948203339e-05,0.00030668623534082536,-0.0003851596701814226,-8.684887207609659e-06,0.038491621247711966,0.03854314990914573,0.0,0.0,0.07133630333683501,0.0003950331481373603,2.2655988570588566,0.0030207984760784756,0.0,2.2655988570588566,0.14869121479694636,0.5477780306930969,0.0,-0.681027422242245,0.05239865557664327
behavior_probe_0.00,751003,0,connected_initial,connected,750,0.3591174603408182,nan,0.214522367345207,-0.12010214407659825,-0.1452333832398406,-0.4144756220090515,0.3597557505850476,0.2930889471675484,-0.009939032538413727,-0.009418088673632032,-0.014343915370698991,-0.009267411206847227,-0.008465809010558692,-0.013228172159380705,0.08840568021758685,0.04354268060556803,0.005333333333333333,0.0,0.08188156671326524,0.055508555374824506,56.562714543646045,0.07541695272486139,27.0,29.562714543646045,0.9995860479112262,0.16287537419979364,0.036,0.34181189941724077,0.6770183747423334
behavior_probe_0.00,751003,1,disconnected,disconnected,750,0.0029867163184360084,nan,-0.23320971445511535,-0.49555640004519397,-0.23531433310279848,-0.4974355388429631,0.002104618647683081,0.002060827201353199,-0.0035674878683508928,-0.003406748846070993,0.0005939590189994677,-0.002560119649656685,-0.0031496663743166417,0.000772205245784663,0.036456516030228904,0.03630668040006986,0.0,0.0,0.10821076178259852,0.0010176519318047634,5.864431786149276,0.007819242381532369,0.0,5.864431786149276,0.16273264290903117,1.1136828881145764,0.0,-0.7852226411889695,-0.0823800078418026
behavior_probe_0.00,751003,2,connected_restored,connected,750,-0.00018806146155145895,nan,-0.14752087248678997,-0.41776867798020834,-0.14752736945792255,-0.4134900717332313,6.496971132613272e-06,0.0003086735218336134,-0.0034113156243980964,-0.0010614337325535838,-2.7074777476686257e-05,-0.0023432417975374925,-0.0009300983007045784,-3.632457445002813e-05,0.043309901204370005,0.043310746458817655,0.0,0.0,0.10080662008636801,0.0005720050783031818,2.3692042185436577,0.0031589389580582105,0.0,2.3692042185436577,0.14977140067319403,0.5614417101759851,0.0,-0.7572426591290109,-0.008980197109981932
behavior_probe_0.00,751004,0,connected_initial,connected,750,0.27790758465370574,nan,0.1434425074317867,-0.16621060477427052,-0.12928031524323902,-0.3805267089577998,0.2727228226750257,0.22126354012288285,-0.0031820553628451116,-0.007860570961833976,0.0004143474526075147,-0.0015376678425114442,-0.006610662514629136,0.0010379856604770157,0.07661700198914083,0.044932564311313566,0.009333333333333334,0.0,0.06982093180214921,0.03796196627060897,42.75547273487443,0.057007296979832575,16.0,26.755472734874427,0.9946607847465193,0.14721564205604784,0.021333333333333333,0.22533006946408637,0.5891702689882286
behavior_probe_0.00,751004,1,disconnected,disconnected,750,0.0023153425759461655,nan,-0.18786003130065962,-0.4741511300125513,-0.18977762458190814,-0.47573893996764327,0.0019175932812484878,0.002675518553527989,-0.0011554470742318565,-0.001242697933552629,-0.00028586112761578696,-0.000971855088486981,0.0002624688529290738,-0.0003808932523745594,0.039832713855984164,0.039683964901948206,0.0,0.0,0.10224399492008371,0.0007343408268759052,4.8397203259575985,0.0064529604346101315,0.0,4.8397203259575985,0.159328299083709,0.9965677879264334,0.0,-0.7767037109209303,-0.03200805700418948
behavior_probe_0.00,751004,2,connected_restored,connected,750,-1.8648055471260907e-05,nan,-0.1644094484564695,-0.4677040108854065,-0.16433230739234866,-0.4681761631590123,-7.714106412079258e-05,-9.392332737251374e-05,-0.003994092950302936,-0.0009734382157651653,-8.898467721898543e-06,-0.002020313774894432,-0.0007049068527804466,-4.094750735979749e-05,0.04187343464410392,0.04187946205183743,0.0,0.0,0.09432657607010572,0.0005372326490638646,2.7746529725998794,0.003699537296799839,0.0,2.7746529725998794,0.15037408744690064,0.6523766087846744,0.0,-0.7461375226222026,0.011639978794528275
behavior_probe_0.00,751005,0,connected_initial,connected,750,0.2872388074848284,nan,0.13541213046639364,-0.15798044630017108,-0.1473960209650684,-0.4299132267074014,0.28280815143146204,0.20737521322068106,-0.0007414736129068621,-0.0037042602302737346,-0.0007617891606080315,-0.00043972343545385607,-0.003821119638316893,0.00017968276478353307,0.07735733331132784,0.04340302964737824,0.005333333333333333,0.0,0.07973723275045562,0.045849817203748484,48.31508055310675,0.06442010740414233,20.0,28.315080553106746,0.9879002348022117,0.1629060743811886,0.02666666666666667,0.2664222339266775,0.6387715152930935
behavior_probe_0.00,751005,1,disconnected,disconnected,750,0.002867229945708163,nan,-0.17337852481129654,-0.47877917375430756,-0.17608839090176986,-0.47764103521080936,0.0027098660904733393,0.0033532583686758932,-0.003114681154351075,-0.0016311748790323653,-0.0004276112196045742,-0.0031520512426239217,-0.0002580655995420636,-0.0006895760418149464,0.041001412389378676,0.040786854166716416,0.0,0.0,0.09690023477470575,0.0005974181628714024,5.163146021201603,0.006884194694935471,0.0,5.163146021201603,0.16155954811128287,1.072526473429171,0.0,-0.7218122565333637,0.1036074472920341
behavior_probe_0.00,751005,2,connected_restored,connected,750,0.0003366558528644307,nan,-0.1936760076384102,-0.4536999917104131,-0.19390678517800067,-0.45176294750446355,0.00023077753959046914,0.0003489809290454504,-0.0008916502206812458,0.0020275097043504662,-4.272108550065449e-05,-0.001919496589810323,0.001583927222598349,-7.185285183336302e-05,0.03942263572675895,0.03940349805384614,0.0,0.0,0.09314343457554365,0.0005394505678192682,2.6108328858699936,0.003481110514493325,0.0,2.6108328858699936,0.1516667183265426,0.605069549529948,0.0,-0.7618216999806184,0.013833306866014757
behavior_probe_0.00,751006,0,connected_initial,connected,750,0.27576200574591475,nan,0.15066831435077693,-0.1657510375206008,-0.11564730148166574,-0.39862578590806114,0.2663156158324427,0.21397040889242264,-0.012786083407208776,-0.011395615383178405,-0.005294762049566398,-0.012054390102643846,-0.010361688786473366,-0.004972354661478897,0.0783773125955105,0.04606959931089328,0.005333333333333333,0.0,0.07192614695389488,0.0402036838598808,43.42191482786227,0.05789588643714969,18.0,25.42191482786227,0.9918469146950248,0.14125941080656426,0.024,0.24443800795608048,0.5967465842604797
behavior_probe_0.00,751006,1,disconnected,disconnected,750,0.0018004773005105216,nan,-0.19005140193631936,-0.46987533682134236,-0.19037365173885967,-0.4743333459477843,0.0003222498025403107,0.0006798890377405775,-0.0005438607865630936,-0.001795341532976043,0.00015596979897465808,0.0004733990185941851,-0.00033078361655090025,0.0005271295326919243,0.03966283481340772,0.039646396068126144,0.0,0.0,0.09494943539777553,0.0006714025398105736,5.1978628613334275,0.006930483815111237,0.0,5.1978628613334275,0.15739594112931818,1.0981514893446087,0.0,-0.7514507103789175,-0.02699072824982625
behavior_probe_0.00,751006,2,connected_restored,connected,750,-0.00042963086359767494,nan,-0.17189591057716594,-0.4367493699816057,-0.17144254159180572,-0.43623168728688955,-0.000453368985360271,-0.0005134703638584037,-0.000570083771463477,-0.003307953834968137,-0.0002166290131121662,0.0004908005620616347,-0.002946834784421517,-0.0001263603480748981,0.041193142459544314,0.041232146308463585,0.0,0.0,0.08232347929416643,0.0004629101463406331,2.499070185888722,0.0033320935811849625,0.0,2.499070185888722,0.14890088950751326,0.5995508347752847,0.0,-0.7102474094991225,-0.03403563597187701
behavior_probe_0.00,751007,0,connected_initial,connected,750,0.33582702115471025,nan,0.12052668809012607,-0.21662123168771208,-0.21245757927992076,-0.49482487730399133,0.3329842673700468,0.25086687926649365,-0.014845139750274716,-0.016148726588807723,-0.009788405735196102,-0.013680379162749789,-0.015285888335260256,-0.00896229252871592,0.07327108281216863,0.03807239924807695,0.0026666666666666666,0.0,0.06666183683534052,0.04689458779848636,49.49388789022426,0.06599185052029902,22.0,27.49388789022425,0.9961169951635309,0.15150566778827826,0.029333333333333333,0.3431549792954934,0.6587310723793096
behavior_probe_0.00,751007,1,disconnected,disconnected,750,0.0020364506441721783,nan,-0.17049772924597179,-0.44113135418534566,-0.17265872382343112,-0.4422740018662983,0.002160994577459371,0.0015780227638398647,-0.0004797872993929692,-0.002813747943940475,-7.958743838099617e-05,-0.0003982411030109058,-0.0029824247786026064,-9.120759745537419e-05,0.0412618212180196,0.041086904899266745,0.0,0.0,0.10614989433320733,0.0007745741315969484,4.99521109514168,0.006660281460188907,0.0,4.99521109514168,0.15829197718023777,1.0394275457191506,0.0,-0.7677916700600124,-0.013010595478788687
behavior_probe_0.00,751007,2,connected_restored,connected,750,-0.00015692775496805396,nan,-0.21043909721414653,-0.49623896280562135,-0.2102820956814705,-0.49765315008721445,-0.000157001532676,-1.4322910787789578e-05,0.0010343041959932184,-0.0015622200297743236,-8.202687087585277e-05,0.0005069015884924777,-0.0015223388390232613,-7.867767236223477e-05,0.03810960537637841,0.03812232223566761,0.0,0.0,0.08375269146151595,0.00047116036006513665,2.4812429758360954,0.0033083239677814606,0.0,2.4812429758360954,0.14987372317391812,0.5883157882681342,0.0,-0.7394288905283839,0.02798184676436476
behavior_probe_0.00,751008,0,connected_initial,connected,750,0.3041412547451114,nan,0.15404639812237803,-0.16436223881335596,-0.15148044508512998,-0.4209869895905062,0.305526843207508,0.239531652433055,-0.006418252188375772,-0.01052994717406392,-0.006684267586569743,-0.006004063703934854,-0.009463384486804989,-0.0065101608594405405,0.0783307943759202,0.04292739513078144,0.004,0.0,0.07517805935468741,0.04579999286055436,49.274176253496734,0.06569890167132898,22.0,27.274176253496734,0.9978647911896639,0.149410432899556,0.029333333333333333,0.33115502194661217,0.6430823614873307
behavior_probe_0.00,751008,1,disconnected,disconnected,750,0.006374829482616479,nan,-0.1969949102477155,-0.47471244168591875,-0.20220447306240047,-0.47904032558568516,0.005209562814684986,0.006122102285341158,-0.00375558444102852,-0.0040966286414458,-0.0006609932279649946,-0.002161997226678268,-0.0032234634451581952,-0.0009274257258136541,0.03939881820249051,0.038970244959361786,0.0,0.0,0.11480519679658434,0.0009239670499660154,6.089610191396879,0.008119480255195839,0.0,6.089610191396879,0.17559228084384185,1.0596250941781082,0.0,-0.7900595201765728,0.062119201930054053
behavior_probe_0.00,751008,2,connected_restored,connected,750,-0.0003573105330629247,nan,-0.23084657212617193,-0.49928287852991243,-0.23055529999804428,-0.4902949777625299,-0.0002912721281276755,-0.0008246917171577106,0.001170126029560661,-0.0001096702910789619,1.188132577599014e-06,-0.000499722790113313,-5.666797910736321e-05,-1.803100203851339e-05,0.03655081860923427,0.03657284348591271,0.0,0.0,0.07725029257545582,0.0004339238446681238,2.476940784934108,0.003302587713245477,0.0,2.476940784934108,0.14916068402430313,0.5934298164517524,0.0,-0.7284481894906628,-0.03190848862399847
behavior_probe_0.00,751009,0,connected_initial,connected,750,0.40720273525848183,nan,0.20967319210214752,-0.11868330723882908,-0.1947958680002126,-0.45567372030620246,0.40446906010236017,0.32976374147616166,-0.005192154002778662,0.000615995901051021,-0.0002125230993083882,-0.004493094296814869,0.0009987638168774656,0.0005713383414137328,0.08722560018331416,0.0392800495778281,0.0026666666666666666,0.0,0.08841540390790531,0.058172299513152656,57.73050920099407,0.0769740122679921,27.0,30.730509200994078,0.9997855350512905,0.17296364274138848,0.036,0.36520765282444345,0.7338064917988514
behavior_probe_0.00,751009,1,disconnected,disconnected,750,0.0038541886264409904,nan,-0.18215246673949806,-0.4439567809415085,-0.18607358281411712,-0.4557825772129467,0.003921116074619056,0.004021777087240136,-0.004689697342662731,0.00045634704570826537,-0.0013750806986886248,-0.004297188123175873,-0.0005556473501385713,-0.0014336058346607957,0.04039329625080562,0.04007579256733266,0.0,0.0,0.11317988529969655,0.0008326707279436277,5.919204346874908,0.007892272462499877,0.0,5.919204346874908,0.16508581347263615,1.1439280372863654,0.0,-0.8050856892968596,-0.0377439663256027
behavior_probe_0.00,751009,2,connected_restored,connected,750,-0.0005287222122596465,nan,-0.20166786052477373,-0.46874275462389303,-0.20127281300166655,-0.47196887950005517,-0.0003950475231071456,-0.00042321007610035544,-0.0017972990383584456,-0.0001204787045468665,7.488396048839056e-05,-0.0015499293172030028,0.00032305079218452004,7.096086642835747e-05,0.038719071824423155,0.03874817572783082,0.0,0.0,0.08123688114203331,0.00045649496283528025,2.584585084467331,0.0034461134459564413,0.0,2.584585084467331,0.14854122720194668,0.6210224234146176,0.0,-0.7268303928772664,-0.06999767608840388
behavior_probe_0.00,751010,0,connected_initial,connected,750,0.37382028267370226,nan,0.21987996075692817,-0.09491984708451931,-0.14502260558979652,-0.40492699886958516,0.3649025663467247,0.27374547495088974,-0.011821649448873312,-0.008443846959937395,-0.016371088124376855,-0.013665490803088296,-0.007486348760151723,-0.017862336921490418,0.09002228383275868,0.04354238809936237,0.0026666666666666666,0.0,0.0973736124846898,0.059208706703028816,59.375239964234424,0.07916698661897924,26.0,33.37523996423443,0.9985741351294831,0.18805446039198181,0.034666666666666665,0.32574741805000434,0.7165603523547406
behavior_probe_0.00,751010,1,disconnected,disconnected,750,0.00247627609353255,nan,-0.19254670558982448,-0.4450837893887783,-0.1945563891251636,-0.4536215639515506,0.0020096835353391094,0.002742364842851841,-0.003629711878102961,-0.004085101688170166,0.00038564494635496925,-0.003634460398646888,-0.0036626203212407134,0.0004869113436483462,0.039596310463834765,0.03943428768848887,0.0,0.0,0.10982429515120622,0.0007932846202149096,5.654150752916042,0.007538867670554722,0.0,5.654150752916042,0.16003327333455658,1.1604298558652457,0.0,-0.7815554767519541,-0.010406573124905925
behavior_probe_0.00,751010,2,connected_restored,connected,750,-9.497178445070457e-05,nan,-0.18431946383395276,-0.42174710580520225,-0.1843692845208686,-0.4183227270615846,4.9820686915839965e-05,-0.0001388023113595982,0.00010198950293376148,-0.0010532560554350457,0.00018708216051027823,-0.00047886128811845343,-0.0010230563431104856,0.00011777416092401478,0.04032924285419271,0.04032360197424461,0.0,0.0,0.08592013383906552,0.0004941718448188965,2.675736453535576,0.0035676486047141014,0.0,2.675736453535576,0.15009945848402415,0.6328749302818805,0.0,-0.7316121254263392,-0.029486393127709593
behavior_probe_0.00,751011,0,connected_initial,connected,750,0.2877031964847417,nan,0.18313512791578698,-0.1659912488924623,-0.14226546933033038,-0.40803045851232345,0.32540059724611736,0.2189800302976027,-0.008369688846178716,-0.00795420196871249,-0.0003909813828083255,-0.007579733808600411,-0.00891799084756333,0.0006002537378404161,0.08231736992064938,0.04381599913107764,0.008,0.0,0.0849582247727743,0.05362597904002903,55.363892265683944,0.07381852302091192,23.0,32.363892265683944,0.9936419071189027,0.1851711048787898,0.030666666666666665,0.2925329480793043,0.6821513626355861
behavior_probe_0.00,751011,1,disconnected,disconnected,750,0.006291919999740779,nan,-0.1626423329599731,-0.463673670031142,-0.16805563430021317,-0.47054556111207146,0.005413301340240058,0.0044954275660076815,-0.004704604660145843,-0.004143884044832218,-0.0011124522586134777,-0.005411954260405163,-0.0037909592260782277,-0.0013865493647966553,0.0419697744538586,0.0415083724692807,0.0,0.0,0.11348227702953766,0.0013616436477994851,7.240350288559887,0.009653800384746516,0.0,7.240350288559887,0.17634048161576477,1.1627561000601074,0.0,-0.7364570483025445,-0.046814424313437575
behavior_probe_0.00,751011,2,connected_restored,connected,750,-0.00017563582363020936,nan,-0.17456689695172034,-0.4495435549831112,-0.17444082262465743,-0.45296928527608427,-0.0001260743270629628,-0.0002636167621672403,-0.0020452737730672858,2.7219353330241687e-05,4.315350563611061e-05,-0.0017510680221142,-0.0007201456714055112,5.487916964910893e-05,0.04099553526718302,0.04100409875872292,0.0,0.0,0.08622830420328126,0.0004829571729215701,2.5298069950477116,0.0033730759933969486,0.0,2.5298069950477116,0.14981126021565816,0.6030238913808468,0.0,-0.7254646625056128,0.06669183633881952
behavior_probe_0.00,751012,0,connected_initial,connected,750,0.3765980445621713,nan,0.1949580935585846,-0.11186185307441703,-0.15259078837421036,-0.4262288890777024,0.347548881932795,0.30285362653464853,-0.00594441105017237,-0.005447240744532165,0.0022474376296843517,-0.004535612754994201,-0.004037521421118115,0.0029919574731021533,0.08407877840918307,0.04277621653039239,0.0026666666666666666,0.0,0.09163664806212049,0.053994835582787906,56.811137616026514,0.07574818348803534,25.0,31.811137616026507,0.9993394102878512,0.17696605058869264,0.03333333333333333,0.30807643369100896,0.7034713066830484
behavior_probe_0.00,751012,1,disconnected,disconnected,750,0.007274373033198966,nan,-0.19468459316565562,-0.47125102073626435,-0.20140852195627418,-0.47692889483546164,0.006723928790618533,0.006655413968908286,-0.008097436304160646,-0.0022564526502499966,-0.0008906907218340411,-0.005911007561539961,-0.0011408996390483096,-0.0008706861796462449,0.039401501353698826,0.03886124008517853,0.0,0.0,0.1326850216738609,0.0010914143136733594,7.186171423365001,0.009581561897820001,0.0,7.186171423365001,0.1791257213350493,1.1934437195468186,0.0,-0.8263363863960431,0.07629236784741175
behavior_probe_0.00,751012,2,connected_restored,connected,750,-0.0006785808942678316,nan,-0.2083812247759073,-0.4702119595068987,-0.20765915032243257,-0.46772140695729225,-0.0007220744534747025,-0.001028300226415535,0.0014192403086851686,-0.0012415044624731226,-3.806031509170308e-05,0.0014813388223944807,-0.000664560439494264,-1.4818471938924565e-05,0.03833536221150624,0.03839368390809642,0.0,0.0,0.07831738656453488,0.0004309761669559828,2.3398821606407143,0.0031198428808542856,0.0,2.3398821606407143,0.14800961197219595,0.5703280515078538,0.0,-0.7177292659128253,0.027987554711446903
behavior_probe_0.00,751013,0,connected_initial,connected,750,0.31910562309509677,nan,0.13242078100167828,-0.17465607733011496,-0.19043364119726278,-0.4492033869534868,0.322854422198941,0.24813229466793688,-0.0084228243726818,-0.011666261299990897,-0.008636202531510423,-0.00778822003648046,-0.010827356289969893,-0.009519660245124347,0.07529890556319388,0.03964785730176713,0.005333333333333333,0.0,0.07527740706720254,0.050445893116123214,51.34248432331531,0.06845664576442041,21.0,30.342484323315304,0.998695436285584,0.16507289222731228,0.028,0.3299964923214177,0.6656732523198594
behavior_probe_0.00,751013,1,disconnected,disconnected,750,0.007022532612515517,nan,-0.18308265623688946,-0.4475180146034892,-0.18913832303639205,-0.45211097894669205,0.006055666799502557,0.007544383678387223,-0.0036543666303460423,-0.0016372345219207952,0.0006292098994946486,-0.0030836386664782854,-0.0021318485090980207,0.0007293648825199258,0.04027242658325938,0.03977657012820183,0.0,0.0,0.11314501511600708,0.0010804843230470427,6.294861409507723,0.008393148546010297,0.0,6.294861409507723,0.17860794283549883,1.0223829081717157,0.0,-0.7813573032437573,-0.010076255205665706
behavior_probe_0.00,751013,2,connected_restored,connected,750,-0.00023900289056767986,nan,-0.21995705878543276,-0.5165464767831293,-0.21972853688782687,-0.5148012875135536,-0.00022852189760591682,-0.00014980961676894222,-0.0011628095837717973,0.00046898956546804257,3.0455095046849994e-06,0.0005528123331765134,0.0003577870270495864,4.975763060379473e-06,0.03731463414357794,0.03733266148609944,0.0,0.0,0.07829050710584652,0.00045016602174309593,2.486316861224278,0.0033150891482990373,0.0,2.486316861224278,0.14959933028541703,0.589409795319412,0.0,-0.7259644874147582,-0.03117405523007437
behavior_probe_0.00,751014,0,connected_initial,connected,750,0.2696913207741867,nan,0.13412695874913366,-0.1655728949825347,-0.1351479179720471,-0.4071325695268416,0.2692748767211807,0.1930816352501782,-0.007106419049971682,-0.007360024670491098,-0.010821553393227297,-0.006800585567392337,-0.006906015772868126,-0.011919017125019533,0.07653879415936996,0.04430798836733014,0.004,0.0,0.07629303661968208,0.05172264984415201,53.63473653612698,0.0715129820481693,25.0,28.63473653612698,0.9805409663578701,0.16256593296122507,0.03333333333333333,0.27120791352891715,0.6192970540613145
behavior_probe_0.00,751014,1,disconnected,disconnected,750,0.007849011831508806,nan,-0.1755911563361777,-0.4565313155892455,-0.17923158756643007,-0.4557691703471617,0.0036404312302523558,0.006090663678831432,-0.0040823330648062876,-0.005841614526913207,-0.0011720506016162091,-0.007283275642017796,-0.005132505897047852,-0.002150114549204007,0.04112240467683433,0.04084269437939458,0.0,0.0,0.11464158071283617,0.0016149244192246231,8.168197300666835,0.010890929734222446,0.0,8.168197300666835,0.18445333379935025,1.1882060876195053,0.0,-0.697226368773241,-0.03404935333545744
behavior_probe_0.00,751014,2,connected_restored,connected,750,-0.001325520654397255,nan,-0.16168543555115922,-0.44601768516834955,-0.16078242821122624,-0.44307714495301276,-0.000903007339932999,-0.0014231483711191206,0.0003888590482649939,-0.001970220362598874,8.655089555866786e-05,0.0004308393221584296,-0.0020471165765283913,9.263197110486285e-05,0.042069549282931065,0.042143550998198845,0.0,0.0,0.07814999796271153,0.00041628083415108717,2.3045002123007254,0.0030726669497343007,0.0,2.3045002123007254,0.1457437152835957,0.5781323304201397,0.0,-0.6803793328717936,0.030284922278281372
behavior_probe_0.00,751015,0,connected_initial,connected,750,0.2918645386644123,nan,0.12579567282493145,-0.22925523227032513,-0.18404917202293405,-0.47526961861882155,0.3098448448478655,0.2216288111094099,-0.003887873936015454,-0.004826360968233921,-0.009116953447408354,-0.0031353096397170655,-0.004043146340351741,-0.006786412677528223,0.0743978539380999,0.04020390330930291,0.008,0.0,0.06924585458044202,0.0464877420185686,50.16588226145001,0.06688784301526668,20.0,30.165882261450005,0.994344595151887,0.1649687057073315,0.02666666666666667,0.3113920193202872,0.6395989688436324
behavior_probe_0.00,751015,1,disconnected,disconnected,750,0.000662648266898953,nan,-0.16438087487635894,-0.4355498599201156,-0.16466917790181432,-0.4366862378816706,0.00028830302545538753,0.0010815657700445347,-0.000545913363942943,-0.002604363258409634,-0.0008197491870933025,-0.0021483251353960754,-0.002979724192498359,-0.0012715720463435482,0.041901108154783706,0.0418748793581394,0.0,0.0,0.10520407181283269,0.0006905527559480784,4.794390898046581,0.006392521197395441,0.0,4.794390898046581,0.15304710274417938,1.0759496756809368,0.0,-0.7706910520187618,-0.0402975117333335
behavior_probe_0.00,751015,2,connected_restored,connected,750,3.6647324293418016e-05,nan,-0.230039276747322,-0.5107083796103745,-0.23021254387302498,-0.5105652607744959,0.00017326712570292155,0.00012977717188891735,-0.0016635166010549843,-0.002412410417913774,4.579699313738095e-05,-0.0014448800927411216,-0.0016149294656876917,0.00018665053032594796,0.03655743997231813,0.03654355240268605,0.0,0.0,0.0897581608235878,0.0005113648103930664,2.637580663580491,0.003516774218107321,0.0,2.637580663580491,0.1505628786695703,0.6215770435632265,0.0,-0.7726753514623524,0.01652649111022495
behavior_probe_0.00,751016,0,connected_initial,connected,750,0.27953299512994995,nan,0.08323962058317613,-0.22770656102845602,-0.18727526900293948,-0.45907076286634535,0.2705148895861156,0.2301315332515935,-0.0061459111912367135,-0.004440200940856793,-0.002039255161688914,-0.005931387405214665,-0.003429668985091649,-0.0027605347371023672,0.06771888492207713,0.03993786259453478,0.004,0.0,0.07084154134951157,0.04064880842871736,46.42738789678395,0.0619031838623786,20.0,26.42738789678395,0.9969417185625595,0.14520214525112424,0.02666666666666667,0.24029304829366338,0.610839848605773
behavior_probe_0.00,751016,1,disconnected,disconnected,750,0.005285147520297817,nan,-0.1696743092023738,-0.45418912602403605,-0.1747517908643371,-0.4704360403987347,0.005077481661963286,0.005501646394761861,-0.0023347198886987325,-0.00536228142202617,-0.0035722070082829425,-0.0019144972223255738,-0.005902189133761867,-0.003876154072952076,0.04149876527308866,0.041073119382741864,0.0,0.0,0.11905821209694652,0.0009258554647017617,5.716924388096188,0.007622565850794917,0.0,5.716924388096188,0.17087981331018068,1.031882360381499,0.0,-0.8056647136608981,-0.0020272446649120175
behavior_probe_0.00,751016,2,connected_restored,connected,750,-0.00020564713858984724,nan,-0.16854597325133827,-0.43514375260633664,-0.16829382622989852,-0.4329601749070344,-0.00025214702143976455,-0.00048573308092297873,-0.001354429941747614,-0.003955588538437763,0.0002461970883915272,-0.001594940830728101,-0.003091388464627587,0.0001258221943999257,0.041318835615582104,0.04133953506249187,0.0,0.0,0.08542283550902617,0.0004838584519715885,2.725748905008376,0.0036343318733445015,0.0,2.725748905008376,0.14970337488029217,0.6470051988326573,0.0,-0.7198429865450259,0.0019426103542564876
behavior_probe_0.00,751017,0,connected_initial,connected,750,0.23296608471524652,nan,0.06685044631312584,-0.23227334807420125,-0.16949173006622328,-0.4349995105907467,0.23634217637934912,0.17466040280080944,-0.010247345716804017,-0.005667153662622915,-0.003984953578717021,-0.007906045048979876,-0.004834289323681216,-0.0028837322501876345,0.06525054328611361,0.04141242078283235,0.004,0.0,0.0629495898641204,0.03142130496323271,37.307557074255236,0.04974340943234031,13.0,24.307557074255236,0.9686902359002534,0.13948254131276364,0.017333333333333333,0.1784167242573999,0.5486595025308562
behavior_probe_0.00,751017,1,disconnected,disconnected,750,0.002083675676570796,nan,-0.1498483231924519,-0.4422366712541315,-0.15104612148919117,-0.44318168554923854,0.0011977982967392767,0.0012169245671859175,-0.0030815877280280044,-0.0018436031209055476,-0.00011547645771372017,-0.002170811810710521,-0.0019531306379853603,-0.00013944448846847337,0.04310070642410653,0.042988601665542595,0.0,0.0,0.10193123194323071,0.0007023052439673918,5.613213335455649,0.0074842844472741985,0.0,5.613213335455649,0.15833993890519585,1.1821417785626234,0.0,-0.7513605763297742,0.006893214035357782
behavior_probe_0.00,751017,2,connected_restored,connected,750,-0.00020484865104694643,nan,-0.19581885869100232,-0.45117685166835975,-0.19549318739262764,-0.4514602252142813,-0.0003256712983746709,-0.00012323733489116862,-0.0024227817915734094,-2.9845401378560583e-05,-1.288301993392545e-06,-0.0019776965713252837,-0.0006687127190745481,-5.5436674849209916e-05,0.039309188878909995,0.03933633441914815,0.0,0.0,0.07774294962716459,0.0004356930923892235,2.382194837128524,0.003176259782838032,0.0,2.382194837128524,0.1497101153460607,0.5668470843396383,0.0,-0.7055346427958363,0.02656641824191845
behavior_probe_0.00,751018,0,connected_initial,connected,750,0.31142818442223175,nan,0.22805261029869273,-0.12940953928741916,-0.10610709305353608,-0.3803888266377757,0.33415970335222883,0.25060836577835344,-0.005213822641428711,-0.009169748232799476,-0.0017825127130943605,-0.0049594335433379684,-0.008761599610115488,-0.0006825321208308758,0.09078866092888897,0.047004853044565795,0.004,0.0,0.09607217296595547,0.057103616701244954,56.74285566046729,0.07565714088062306,25.0,31.742855660467292,0.9981311246697235,0.17827758464142576,0.03333333333333333,0.29817371022545514,0.6874655023863471
behavior_probe_0.00,751018,1,disconnected,disconnected,750,0.0047657353919562705,nan,-0.2181664874654956,-0.4979560360955813,-0.22186552586637567,-0.5034332481926078,0.0036990384008800596,0.005275321079274059,-0.003807989415817625,-0.0014521490542429934,-0.0006322327470868346,-0.0035450877539292096,-0.001603971922939883,-0.0008576530597075677,0.03752991493594395,0.037251659234466813,0.0,0.0,0.11476631195634741,0.0008696207825981174,5.843323750878463,0.007791098334504617,0.0,5.843323750878463,0.16896475003335518,1.086817876865761,0.0,-0.8055892548089222,0.027170638528739886
behavior_probe_0.00,751018,2,connected_restored,connected,750,-0.0003665546606355925,nan,-0.16593003530678363,-0.4268176668965754,-0.16567057103757443,-0.42539135346454304,-0.00025946426920921974,-0.00014092833413154038,-0.0029766103818025065,-0.0009818649008300707,4.5879799772293136e-05,-0.0035459632390966163,-0.0011329620909324603,5.3278353384428335e-05,0.04169909960722921,0.0417203809279777,0.0,0.0,0.08788869411745592,0.0004929172318960314,2.6249670088418915,0.003499956011789189,0.0,2.6249670088418915,0.14911589218988455,0.6300306846256077,0.0,-0.7273921489133294,0.0023810207313818637
behavior_probe_0.00,751019,0,connected_initial,connected,750,0.3637366890413498,nan,0.24636664312310255,-0.10929201187098361,-0.14170360397840556,-0.4030456077106201,0.38807024710150806,0.2791542661362334,-0.008568702226489639,-0.014176671027256482,-0.005716653644270507,-0.007660985018900695,-0.012372466146763936,-0.004164300201906275,0.09435388451364134,0.04421300812956316,0.0013333333333333333,0.0,0.08635324553013608,0.05843091345356331,59.652537084728664,0.07953671611297156,27.0,32.652537084728664,0.9993281235041693,0.17824457591024906,0.036,0.3991844056280578,0.7194947793458257
behavior_probe_0.00,751019,1,disconnected,disconnected,750,0.009369120602241543,nan,-0.20022356713734227,-0.44041122817450407,-0.20778086012068392,-0.45064110058669926,0.007557292983341658,0.00874028519413178,-0.008342494407888446,-0.0014734973319524033,0.0002161832921157166,-0.00645706878133655,-0.0002742535919653395,0.00022692911164664653,0.03917466097769352,0.038544282674584485,0.0,0.0,0.11861677654316097,0.0013832265017209389,8.00801237689464,0.010677349835859521,0.0,8.00801237689464,0.1892423713065619,1.1386299695718884,0.0,-0.8058498508797911,-0.07671022366582238
behavior_probe_0.00,751019,2,connected_restored,connected,750,-0.0007837210210053233,nan,-0.17622049318028113,-0.4493028135341501,-0.17568058780469703,-0.4525026177907282,-0.0005399053755841368,-0.0008970932351867189,-0.0011337986583956712,-0.0024061686444161894,3.7074117617934556e-06,-0.001722670867624044,-0.0027940702841077326,1.479739197821039e-06,0.04088580586505201,0.0409309268287084,0.0,0.0,0.08255493455989887,0.00046472619583564354,2.621315819598502,0.0034950877594646696,0.0,2.621315819598502,0.14764860189358922,0.6356085364732528,0.0,-0.7154734593344585,-0.08169919600765115
behavior_probe_0.00,751020,0,connected_initial,connected,750,0.24834814216937717,nan,0.05904505920887565,-0.20776765598367605,-0.18674632045745101,-0.4287055193305186,0.24579137966632666,0.19141279838473893,-0.007214901128168322,-0.003744674575414646,-0.005508398650913897,-0.006870138806125149,-0.0026324272246574707,-0.004316293016668666,0.06506739364479834,0.04013372939946669,0.008,0.0,0.05913269406763917,0.03492384942593922,39.66210461024469,0.05288280614699292,14.0,25.662104610244686,0.9863843383827058,0.14163545180660986,0.018666666666666668,0.21630473528984126,0.5635705472980722
behavior_probe_0.00,751020,1,disconnected,disconnected,750,0.0035414798604895305,nan,-0.19760201784206732,-0.4483289150803793,-0.2016214070452528,-0.45345650001802884,0.0040193892031854615,0.0033545432403424558,-0.0033927229022698555,-0.0022182509143944987,-0.0008434332264198388,-0.003474564606417573,-0.0016538503584704494,-0.0008062446105362892,0.039221741659740794,0.03890899932671005,0.0,0.0,0.10726977826231597,0.0007579589985717895,5.780720253207113,0.0077076270042761505,0.0,5.780720253207113,0.16394534201052977,1.1448124063266698,0.0,-0.7852930967037386,0.012369561771814842
behavior_probe_0.00,751020,2,connected_restored,connected,750,-0.00013559459186319076,nan,-0.18584273089586104,-0.4798356706991103,-0.18575542163398934,-0.4822008682592952,-8.730926187168176e-05,-4.489263760287798e-06,-0.0005176639642370285,-0.0009219296315480667,7.452400422681693e-06,-0.0009648564954548216,-0.0013186019971880882,-1.448918141984009e-05,0.040060401739907325,0.04006462809983871,0.0,0.0,0.08607894660960629,0.0004929039965653552,2.5164096282672874,0.0033552128376897164,0.0,2.5164096282672874,0.14997083787003196,0.594108590476294,0.0,-0.7336333843100119,-0.05412258685322685
behavior_probe_0.00,751021,0,connected_initial,connected,750,0.3368616021023784,nan,0.16950828858273576,-0.1651625386307483,-0.173277785807262,-0.4330543343681019,0.3427860743899977,0.2524489025459066,-0.004184488571115558,-0.010440137079342576,-0.009767283544577083,-0.0025368567483568917,-0.008829929288173636,-0.009228455462265825,0.080328480165675,0.041236425380798435,0.004,0.0,0.07370322311242286,0.05141942699954117,53.77346411864879,0.07169795215819838,24.0,29.77346411864879,0.9989808066970565,0.1647843663667555,0.032,0.35648272196219444,0.6681889405918457
behavior_probe_0.00,751021,1,disconnected,disconnected,750,0.004750247285530344,nan,-0.19294200659427163,-0.462274221385087,-0.19571421731597935,-0.46650781958610676,0.0027722107217077224,0.003141333108632821,-0.0027741048386418134,-0.004131814836293053,-1.463054757401494e-05,-0.0032610828247499044,-0.005082942300066625,-1.4141067098040708e-05,0.03943038586722911,0.03922000736376999,0.0,0.0,0.10549978199422728,0.000885775362446196,5.855212164493482,0.0078069495526579755,0.0,5.855212164493482,0.1698840138102201,1.0770860131585074,0.0,-0.7375653474610859,0.007339778777478336
behavior_probe_0.00,751021,2,connected_restored,connected,750,0.0002072678384335948,nan,-0.16787692040767452,-0.45548246731022946,-0.16813474431637485,-0.4453726620506041,0.00025782390870034513,3.5915544392639553e-05,-0.0024635475858666186,-0.003260902898709972,1.2230179676833894e-06,-0.001945220243948612,-0.0028317638979282775,-5.279199340078756e-06,0.041526759227317106,0.041508304759594036,0.0,0.0,0.08517283439683881,0.00048228009021637086,2.724875246222901,0.003633166994963868,0.0,2.724875246222901,0.15120434867296248,0.6384003033986185,0.0,-0.7162207491519431,0.06292832905946315
behavior_probe_0.00,751022,0,connected_initial,connected,750,0.36604993216232695,nan,0.2060562765515779,-0.15093815874104588,-0.16586896063738762,-0.42939038988390577,0.3719252371889655,0.2871453367821223,-0.006833070698275743,-0.013321756633809046,-0.015660309514177965,-0.007374399715922031,-0.012977686009665894,-0.015889718250294657,0.08643601856815251,0.04171220594802269,0.0026666666666666666,0.0,0.08472523330139232,0.055479047540446975,55.72493913840486,0.07429991885120647,26.0,29.724939138404856,0.9995307822952194,0.16488836663240883,0.034666666666666665,0.37657630786389046,0.7172915868788633
behavior_probe_0.00,751022,1,disconnected,disconnected,750,0.0062439841080017214,nan,-0.20071798676244912,-0.47421080630361234,-0.20651663051785873,-0.47234845188175234,0.005798643755409583,0.005180143332690179,0.00021677913048462737,0.00038976002894137676,-0.0017617342995886332,0.0004804057469386639,0.0011625638151059397,-0.002124821327303202,0.03890838129389291,0.03845184575788912,0.0,0.0,0.10635206593913422,0.0009346890537604121,5.803011915694816,0.0077373492209264205,0.0,5.803011915694816,0.17516346537826313,0.9876589105592039,0.0,-0.7861289357245063,-0.029072881500435105
behavior_probe_0.00,751022,2,connected_restored,connected,750,-0.0006650260892744448,nan,-0.18859226931752587,-0.4319735837478551,-0.18810502275590724,-0.4332035112347277,-0.00048724656161861516,-0.0004989076373069778,0.00028930805137816583,-0.0018318865432992667,-1.0426028920423954e-05,-0.0010423530922986425,-0.002009162065064422,-1.4131280458668737e-05,0.039886689930246175,0.03992451017875715,0.0,0.0,0.07268864372617237,0.00039682733775231157,2.5560824811582497,0.0034081099748776663,0.0,2.5560824811582497,0.14807706400138934,0.6243773771490366,0.0,-0.6699853026765193,0.06878319898322335
behavior_probe_0.00,751023,0,connected_initial,connected,750,0.3065373274700496,nan,0.22707911416200227,-0.14447620574704717,-0.10550259248985537,-0.3730548431839521,0.3325817066518576,0.22950787202076994,-0.006426361747321385,-0.010102603316508715,-0.012445193066665302,-0.004576496611642086,-0.010046030218286976,-0.00990786494887717,0.08995580651404286,0.04713441222255885,0.006666666666666667,0.0,0.08293917371500471,0.055409200461263304,56.24524791495073,0.07499366388660098,24.0,32.245247914950724,0.9976803853244827,0.17704242138004292,0.032,0.32457027172025676,0.6571876820176664
behavior_probe_0.00,751023,1,disconnected,disconnected,750,0.005995894921686614,nan,-0.17592872138524668,-0.4536775187579185,-0.18035995024334336,-0.4578354164521229,0.004431228858096663,0.00393543344824826,-0.005851463713252945,-0.0005557698956106441,-0.00027519630293727527,-0.0064550897306577685,-0.00022648459738740877,-0.0005511856364540563,0.04084234939032572,0.04048754465775166,0.0,0.0,0.13406697869481463,0.0011898585948015895,7.215357794497909,0.009620477059330546,0.0,7.215357794497909,0.17407192338935618,1.238180601125947,0.0,-0.8085319570164626,0.02933397223318104
behavior_probe_0.00,751023,2,connected_restored,connected,750,2.2607089538395306e-05,nan,-0.1994589456017946,-0.48265147339510056,-0.19938917899799413,-0.4807612920588097,-6.976660380051514e-05,-8.77627365932776e-05,-0.0037421097841298092,-0.0025477613746020494,2.4221366550821448e-05,-0.003137071203517184,-0.0022108733038673635,0.00010491152559466455,0.03896496445113367,0.03896964262667846,0.0,0.0,0.08392087449628906,0.0004776351177222581,2.6944379347089007,0.003592583912945201,0.0,2.6944379347089007,0.15052311995355036,0.6346546262723817,0.0,-0.7342996409174715,0.044344905203022845
behavior_probe_0.00,751024,0,connected_initial,connected,750,0.3098367787686347,nan,0.12950495567435413,-0.1947406812015895,-0.17667461130177461,-0.4668110057770467,0.3061795669761288,0.23265268000015232,-0.008311248025313654,-0.0069042118137545875,-0.005259266510662829,-0.0075477327438679825,-0.0051388325358629975,-0.00580772312569506,0.07328769532530088,0.04070740925260464,0.006666666666666667,0.0,0.07041071781981736,0.04246250101544677,45.82816279875934,0.06110421706501245,18.0,27.828162798759337,0.9962987728092785,0.15261399907373382,0.024,0.25154825015078836,0.6329715420362728
behavior_probe_0.00,751024,1,disconnected,disconnected,750,0.0004992337420584235,nan,-0.20675336617649032,-0.48697723571321694,-0.20755229698504954,-0.4926952803810677,0.0007989308085591605,0.00014563025353669934,0.005419793924768387,0.0005414381393737415,-0.00028273547583128377,0.0034655026763927847,-0.0001314467010663239,-0.0003947016066899895,0.038562450113284574,0.03849906183853294,0.0,0.0,0.08381380077989059,0.0005233905222423133,4.909900586379969,0.006546534115173292,0.0,4.909900586379969,0.1524172953624532,1.119402877407922,0.0,-0.7252445593080178,0.012431996653909025
behavior_probe_0.00,751024,2,connected_restored,connected,750,0.00012136374280719758,nan,-0.18785556381837396,-0.44924639935118726,-0.18790571922786095,-0.44636086773009287,5.0155409486996554e-05,2.543324933174107e-05,-0.0021387634470438417,-0.001097933995996625,5.240341778377244e-05,-0.0014094939618059734,-0.001391551410547508,6.324876243506287e-05,0.040035156069314806,0.04003153603890712,0.0,0.0,0.08812197657256676,0.0005025638417525747,2.6643401588628324,0.003552453545150443,0.0,2.6643401588628324,0.15088159620958858,0.6248647457366898,0.0,-0.7397899498566155,0.03329792182823837
behavior_probe_0.00,751025,0,connected_initial,connected,750,0.2876354830781985,nan,0.19522777373495032,-0.14986045295628836,-0.12700403860152357,-0.4029007625719581,0.32223181233647386,0.21705254411900132,-0.007417660390216836,-0.006718581048403555,-0.0020949746913741436,-0.006506364234480086,-0.006273661552894454,-0.0006023363346034793,0.08496213142696205,0.04500092706329391,0.008,0.0,0.08668846109132988,0.04801986790565115,50.752889690370345,0.06767051958716046,19.0,31.75288969037035,0.9888025247802482,0.17722874417596024,0.025333333333333333,0.2938512694896175,0.689605658774676
behavior_probe_0.00,751025,1,disconnected,disconnected,750,0.004013907184459987,nan,-0.22109031268288998,-0.5154411584985824,-0.2250327925839671,-0.5258249442648721,0.003942479901077148,0.003808145167986998,-0.006376303089789859,-0.002534346381064581,-0.0004194959538498505,-0.006356008411472759,-0.0033440199380704487,-0.0004452531219893885,0.037292196136055965,0.03700535504075031,0.0,0.0,0.11017276641070396,0.0007772024022432014,5.3659527080865725,0.007154603610782097,0.0,5.3659527080865725,0.1658164099041718,1.0434984054618892,0.0,-0.8019404762554401,0.039344290126798076
behavior_probe_0.00,751025,2,connected_restored,connected,750,-0.0005493354854208231,nan,-0.172314244789004,-0.45598840647229555,-0.1716782949331603,-0.4556937419693995,-0.0006359498558436652,-0.00064061844673724,-0.0017169061651505888,-0.003962830445864424,-7.814257128432238e-06,-0.0012665190431140486,-0.0036060056401841165,-2.4842009368307207e-05,0.04116535790808382,0.041218707554460776,0.0,0.0,0.0760305262602887,0.0004201580600277179,2.3562952485132596,0.0031417269980176794,0.0,2.3562952485132596,0.1484701991145262,0.570336168978562,0.0,-0.6796544228401145,0.06361870101361038
behavior_probe_0.00,751026,0,connected_initial,connected,750,0.3423073540171605,nan,0.23211734459423428,-0.11818325809201338,-0.1256842279203779,-0.4155305540589608,0.3578015725146122,0.2770623075962676,-0.013428318199638497,0.00021642336676742157,-0.006542456862003954,-0.012587428364755543,0.0007739043856546503,-0.006975058369786167,0.09110461063461395,0.045147898071762255,0.005333333333333333,0.0,0.08419097666431842,0.05150386633088836,55.57871524583793,0.07410495366111723,24.0,31.578715245837934,0.9988718980773601,0.17523846710650007,0.032,0.3236439138486256,0.673037628731377
behavior_probe_0.00,751026,1,disconnected,disconnected,750,0.0017023153117482319,nan,-0.18057469493710276,-0.45075510560743615,-0.1825625917355451,-0.4503739026429653,0.0019878967984423017,0.0016109370794354372,0.00034903694687735793,-0.0014832270228860246,-0.00019094555262069113,-0.0007358438398539034,-0.0014402866120952387,-0.00018436635923580895,0.040573199207746775,0.04040489498365532,0.0,0.0,0.11288613415563176,0.0007328165976546687,4.752194384315176,0.006336259179086902,0.0,4.752194384315176,0.15684809147122078,1.0248408615073263,0.0,-0.7959774337699934,0.00910901119136167
behavior_probe_0.00,751026,2,connected_restored,connected,750,-0.0005402935898097339,nan,-0.16854059699830162,-0.4168500265897819,-0.1679487017733383,-0.4175945103255636,-0.0005918952249633487,-0.0005474560296830355,-0.003675256364771759,-0.004474636896392302,3.9284630062894326e-05,-0.0038741472397901583,-0.003701117295225284,3.63989369470915e-05,0.041622943332250806,0.04167259049291348,0.0,0.0,0.07471059919422078,0.00041544103258028077,2.2501896785589577,0.003000252904745277,0.0,2.2501896785589577,0.1484972428242018,0.5431663380286367,0.0,-0.6705138401355798,-0.014607680319258127
behavior_probe_0.00,751027,0,connected_initial,connected,750,0.3032733786347961,nan,0.19949125191291242,-0.12834787576602297,-0.11757570159879524,-0.4129893649762739,0.31706695351170766,0.2460672217371403,-0.01247090609972517,-0.00516672656179339,-0.007390812290323346,-0.012560919460398194,-0.004295087444071241,-0.004649265864554815,0.0854399028219855,0.045886618994820064,0.004,0.0,0.08225941802802413,0.04587765829403444,47.90185923162295,0.06386914564216394,19.0,28.90185923162295,0.9953244069066589,0.1603650894325104,0.025333333333333333,0.30194085367394424,0.6542047742249015
behavior_probe_0.00,751027,1,disconnected,disconnected,750,0.0021891620782587607,nan,-0.19109206120635736,-0.46619885212837686,-0.19232322070596805,-0.46391110488198695,0.0012311594996107184,0.0015288864459871987,-0.002891362104463602,-0.004998533082933435,-0.0001456866572681678,-0.0016760691232237809,-0.0034398807508509576,-0.000358523368457594,0.03969636987123609,0.039597478364407926,0.0,0.0,0.11107428749505335,0.0007874728316261506,4.857763288070691,0.0064770177174275885,0.0,4.857763288070691,0.15882139828469247,1.004769465061051,0.0,-0.7933128742411749,-0.02487595135117784
behavior_probe_0.00,751027,2,connected_restored,connected,750,-0.0004235443051168533,nan,-0.21906343309386275,-0.48439956047928956,-0.21866958260810862,-0.48248391641047106,-0.0003938504857541281,-0.0005145950952505085,-0.001774354172428323,-0.001532613177178717,8.671691638715884e-05,-0.0008537734394567822,-0.001004735591326854,6.019749474117661e-05,0.03750748887004465,0.03753666125913657,0.0,0.0,0.06842200961351046,0.0003831218881955674,2.4132062474695033,0.003217608329959338,0.0,2.4132062474695033,0.14891136186433007,0.5800760889304744,0.0,-0.6774602763526582,-0.02082256978593945
behavior_probe_0.00,751028,0,connected_initial,connected,750,0.2476249831559951,nan,0.12183724991809375,-0.19398480633588094,-0.1497263012480182,-0.41301321233488336,0.27156355116611197,0.199328871467816,-0.007213673186019519,-0.0018817920646013201,-0.00797266225752663,-0.005284314641307236,-0.00095237142678213,-0.005198016674047771,0.0734354167332028,0.043065810895050495,0.0026666666666666666,0.0,0.07063094339301047,0.04001238705792636,44.543328850896366,0.059391105134528485,18.0,26.543328850896366,0.9898986055774597,0.14747739619001113,0.024,0.23481912452074769,0.5930320583711545
behavior_probe_0.00,751028,1,disconnected,disconnected,750,0.001295360836100197,nan,-0.15751047934262566,-0.4060263178609663,-0.1582961527841163,-0.40695310609292756,0.0007856734414906467,0.0008874790734652027,-0.0005896072609747738,0.0006866087431575005,-7.394027507724162e-05,-0.00048543969464274106,-0.0005783260282597765,-0.00012702147920165508,0.04247175763214474,0.042413039771930776,0.0,0.0,0.10818313567577999,0.0006615266106800156,5.246384636499314,0.006995179515332418,0.0,5.246384636499314,0.1552696586724351,1.1584278108092303,0.0,-0.7768946725752075,0.02968264545300515
behavior_probe_0.00,751028,2,connected_restored,connected,750,-0.00016319770089533183,nan,-0.17130991451109762,-0.45061612225089653,-0.17113878256646903,-0.4489230660246405,-0.00017113194462855375,-0.00021415727266788087,-0.00015089957133421466,-0.0024226252364968194,1.74021567486821e-05,-0.0003678713501557406,-0.003177218396710032,1.480876131335441e-05,0.041222837531833735,0.041237100431127556,0.0,0.0,0.0794611371395778,0.00044271645095688794,2.855869038430034,0.0038078253845733787,0.0,2.855869038430034,0.1498454104661198,0.677011314261381,0.0,-0.6977646014158099,0.03316663344775515
behavior_probe_0.00,751029,0,connected_initial,connected,750,0.29612633993018794,nan,0.10584716270158571,-0.18807191363381606,-0.19733649443273696,-0.43935438028620644,0.3031836571343226,0.22539379346768662,0.00450519028314019,-0.004199595424510379,-0.005456902655915477,0.00669826185999662,-0.003133644960178698,-0.00450570958691724,0.07105263178509477,0.039123193317876274,0.005333333333333333,0.0,0.0692593871165201,0.04358435047387695,47.259614147221434,0.06301281886296191,18.0,29.259614147221434,0.9889053480829133,0.16201519641822232,0.024,0.2866093334615022,0.6492036682338466
behavior_probe_0.00,751029,1,disconnected,disconnected,750,0.003135306458525432,nan,-0.1623376691072087,-0.40375010433410874,-0.1649184630269114,-0.40647625203851934,0.0025807939197026826,0.0035514105023736753,-0.0035107304250164145,-0.0018654573850858055,-0.0006090245294292375,-0.004177653058150991,-0.0020815404150500132,-0.0007889809796119053,0.04204106838762918,0.04182311317687217,0.0,0.0,0.11771943954821305,0.0008385480208593458,5.5595293177574625,0.00741270575700995,0.0,5.5595293177574625,0.16230917288866356,1.1097440437470376,0.0,-0.802103760085854,-0.029974262291589223
behavior_probe_0.00,751029,2,connected_restored,connected,750,-0.0004496425448514151,nan,-0.1706323007160725,-0.44840439485173367,-0.17021011777917336,-0.4499780399044953,-0.0004221829368991289,-0.00022552336657111205,0.000625967884173713,-0.0018564193417497847,0.00013552218834054456,-3.66254632845003e-05,-0.0020135274043136427,0.00011731693879782644,0.04130115700644135,0.04133713807641266,0.0,0.0,0.08631017065838115,0.00048665873062541293,2.65996751863303,0.0035466233581773732,0.0,2.65996751863303,0.14883047237002553,0.6376419589373608,0.0,-0.7256987969105181,-0.06418834989367272
behavior_probe_0.03,751000,0,connected_initial,connected,750,0.1992345716726324,nan,0.06222730982933096,-0.2523815683690419,-0.1410561698927642,-0.43810146398631805,0.2032834797220952,0.15392453690481797,-0.00945997904328633,-0.006320852480238425,-0.0011232847609468108,-0.009179068375412906,-0.0053130082831414,-0.0009619974215843107,0.06560457849928404,0.04373800779800951,0.004,0.0,0.068122129085237,0.031208804683181532,37.845626078552776,0.0504608347714037,14.0,23.845626078552776,0.9173888565045419,0.1556887842057533,0.018666666666666668,0.13583569183603525,0.5373432388179427
behavior_probe_0.03,751000,1,disconnected,disconnected,750,-0.06501353954188592,nan,-0.15013519567725495,-0.4248509051795025,-0.08424107552834736,-0.3706921466601879,-0.06589412014890758,-0.03535816688837412,-0.002384241875429603,-0.00022256212101178614,-0.0020067896710933013,-0.0020624252546813087,-0.001144010750165676,-0.002537141944491582,0.043053196030987485,0.0491080606071086,0.0,0.0,0.1095895274037257,0.026906145287389056,20.347574122111816,0.027130098829482422,20.0,0.3475741221118164,0.03785073697922579,1.1592814097132769,0.02666666666666667,0.003876941134798288,0.0036963732988515006
behavior_probe_0.03,751000,2,connected_restored,connected,750,0.2637388408049258,nan,0.13873029921049493,-0.1736615216451739,-0.12709927409619762,-0.397952954985085,0.2658295733066926,0.19846710227703002,-0.017378828187103405,-0.015965798399067553,-0.010965986750495886,-0.015960186755294932,-0.015548829284735636,-0.010607477395542044,0.07683895647546508,0.045279650588332554,0.0013333333333333333,0.0,0.07670901377393949,0.04849503115326847,51.23782828913238,0.06831710438550984,22.0,29.237828289132384,0.9940350551518422,0.16231823257108602,0.029333333333333333,0.29773947976568843,0.6444259725355632
behavior_probe_0.03,751001,0,connected_initial,connected,750,0.2791339051648095,nan,0.09140440539649392,-0.1846545576270936,-0.16332839323793916,-0.44170487651129925,0.2547327986344331,0.21592380548423667,-0.002866933880359267,-0.006788945682258499,-0.0031492021749797827,-0.001953274618062578,-0.007058758598446997,-0.005735488730474536,0.07036939599289553,0.042220551337799776,0.004,0.0,0.07487689022050341,0.04443186339428875,49.701380167392884,0.06626850688985718,20.0,29.701380167392877,0.9872241612997837,0.16633020553427716,0.02666666666666667,0.2155584438870646,0.6180710795826385
behavior_probe_0.03,751001,1,disconnected,disconnected,750,-0.07090691147811244,nan,-0.16412707110906585,-0.43508194923235244,-0.09367275576689459,-0.3801638896473265,-0.0704543153421713,-0.02691881113005956,-0.004631582354041605,-0.0032317733083338396,-0.002879322008951634,-0.0056481623573546354,-0.0031347133510719618,-0.002452801381107737,0.04189581909459269,0.04833197853649587,0.0013333333333333333,0.0,0.12680663610900259,0.030653714473775916,23.73167284388741,0.031642230458516545,23.0,0.7316728438874108,0.046731948389850016,1.100003520690743,0.030666666666666665,-0.01720540176091755,0.024572700719602734
behavior_probe_0.03,751001,2,connected_restored,connected,750,0.20795701937082156,nan,0.060956570088471836,-0.23430468008087235,-0.1328396182425405,-0.4058080707363707,0.19379618833101234,0.15085553419207756,-0.007164224699257965,-0.013502107798459586,-0.007897843168851955,-0.008076201332740276,-0.013041191433762004,-0.009109748172397493,0.06511173035267173,0.044535653357425306,0.0026666666666666666,0.0,0.06743144970573928,0.03441012771077543,40.071935905541984,0.05342924787405598,16.0,24.071935905541984,0.9617085572799915,0.14161179344053978,0.021333333333333333,0.1561717945968555,0.5562777701715051
behavior_probe_0.03,751002,0,connected_initial,connected,750,0.23221239405165184,nan,0.015492836148408087,-0.24267392391809953,-0.20040931343352159,-0.43988244741792537,0.21590214958192974,0.17663516977339638,-0.006641465588897883,-0.007857514280458461,-0.0044964906604780105,-0.006397680126841396,-0.006169285717655978,-0.005342288400658572,0.05808464898926191,0.038850747394136256,0.006666666666666667,0.0,0.05619088203166332,0.030026115136327858,38.13573502976902,0.0508476467063587,12.0,26.135735029769023,0.9582258057682226,0.1534167467876382,0.016,0.1366087909859678,0.5010805390405341
behavior_probe_0.03,751002,1,disconnected,disconnected,750,-0.11846481780158452,nan,-0.18123294888851244,-0.4361631575328013,-0.07253641462462797,-0.36161885464654453,-0.10869653426388451,-0.062153447674167805,0.002858277624615807,-0.0016892830588342857,-0.0005404200929216073,0.003374009335231671,-0.0014643385286695091,-0.0003148880824390305,0.040420176999929,0.050060140958086786,0.0,0.0,0.09715080130428606,0.0294052247859679,22.087329349710068,0.02944977246628009,22.0,0.08732934971007092,0.01831279755812687,1.1600497566292918,0.029333333333333333,-0.012343363455808814,-0.023576219043201525
behavior_probe_0.03,751002,2,connected_restored,connected,750,0.24175382174655927,nan,0.07925788537849573,-0.23245247525189172,-0.16824533619641116,-0.40400527192187297,0.2475032215749069,0.168461541835149,-0.010803043528218226,-0.022349515040739433,-0.00973003024294979,-0.01135061238351719,-0.022373119662803486,-0.01024042035988659,0.06701696792241216,0.041565845571311995,0.006666666666666667,0.0,0.06693892770673006,0.03748154451596657,41.26904545076866,0.05502539393435821,15.0,26.269045450768658,0.9772210588785024,0.14811188088174432,0.02,0.2533264122042229,0.6109082915379406
behavior_probe_0.03,751003,0,connected_initial,connected,750,0.3591174603408182,nan,0.214522367345207,-0.12010214407659825,-0.1452333832398406,-0.4144756220090515,0.3597557505850476,0.2930889471675484,-0.009939032538413727,-0.009418088673632032,-0.014343915370698991,-0.009267411206847227,-0.008465809010558692,-0.013228172159380705,0.08840568021758685,0.04354268060556803,0.005333333333333333,0.0,0.08188156671326524,0.055508555374824506,56.562714543646045,0.07541695272486139,27.0,29.562714543646045,0.9995860479112262,0.16287537419979364,0.036,0.34181189941724077,0.6770183747423334
behavior_probe_0.03,751003,1,disconnected,disconnected,750,-0.12209347988574194,nan,-0.23320971445511535,-0.49555640004519397,-0.13352384182582477,-0.4052106515069157,-0.09968587262929061,-0.060718886146679585,-0.0035674878683508928,-0.003406748846070993,5.3182399250693236e-05,-0.002560119649656685,-0.0031496663743166417,0.00030320973684242397,0.036456516030228904,0.04427990032627937,0.0013333333333333333,0.0,0.10821076178259852,0.022773733683442855,17.110141124525924,0.022813521499367898,17.0,0.11014112452592212,0.019724357107627852,1.1136828881145764,0.02266666666666667,-0.09828711659490258,-0.05869966713421961
behavior_probe_0.03,751003,2,connected_restored,connected,750,0.28243130171959635,nan,0.19487671716194485,-0.16138140552552477,-0.09472562779829703,-0.38495831610826453,0.28960234496024184,0.1989555372824373,-0.015808615046213195,-0.01386386049968076,-0.00947695221850843,-0.016324902547503295,-0.013747701269894443,-0.009923425664426605,0.08438584720095241,0.048099963090923986,0.005333333333333333,0.0,0.09083636432282652,0.05362276059144803,53.08498244034923,0.07077997658713231,23.0,30.08498244034923,0.9911899997492513,0.1665158169880914,0.030666666666666665,0.27993317339419127,0.6731122365289995
behavior_probe_0.03,751004,0,connected_initial,connected,750,0.27790758465370574,nan,0.1434425074317867,-0.16621060477427052,-0.12928031524323902,-0.3805267089577998,0.2727228226750257,0.22126354012288285,-0.0031820553628451116,-0.007860570961833976,0.0004143474526075147,-0.0015376678425114442,-0.006610662514629136,0.0010379856604770157,0.07661700198914083,0.044932564311313566,0.009333333333333334,0.0,0.06982093180214921,0.03796196627060897,42.75547273487443,0.057007296979832575,16.0,26.755472734874427,0.9946607847465193,0.14721564205604784,0.021333333333333333,0.22533006946408637,0.5891702689882286
behavior_probe_0.03,751004,1,disconnected,disconnected,750,-0.13375552908583482,nan,-0.18786003130065962,-0.4741511300125513,-0.07382846915066661,-0.35740169394459176,-0.11403156214999303,-0.06471246832776001,-0.0011554470742318565,-0.001242697933552629,-0.001478665041174832,-0.000971855088486981,0.0002624688529290738,-0.0019037392960731493,0.039832713855984164,0.05006264190614149,0.0013333333333333333,0.0,0.10224399492008371,0.032281624899850286,24.286125857281615,0.032381501143042155,24.0,0.28612585728161294,0.025330883670323052,0.9965677879264334,0.032,-0.01179080040496745,-0.007508383327679162
behavior_probe_0.03,751004,2,connected_restored,connected,750,0.2806497805899152,nan,0.14683326666057334,-0.19138274438921565,-0.12731457434453863,-0.42928790507935666,0.2741478410051119,0.2048011402078236,-0.020147963704310812,-0.0172610698163665,-0.008208320792115078,-0.01939647663561809,-0.01612634898741037,-0.008253880437865542,0.0771404690810231,0.04507747082363756,0.004,0.0,0.07544019002076312,0.05174775220017427,54.13184789094499,0.07217579718792665,23.0,31.13184789094499,0.9931662567589818,0.171711707380074,0.030666666666666665,0.2800725402934127,0.6281061479694278
behavior_probe_0.03,751005,0,connected_initial,connected,750,0.2872388074848284,nan,0.13541213046639364,-0.15798044630017108,-0.1473960209650684,-0.4299132267074014,0.28280815143146204,0.20737521322068106,-0.0007414736129068621,-0.0037042602302737346,-0.0007617891606080315,-0.00043972343545385607,-0.003821119638316893,0.00017968276478353307,0.07735733331132784,0.04340302964737824,0.005333333333333333,0.0,0.07973723275045562,0.045849817203748484,48.31508055310675,0.06442010740414233,20.0,28.315080553106746,0.9879002348022117,0.1629060743811886,0.02666666666666667,0.2664222339266775,0.6387715152930935
behavior_probe_0.03,751005,1,disconnected,disconnected,750,-0.08633371234955238,nan,-0.17337852481129654,-0.47877917375430756,-0.09260112620263229,-0.40135707369507795,-0.08077739860866423,-0.04641463408922222,-0.003114681154351075,-0.0016311748790323653,-0.00016735170172593812,-0.0031520512426239217,-0.0002580655995420636,-0.0003939072399729964,0.041001412389378676,0.04829842026386005,0.0,0.0,0.09690023477470575,0.02675680915654853,20.157740864794675,0.026876987819726233,20.0,0.15774086479467672,0.027143314571363618,1.072526473429171,0.02666666666666667,-0.005121997647843171,0.004177707789222828
behavior_probe_0.03,751005,2,connected_restored,connected,750,0.31099172821164844,nan,0.14792944715899117,-0.14234539902287913,-0.13754252655883534,-0.41155354249096343,0.28547197371782657,0.19719661447266726,-0.013786769051346636,-0.012004233392344939,-0.009790944277199632,-0.015002312032362297,-0.013094913218502584,-0.010256461849084292,0.07849177260830954,0.04409036762760077,0.0013333333333333333,0.0,0.08387427945265154,0.05229506862185706,53.259668147210476,0.0710128908629473,24.0,29.259668147210473,0.9754229881973249,0.17459273510563691,0.032,0.2909786690643997,0.6863033576963219
behavior_probe_0.03,751006,0,connected_initial,connected,750,0.27576200574591475,nan,0.15066831435077693,-0.1657510375206008,-0.11564730148166574,-0.39862578590806114,0.2663156158324427,0.21397040889242264,-0.012786083407208776,-0.011395615383178405,-0.005294762049566398,-0.012054390102643846,-0.010361688786473366,-0.004972354661478897,0.0783773125955105,0.04606959931089328,0.005333333333333333,0.0,0.07192614695389488,0.0402036838598808,43.42191482786227,0.05789588643714969,18.0,25.42191482786227,0.9918469146950248,0.14125941080656426,0.024,0.24443800795608048,0.5967465842604797
behavior_probe_0.03,751006,1,disconnected,disconnected,750,-0.07525082629611979,nan,-0.19005140193631936,-0.46987533682134236,-0.11291172992815647,-0.41358355705441285,-0.07713967200816291,-0.04293392507936086,-0.0005438607865630936,-0.001795341532976043,-0.0004426812711386779,0.0004733990185941851,-0.00033078361655090025,0.0004180826713277898,0.03966283481340772,0.04611997829167783,0.0,0.0,0.09494943539777553,0.020489187642864858,15.404532869671625,0.020539377159562167,15.0,0.40453286967162394,0.03766826877878804,1.0981514893446087,0.02,-0.06966346003869145,-0.009623713767929839
behavior_probe_0.03,751006,2,connected_restored,connected,750,0.32170997387452566,nan,0.24957252674196723,-0.10330827397166598,-0.09605684247025337,-0.3708398171657436,0.3456293692122206,0.23042979091291105,-0.013455264808672712,-0.01610128186853817,-0.008554288230188993,-0.013277251540529235,-0.01538326929311177,-0.008215691359836443,0.09392918922669748,0.04788876003946982,0.0013333333333333333,0.0,0.09422972577735861,0.06259497934880436,61.153698872486885,0.08153826516331585,28.0,33.15369887248689,0.9964053299801144,0.18260348634555174,0.037333333333333336,0.3618114639159098,0.7208263202859162
behavior_probe_0.03,751007,0,connected_initial,connected,750,0.33582702115471025,nan,0.12052668809012607,-0.21662123168771208,-0.21245757927992076,-0.49482487730399133,0.3329842673700468,0.25086687926649365,-0.014845139750274716,-0.016148726588807723,-0.009788405735196102,-0.013680379162749789,-0.015285888335260256,-0.00896229252871592,0.07327108281216863,0.03807239924807695,0.0026666666666666666,0.0,0.06666183683534052,0.04689458779848636,49.49388789022426,0.06599185052029902,22.0,27.49388789022425,0.9961169951635309,0.15150566778827826,0.029333333333333333,0.3431549792954934,0.6587310723793096
behavior_probe_0.03,751007,1,disconnected,disconnected,750,-0.10343524876521375,nan,-0.17049772924597179,-0.44113135418534566,-0.07985730240546791,-0.38039628314520935,-0.09064042684050386,-0.04078393026154148,-0.0004797872993929692,-0.002813747943940475,0.0003344708813946303,-0.0003982411030109058,-0.0029824247786026064,0.00016866028334369324,0.0412618212180196,0.049333233171987324,0.0013333333333333333,0.0,0.10614989433320733,0.02941625086401229,22.226996141964932,0.02963599485595324,22.0,0.22699614196492973,0.028814224538463974,1.0394275457191506,0.029333333333333333,-0.020272785186463905,0.0032859977377591486
behavior_probe_0.03,751007,2,connected_restored,connected,750,0.30310965064195633,nan,0.17972478568823774,-0.1770307488911014,-0.13366087100057636,-0.4362333997263896,0.31338565668881413,0.22241708579360692,-0.01299724491256195,-0.012380878370909048,-0.007197879037846526,-0.01248259954537797,-0.012100239240878595,-0.006891984279029924,0.08206922657505464,0.044350409006566935,0.004,0.0,0.0872742968828518,0.054584702789521426,54.973001856486135,0.07329733580864818,24.0,30.97300185648614,0.9935722032251499,0.17179903745267416,0.032,0.31097025505232884,0.7055899425323812
behavior_probe_0.03,751008,0,connected_initial,connected,750,0.3041412547451114,nan,0.15404639812237803,-0.16436223881335596,-0.15148044508512998,-0.4209869895905062,0.305526843207508,0.239531652433055,-0.006418252188375772,-0.01052994717406392,-0.006684267586569743,-0.006004063703934854,-0.009463384486804989,-0.0065101608594405405,0.0783307943759202,0.04292739513078144,0.004,0.0,0.07517805935468741,0.04579999286055436,49.274176253496734,0.06569890167132898,22.0,27.274176253496734,0.9978647911896639,0.149410432899556,0.029333333333333333,0.33115502194661217,0.6430823614873307
behavior_probe_0.03,751008,1,disconnected,disconnected,750,-0.08287439838902456,nan,-0.1969949102477155,-0.47471244168591875,-0.11686101638464232,-0.41091201897953417,-0.08013389386307318,-0.03352708272007218,-0.00375558444102852,-0.0040966286414458,-0.001325422463020403,-0.002161997226678268,-0.0032234634451581952,-0.001936924786741743,0.03939881820249051,0.04594941981716505,0.0,0.0,0.11480519679658434,0.024305450026903652,18.481572696935473,0.024642096929247296,18.0,0.48157269693547294,0.04224458583194044,1.0596250941781082,0.024,0.026472418788704,0.005996511075937444
behavior_probe_0.03,751008,2,connected_restored,connected,750,0.28228230791817743,nan,0.13847499373724081,-0.19263884219195443,-0.16721190608498596,-0.4333152710266661,0.30568689982222674,0.21100543404161679,-0.011926479694706248,-0.012488397796757596,-0.010540556999533187,-0.012478361376648218,-0.01217135698065547,-0.01034535409920941,0.07699822296751294,0.04161720753471908,0.004,0.0,0.07833484426212066,0.04953735772760137,52.183730219511524,0.0695783069593487,24.0,28.183730219511528,0.9926771095772686,0.15577513029170678,0.032,0.336691111365418,0.6897899532565276
behavior_probe_0.03,751009,0,connected_initial,connected,750,0.40720273525848183,nan,0.20967319210214752,-0.11868330723882908,-0.1947958680002126,-0.45567372030620246,0.40446906010236017,0.32976374147616166,-0.005192154002778662,0.000615995901051021,-0.0002125230993083882,-0.004493094296814869,0.0009987638168774656,0.0005713383414137328,0.08722560018331416,0.0392800495778281,0.0026666666666666666,0.0,0.08841540390790531,0.058172299513152656,57.73050920099407,0.0769740122679921,27.0,30.730509200994078,0.9997855350512905,0.17296364274138848,0.036,0.36520765282444345,0.7338064917988514
behavior_probe_0.03,751009,1,disconnected,disconnected,750,-0.1024011761285121,nan,-0.18215246673949806,-0.4439567809415085,-0.07765245466100582,-0.37932211005908234,-0.10450001207849224,-0.05244781811479676,-0.004689697342662731,0.00045634704570826537,6.495429362408286e-07,-0.004297188123175873,-0.0005556473501385713,-0.0004073354636765104,0.04039329625080562,0.04956782049680758,0.0,0.0,0.11317988529969655,0.03081632190695908,23.111849185795982,0.030815798914394642,23.0,0.11184918579598102,0.020813650681062945,1.1439280372863654,0.030666666666666665,0.011134356158613518,-0.005420814432787772
behavior_probe_0.03,751009,2,connected_restored,connected,750,0.30084484081482277,nan,0.1443525910698623,-0.18954402907248538,-0.1526425606718049,-0.4244955818455077,0.29699515174166724,0.22880903818870002,-0.014869097578939009,-0.01250780717271245,-0.011468453192099088,-0.013930171627944753,-0.01189498828079851,-0.011176424711215384,0.07664558467450006,0.042768471048881165,0.005333333333333333,0.0,0.07406354895358706,0.05065844508493461,53.47608754822289,0.0713014500642972,25.0,28.476087548222893,0.9982964602682783,0.15642745363366176,0.03333333333333333,0.31570097859425333,0.6572824141860856
behavior_probe_0.03,751010,0,connected_initial,connected,750,0.37382028267370226,nan,0.21987996075692817,-0.09491984708451931,-0.14502260558979652,-0.40492699886958516,0.3649025663467247,0.27374547495088974,-0.011821649448873312,-0.008443846959937395,-0.016371088124376855,-0.013665490803088296,-0.007486348760151723,-0.017862336921490418,0.09002228383275868,0.04354238809936237,0.0026666666666666666,0.0,0.0973736124846898,0.059208706703028816,59.375239964234424,0.07916698661897924,26.0,33.37523996423443,0.9985741351294831,0.18805446039198181,0.034666666666666665,0.32574741805000434,0.7165603523547406
behavior_probe_0.03,751010,1,disconnected,disconnected,750,-0.11582159799539479,nan,-0.19254670558982448,-0.4450837893887783,-0.08557694112890035,-0.36153243873175833,-0.10696976446092413,-0.058273305316759644,-0.003629711878102961,-0.004085101688170166,-0.00021172169039150186,-0.003634460398646888,-0.0036626203212407134,-0.0005730447784308585,0.039596310463834765,0.049246880067013145,0.0,0.0,0.10982429515120622,0.02940050372203499,22.094866808355924,0.029459822411141232,22.0,0.09486680835592536,0.02123246792832669,1.1604298558652457,0.029333333333333333,-0.026756655796280997,0.0031290330211213397
behavior_probe_0.03,751010,2,connected_restored,connected,750,0.2812714044290691,nan,0.1674292525389421,-0.17247514248832368,-0.14735575332824394,-0.3857572600222412,0.31478500586718605,0.1952139320668195,-0.009416172323209399,-0.009597378026022969,-0.007555843393336344,-0.010510701604001265,-0.009478334339259473,-0.00809226021338076,0.07968426204544288,0.0434060361540108,0.004,0.0,0.0915528861690392,0.053408953798651716,55.66710871504065,0.0742228116200542,24.0,31.667108715040648,0.9866064150523107,0.17904516831730716,0.032,0.27812294511996605,0.6881025199637183
behavior_probe_0.03,751011,0,connected_initial,connected,750,0.2877031964847417,nan,0.18313512791578698,-0.1659912488924623,-0.14226546933033038,-0.40803045851232345,0.32540059724611736,0.2189800302976027,-0.008369688846178716,-0.00795420196871249,-0.0003909813828083255,-0.007579733808600411,-0.00891799084756333,0.0006002537378404161,0.08231736992064938,0.04381599913107764,0.008,0.0,0.0849582247727743,0.05362597904002903,55.363892265683944,0.07381852302091192,23.0,32.363892265683944,0.9936419071189027,0.1851711048787898,0.030666666666666665,0.2925329480793043,0.6821513626355861
behavior_probe_0.03,751011,1,disconnected,disconnected,750,-0.11599966481415748,nan,-0.1626423329599731,-0.463673670031142,-0.06606963426624347,-0.3786137011373736,-0.09657269869372966,-0.0577506876938394,-0.004704604660145843,-0.004143884044832218,-0.001351421746177264,-0.005411954260405163,-0.0037909592260782277,-0.0019155386949439514,0.0419697744538586,0.050690623147592304,0.0,0.0,0.11348227702953766,0.0387379811494253,29.115240920904064,0.03882032122787209,29.0,0.11524092090406572,0.021279203548827706,1.1627561000601074,0.03866666666666667,-0.02012879656242626,0.015929678794629337
behavior_probe_0.03,751011,2,connected_restored,connected,750,0.23849172360004156,nan,0.08987150244629025,-0.2164518774809247,-0.13306157139513905,-0.3831272821582306,0.2229330738414293,0.1650271364876078,-0.012064920420076336,-0.011172587602778075,-0.007281635063031298,-0.012394918920769068,-0.010825401536357629,-0.007410474909912234,0.06936976277475793,0.044570687742015024,0.0026666666666666666,0.0,0.07398489174731356,0.04085218644990008,45.048233467041214,0.060064311289388286,17.0,28.048233467041214,0.9865988055504021,0.16046571134476287,0.02266666666666667,0.22819655731260596,0.6021883858022754
behavior_probe_0.03,751012,0,connected_initial,connected,750,0.3765980445621713,nan,0.1949580935585846,-0.11186185307441703,-0.15259078837421036,-0.4262288890777024,0.347548881932795,0.30285362653464853,-0.00594441105017237,-0.005447240744532165,0.0022474376296843517,-0.004535612754994201,-0.004037521421118115,0.0029919574731021533,0.08407877840918307,0.04277621653039239,0.0026666666666666666,0.0,0.09163664806212049,0.053994835582787906,56.811137616026514,0.07574818348803534,25.0,31.811137616026507,0.9993394102878512,0.17696605058869264,0.03333333333333333,0.30807643369100896,0.7034713066830484
behavior_probe_0.03,751012,1,disconnected,disconnected,750,-0.13823869698349356,nan,-0.19468459316565562,-0.47125102073626435,-0.055965646415715865,-0.3690641834413814,-0.13871894674993973,-0.06176053043713592,-0.008097436304160646,-0.0022564526502499966,-0.0013706477179511523,-0.005911007561539961,-0.0011408996390483096,-0.001309902816791774,0.039401501353698826,0.051775259281448625,0.0,0.0,0.1326850216738609,0.03476147828278496,26.101873641030274,0.03480249818804036,26.0,0.10187364103027666,0.018618703180498512,1.1934437195468186,0.034666666666666665,-0.030354037051767674,-0.050012988712638665
behavior_probe_0.03,751012,2,connected_restored,connected,750,0.27819028327333795,nan,0.10462051224908675,-0.2116395829558192,-0.16583462512966854,-0.4232336131257151,0.2704551373787553,0.2042227331501495,-0.013003073564925704,-0.012862756489437492,-0.009804820905506694,-0.010863786893410075,-0.01163515023319801,-0.00889947951689272,0.06994235283349776,0.041678244462912746,0.004,0.0,0.07169889384254298,0.04104402934179578,45.04574086535543,0.0600609878204739,19.0,26.04574086535542,0.9949508607810761,0.1448347721888709,0.025333333333333333,0.24650010607448194,0.6328243344598661
behavior_probe_0.03,751013,0,connected_initial,connected,750,0.31910562309509677,nan,0.13242078100167828,-0.17465607733011496,-0.19043364119726278,-0.4492033869534868,0.322854422198941,0.24813229466793688,-0.0084228243726818,-0.011666261299990897,-0.008636202531510423,-0.00778822003648046,-0.010827356289969893,-0.009519660245124347,0.07529890556319388,0.03964785730176713,0.005333333333333333,0.0,0.07527740706720254,0.050445893116123214,51.34248432331531,0.06845664576442041,21.0,30.342484323315304,0.998695436285584,0.16507289222731228,0.028,0.3299964923214177,0.6656732523198594
behavior_probe_0.03,751013,1,disconnected,disconnected,750,-0.08452270846139381,nan,-0.18308265623688946,-0.4475180146034892,-0.0996250273132047,-0.3876612995785639,-0.08345762892368477,-0.039656397178681885,-0.0036543666303460423,-0.0016372345219207952,0.0005439522951562396,-0.0030836386664782854,-0.0021318485090980207,0.0005231395873876631,0.04027242658325938,0.047475708454350944,0.0013333333333333333,0.0,0.11314501511600708,0.024278549865666302,18.292692804539005,0.024390257072718673,18.0,0.29269280453900565,0.031458054148412413,1.0223829081717157,0.024,-0.011855203193085114,-0.0029756936098928647
behavior_probe_0.03,751013,2,connected_restored,connected,750,0.2989367635172616,nan,0.1287279673138102,-0.22948715779521642,-0.18098002183895623,-0.4785793595796685,0.3097079891527665,0.22774196726129792,-0.015522241299414773,-0.013479259849831001,-0.008107813373837721,-0.013692208985570394,-0.01307143908778115,-0.007945962375314716,0.07361253592169428,0.040353612346712114,0.005333333333333333,0.0,0.07600110193498334,0.04993892364603908,51.70041351134133,0.06893388468178845,23.0,28.70041351134133,0.9962162027280969,0.1619580250475781,0.030666666666666665,0.30549040248691745,0.6706574130750144
behavior_probe_0.03,751014,0,connected_initial,connected,750,0.2696913207741867,nan,0.13412695874913366,-0.1655728949825347,-0.1351479179720471,-0.4071325695268416,0.2692748767211807,0.1930816352501782,-0.007106419049971682,-0.007360024670491098,-0.010821553393227297,-0.006800585567392337,-0.006906015772868126,-0.011919017125019533,0.07653879415936996,0.04430798836733014,0.004,0.0,0.07629303661968208,0.05172264984415201,53.63473653612698,0.0715129820481693,25.0,28.63473653612698,0.9805409663578701,0.16256593296122507,0.03333333333333333,0.27120791352891715,0.6192970540613145
behavior_probe_0.03,751014,1,disconnected,disconnected,750,-0.09606358650711659,nan,-0.1755911563361777,-0.4565313155892455,-0.0770514633741213,-0.3777990493245365,-0.09853969296205639,-0.052430073713531256,-0.0040823330648062876,-0.005841614526913207,-0.00133728756244143,-0.007283275642017796,-0.005132505897047852,-0.002454595477295985,0.04112240467683433,0.049897589244472566,0.0,0.0,0.11464158071283617,0.03224055906034883,24.16124027848253,0.032214987037976706,24.0,0.1612402784825302,0.024470819878606047,1.1882060876195053,0.032,-0.07338810871694348,0.004391675956620146
behavior_probe_0.03,751014,2,connected_restored,connected,750,0.24386756422353104,nan,0.15324309316778195,-0.1951121199950632,-0.10872231568596027,-0.4045674871413243,0.26196540885374214,0.17147357352417658,-0.01588241564882738,-0.00805966809114266,-0.009103404528782352,-0.01572466663687434,-0.008969493892860994,-0.009325675096526211,0.07918773442231244,0.04681029458355183,0.004,0.0,0.07815977185699254,0.045503284201865266,48.38172131176587,0.06450896174902117,21.0,27.381721311765865,0.9786184332307933,0.15283017339850735,0.028,0.28112860146140267,0.6409219360950928
behavior_probe_0.03,751015,0,connected_initial,connected,750,0.2918645386644123,nan,0.12579567282493145,-0.22925523227032513,-0.18404917202293405,-0.47526961861882155,0.3098448448478655,0.2216288111094099,-0.003887873936015454,-0.004826360968233921,-0.009116953447408354,-0.0031353096397170655,-0.004043146340351741,-0.006786412677528223,0.0743978539380999,0.04020390330930291,0.008,0.0,0.06924585458044202,0.0464877420185686,50.16588226145001,0.06688784301526668,20.0,30.165882261450005,0.994344595151887,0.1649687057073315,0.02666666666666667,0.3113920193202872,0.6395989688436324
behavior_probe_0.03,751015,1,disconnected,disconnected,750,-0.09199917688388617,nan,-0.16438087487635894,-0.4355498599201156,-0.08148355216231218,-0.3726363531149962,-0.08289732271404673,-0.0485585580275677,-0.000545913363942943,-0.002604363258409634,0.00017885876803334252,-0.0021483251353960754,-0.002979724192498359,-0.001951392950990823,0.041901108154783706,0.049258988933608465,0.0,0.0,0.10520407181283269,0.024095412664532554,18.15023331465712,0.024200311086209497,18.0,0.15023331465712297,0.02438570950292182,1.0759496756809368,0.024,-0.06644833657815223,-0.04528169824508125
behavior_probe_0.03,751015,2,connected_restored,connected,750,0.2860098009099343,nan,0.10259383109130629,-0.24529189456495124,-0.17623360766280174,-0.4644986492379988,0.27882743875410804,0.20919792425523875,-0.013476475758031322,-0.015596575311640316,-0.013350308209394347,-0.014442371432142788,-0.015735971953018228,-0.014670703738844599,0.06971034717735691,0.04070369826381021,0.004,0.0,0.07083479774778678,0.044689523517311605,48.97278583404029,0.06529704777872038,21.0,27.97278583404029,0.9972912807546748,0.1529785018040169,0.028,0.2669569928288701,0.6535621526657397
behavior_probe_0.03,751016,0,connected_initial,connected,750,0.27953299512994995,nan,0.08323962058317613,-0.22770656102845602,-0.18727526900293948,-0.45907076286634535,0.2705148895861156,0.2301315332515935,-0.0061459111912367135,-0.004440200940856793,-0.002039255161688914,-0.005931387405214665,-0.003429668985091649,-0.0027605347371023672,0.06771888492207713,0.03993786259453478,0.004,0.0,0.07084154134951157,0.04064880842871736,46.42738789678395,0.0619031838623786,20.0,26.42738789678395,0.9969417185625595,0.14520214525112424,0.02666666666666667,0.24029304829366338,0.610839848605773
behavior_probe_0.03,751016,1,disconnected,disconnected,750,-0.08838119175767921,nan,-0.1696743092023738,-0.45418912602403605,-0.09189496845613702,-0.40491756925393485,-0.07777934074623677,-0.03514693433285179,-0.0023347198886987325,-0.00536228142202617,-0.008196405158045178,-0.0019144972223255738,-0.005902189133761867,-0.008662905759514965,0.04149876527308866,0.04816709632067809,0.0,0.0,0.11905821209694652,0.021411798586513216,16.373996973036043,0.021831995964048057,16.0,0.37399697303604207,0.032539528712195544,1.031882360381499,0.021333333333333333,-0.0878416935305745,-0.03138332316728777
behavior_probe_0.03,751016,2,connected_restored,connected,750,0.2574207543924237,nan,0.134089391988078,-0.19906781514961241,-0.12092087517236426,-0.3811465044487602,0.2550102671604422,0.1900822548749555,-0.013415877456405108,-0.015374832277210279,-0.01142758111368346,-0.01284851072857237,-0.015010914073446268,-0.011461860664811434,0.07472940478355244,0.045510951282838705,0.008,0.0,0.0728753382547535,0.04486644346238702,49.26123923937155,0.06568165231916206,19.0,30.261239239371548,0.9938671091993085,0.16608798501829433,0.025333333333333333,0.26866997615106597,0.6163297232723022
behavior_probe_0.03,751017,0,connected_initial,connected,750,0.23296608471524652,nan,0.06685044631312584,-0.23227334807420125,-0.16949173006622328,-0.4349995105907467,0.23634217637934912,0.17466040280080944,-0.010247345716804017,-0.005667153662622915,-0.003984953578717021,-0.007906045048979876,-0.004834289323681216,-0.0028837322501876345,0.06525054328611361,0.04141242078283235,0.004,0.0,0.0629495898641204,0.03142130496323271,37.307557074255236,0.04974340943234031,13.0,24.307557074255236,0.9686902359002534,0.13948254131276364,0.017333333333333333,0.1784167242573999,0.5486595025308562
behavior_probe_0.03,751017,1,disconnected,disconnected,750,-0.10188488121504341,nan,-0.1498483231924519,-0.4422366712541315,-0.056349181407379406,-0.35863439682789056,-0.09349914178507249,-0.0567429520270713,-0.0030815877280280044,-0.0018436031209055476,-0.0025346418137485094,-0.002170811810710521,-0.0019531306379853603,-0.0015510065544292375,0.04310070642410653,0.0516805068030271,0.0013333333333333333,0.0,0.10193123194323071,0.030792376237084352,23.13742995102759,0.030849906601370117,23.0,0.13742995102758682,0.022188475390603552,1.1821417785626234,0.030666666666666665,0.020244943527742868,0.032812140118968096
behavior_probe_0.03,751017,2,connected_restored,connected,750,0.240128966326472,nan,0.128942597140868,-0.17122035491887644,-0.13199088343187643,-0.4024330144922711,0.26093348057274435,0.16305551211086075,-0.01699550175513265,-0.013503980287116774,-0.009155211137823126,-0.016379033157958515,-0.012043803651462416,-0.009135075127323514,0.07591886522645598,0.044731875434485084,0.005333333333333333,0.0,0.07495904085230111,0.04171342725399271,44.805525292259205,0.05974070038967894,18.0,26.80552529225921,0.9590004862502377,0.15850507028271987,0.024,0.28077078768353136,0.6546838193444571
behavior_probe_0.03,751018,0,connected_initial,connected,750,0.31142818442223175,nan,0.22805261029869273,-0.12940953928741916,-0.10610709305353608,-0.3803888266377757,0.33415970335222883,0.25060836577835344,-0.005213822641428711,-0.009169748232799476,-0.0017825127130943605,-0.0049594335433379684,-0.008761599610115488,-0.0006825321208308758,0.09078866092888897,0.047004853044565795,0.004,0.0,0.09607217296595547,0.057103616701244954,56.74285566046729,0.07565714088062306,25.0,31.742855660467292,0.9981311246697235,0.17827758464142576,0.03333333333333333,0.29817371022545514,0.6874655023863471
behavior_probe_0.03,751018,1,disconnected,disconnected,750,-0.10178874577976903,nan,-0.2181664874654956,-0.4979560360955813,-0.12621915749604262,-0.42168551600621873,-0.09194732996945297,-0.056985758948281784,-0.003807989415817625,-0.0014521490542429934,-0.0026378181310517633,-0.0035450877539292096,-0.001603971922939883,-0.0028815364021247737,0.03752991493594395,0.04487231925777053,0.0,0.0,0.11476631195634741,0.032169466119954006,24.10256411332147,0.032136752151095294,24.0,0.10256411332146981,0.021908168676545638,1.086817876865761,0.032,-0.021429103485209208,0.014986964342323923
behavior_probe_0.03,751018,2,connected_restored,connected,750,0.2587395075045994,nan,0.14313906128279538,-0.1723633324226744,-0.11356601184322558,-0.3634023039081864,0.256705073126021,0.18327115898618046,-0.01575321873885108,-0.013804672651655825,-0.010313199131113756,-0.01562773899833066,-0.013362038981684933,-0.00986393500363061,0.07692214617451579,0.04634938080019333,0.0013333333333333333,0.0,0.08071252540806102,0.04631454335503599,50.29073169533996,0.06705430892711994,21.0,29.290731695339957,0.9860533118537275,0.16453110581160052,0.028,0.26220870725924234,0.6391868121323896
behavior_probe_0.03,751019,0,connected_initial,connected,750,0.3637366890413498,nan,0.24636664312310255,-0.10929201187098361,-0.14170360397840556,-0.4030456077106201,0.38807024710150806,0.2791542661362334,-0.008568702226489639,-0.014176671027256482,-0.005716653644270507,-0.007660985018900695,-0.012372466146763936,-0.004164300201906275,0.09435388451364134,0.04421300812956316,0.0013333333333333333,0.0,0.08635324553013608,0.05843091345356331,59.652537084728664,0.07953671611297156,27.0,32.652537084728664,0.9993281235041693,0.17824457591024906,0.036,0.3991844056280578,0.7194947793458257
behavior_probe_0.03,751019,1,disconnected,disconnected,750,-0.12717761431307892,nan,-0.20022356713734227,-0.44041122817450407,-0.08323907545314957,-0.35057814456762515,-0.11698449168419267,-0.05627426379430514,-0.008342494407888446,-0.0014734973319524033,0.0017447499827152135,-0.00645706878133655,-0.0002742535919653395,0.001225384312583145,0.03917466097769352,0.049628406763686725,0.0,0.0,0.11861677654316097,0.0370112559385872,28.06012070532539,0.03741349427376719,28.0,0.06012070532538826,0.016962178584812387,1.1386299695718884,0.037333333333333336,-0.017531472796407332,-0.012723455351445088
behavior_probe_0.03,751019,2,connected_restored,connected,750,0.24716429206109536,nan,0.1285526329461465,-0.19717132021374612,-0.13041161739889992,-0.4028676287423186,0.2589642503450464,0.17930843678536268,-0.011695634106653462,-0.01294349233974547,-0.006001831311244535,-0.011881306008360838,-0.012400099877337386,-0.00662305572793163,0.0744471080723551,0.044761694836231256,0.008,0.0,0.07949437942984555,0.044504360696245755,48.363658130198246,0.064484877506931,18.0,30.363658130198246,0.9856691815155698,0.17452483755299894,0.024,0.27960265469334533,0.640048054027001
behavior_probe_0.03,751020,0,connected_initial,connected,750,0.24834814216937717,nan,0.05904505920887565,-0.20776765598367605,-0.18674632045745101,-0.4287055193305186,0.24579137966632666,0.19141279838473893,-0.007214901128168322,-0.003744674575414646,-0.005508398650913897,-0.006870138806125149,-0.0026324272246574707,-0.004316293016668666,0.06506739364479834,0.04013372939946669,0.008,0.0,0.05913269406763917,0.03492384942593922,39.66210461024469,0.05288280614699292,14.0,25.662104610244686,0.9863843383827058,0.14163545180660986,0.018666666666666668,0.21630473528984126,0.5635705472980722
behavior_probe_0.03,751020,1,disconnected,disconnected,750,-0.1137578480895159,nan,-0.19760201784206732,-0.4483289150803793,-0.08976680547758024,-0.37281362976745835,-0.10783521236448707,-0.04198843121714574,-0.0033927229022698555,-0.0022182509143944987,-0.0015442689706346873,-0.003474564606417573,-0.0016538503584704494,-0.001253540482025502,0.039221741659740794,0.04881564540225764,0.0,0.0,0.10726977826231597,0.03629135982484973,27.21002665287051,0.03628003553716068,27.0,0.21002665287050973,0.025548487084972284,1.1448124063266698,0.036,-0.03655344935339873,-0.019665410489848097
behavior_probe_0.03,751020,2,connected_restored,connected,750,0.26432043376776587,nan,0.10996648067643632,-0.21319017664008694,-0.1400893978666875,-0.42992000111744627,0.25005587854312383,0.17833224320578053,-0.012095879347924287,-0.013539325585622052,-0.008007064828144051,-0.0126611397639644,-0.012839685744863681,-0.008755840977153808,0.0717468471675777,0.04402603615419377,0.0013333333333333333,0.0,0.07393232939314219,0.044207798013779276,47.64181352523293,0.0635224180336439,20.0,27.641813525232926,0.985815606348356,0.15486698379226155,0.02666666666666667,0.23932823180126658,0.626417534914701
behavior_probe_0.03,751021,0,connected_initial,connected,750,0.3368616021023784,nan,0.16950828858273576,-0.1651625386307483,-0.173277785807262,-0.4330543343681019,0.3427860743899977,0.2524489025459066,-0.004184488571115558,-0.010440137079342576,-0.009767283544577083,-0.0025368567483568917,-0.008829929288173636,-0.009228455462265825,0.080328480165675,0.041236425380798435,0.004,0.0,0.07370322311242286,0.05141942699954117,53.77346411864879,0.07169795215819838,24.0,29.77346411864879,0.9989808066970565,0.1647843663667555,0.032,0.35648272196219444,0.6681889405918457
behavior_probe_0.03,751021,1,disconnected,disconnected,750,-0.06387875355407431,nan,-0.19294200659427163,-0.462274221385087,-0.12871371713359345,-0.4174046931281057,-0.06422828946067816,-0.032571388983727745,-0.0027741048386418134,-0.004131814836293053,0.00029774497689368786,-0.0032610828247499044,-0.005082942300066625,0.0003430540225123421,0.03943038586722911,0.04475512514314891,0.0,0.0,0.10549978199422728,0.02688204005337437,20.43411637241985,0.027245488496559802,20.0,0.4341163724198479,0.043553393356903974,1.0770860131585074,0.02666666666666667,-0.004712430472662166,0.044136419644659745
behavior_probe_0.03,751021,2,connected_restored,connected,750,0.3536811914656251,nan,0.2667516484880414,-0.08498728784262563,-0.09046285911314894,-0.39255118218023455,0.35721450760119033,0.2707358573348083,-0.011479941641497857,-0.011876150498117142,-0.010531976917309411,-0.010961086102227697,-0.009931657294487447,-0.010106399989950828,0.09822151357312978,0.04859003754698165,0.0026666666666666666,0.0,0.0973336645945594,0.06978505865044816,68.01323446960487,0.09068431262613982,34.0,34.013234469604875,0.9993096566829478,0.18816340722609573,0.04533333333333334,0.38285141125937366,0.7303001632433751
behavior_probe_0.03,751022,0,connected_initial,connected,750,0.36604993216232695,nan,0.2060562765515779,-0.15093815874104588,-0.16586896063738762,-0.42939038988390577,0.3719252371889655,0.2871453367821223,-0.006833070698275743,-0.013321756633809046,-0.015660309514177965,-0.007374399715922031,-0.012977686009665894,-0.015889718250294657,0.08643601856815251,0.04171220594802269,0.0026666666666666666,0.0,0.08472523330139232,0.055479047540446975,55.72493913840486,0.07429991885120647,26.0,29.724939138404856,0.9995307822952194,0.16488836663240883,0.034666666666666665,0.37657630786389046,0.7172915868788633
behavior_probe_0.03,751022,1,disconnected,disconnected,750,-0.08283971580809868,nan,-0.20071798676244912,-0.47421080630361234,-0.11154787625865517,-0.40132853298069593,-0.08917011050379393,-0.03810308645738114,0.00021677913048462737,0.00038976002894137676,-0.0028630228227360284,0.0004804057469386639,0.0011625638151059397,-0.003980312816469342,0.03890838129389291,0.04646398082829544,0.0,0.0,0.10635206593913422,0.036409379857368654,27.274922200533613,0.03636656293404482,27.0,0.27492220053361127,0.03377618275131236,0.9876589105592039,0.036,0.009542898950123292,0.02477806018949569
behavior_probe_0.03,751022,2,connected_restored,connected,750,0.3087299051095119,nan,0.18445309326284845,-0.15482362228148983,-0.1233269747764991,-0.3769998096075212,0.3077800680393476,0.22322260414753814,-0.015073221913061971,-0.017514866687659746,-0.013460379617139353,-0.015646610322399827,-0.01788777840533939,-0.013408089213144056,0.08266862540879816,0.04538431655295343,0.0026666666666666666,0.0,0.07905081161697755,0.05550254532534725,56.04767005567029,0.07473022674089372,23.0,33.04767005567029,0.9981567428727889,0.18399988949412602,0.030666666666666665,0.36679087836550833,0.6833908954199435
behavior_probe_0.03,751023,0,connected_initial,connected,750,0.3065373274700496,nan,0.22707911416200227,-0.14447620574704717,-0.10550259248985537,-0.3730548431839521,0.3325817066518576,0.22950787202076994,-0.006426361747321385,-0.010102603316508715,-0.012445193066665302,-0.004576496611642086,-0.010046030218286976,-0.00990786494887717,0.08995580651404286,0.04713441222255885,0.006666666666666667,0.0,0.08293917371500471,0.055409200461263304,56.24524791495073,0.07499366388660098,24.0,32.245247914950724,0.9976803853244827,0.17704242138004292,0.032,0.32457027172025676,0.6571876820176664
behavior_probe_0.03,751023,1,disconnected,disconnected,750,-0.08652906424344459,nan,-0.17592872138524668,-0.4536775187579185,-0.09406765824701284,-0.3837284683266414,-0.08186106313823384,-0.04842208338955409,-0.005851463713252945,-0.0005557698956106441,-0.0029010109408292846,-0.0064550897306577685,-0.00022648459738740877,-0.0033215343228705893,0.04084234939032572,0.047958037794319806,0.0,0.0,0.13406697869481463,0.032217722024754786,24.22754678605547,0.032303395714740626,24.0,0.22754678605547327,0.02687682544765452,1.238180601125947,0.032,0.0011079359143395956,-0.0003790502592955039
behavior_probe_0.03,751023,2,connected_restored,connected,750,0.26579701953683843,nan,0.147560686776045,-0.19861697832011677,-0.1260336954498643,-0.4174381591459799,0.27359438222590937,0.20548612130137775,-0.01461502967585791,-0.01316070307356755,-0.012000502805305829,-0.014323331193484506,-0.013142744058406357,-0.011997799043415266,0.07594787672035568,0.04491393314508303,0.0013333333333333333,0.0,0.07468543318522272,0.04525657000233925,49.69948190933712,0.06626597587911616,21.0,28.699481909337123,0.982705093345941,0.1621748400595375,0.028,0.291605783705569,0.6558728717745123
behavior_probe_0.03,751024,0,connected_initial,connected,750,0.3098367787686347,nan,0.12950495567435413,-0.1947406812015895,-0.17667461130177461,-0.4668110057770467,0.3061795669761288,0.23265268000015232,-0.008311248025313654,-0.0069042118137545875,-0.005259266510662829,-0.0075477327438679825,-0.0051388325358629975,-0.00580772312569506,0.07328769532530088,0.04070740925260464,0.006666666666666667,0.0,0.07041071781981736,0.04246250101544677,45.82816279875934,0.06110421706501245,18.0,27.828162798759337,0.9962987728092785,0.15261399907373382,0.024,0.25154825015078836,0.6329715420362728
behavior_probe_0.03,751024,1,disconnected,disconnected,750,-0.1337599039919369,nan,-0.20675336617649032,-0.48697723571321694,-0.08350321697629925,-0.37643904611488443,-0.12325014920019112,-0.05903542129128622,0.005419793924768387,0.0005414381393737415,-0.0026968352361188674,0.0034655026763927847,-0.0001314467010663239,-0.0028874933386188223,0.038562450113284574,0.04978585886540691,0.0013333333333333333,0.0,0.08381380077989059,0.03352975147388627,25.122821461993578,0.0334970952826581,25.0,0.12282146199357852,0.020447689627069728,1.119402877407922,0.03333333333333333,-0.011658997234395044,-0.02497442519541207
behavior_probe_0.03,751024,2,connected_restored,connected,750,0.2147037727718976,nan,0.06754382278530553,-0.22838721384081262,-0.1463086397572008,-0.40606719939512326,0.2138524625425063,0.15472426603019845,-0.01029097846487123,-0.01214958960269314,-0.010064428470936387,-0.010391513904079032,-0.012307131836124767,-0.00943787458349214,0.06501231229548135,0.04340691078986492,0.005333333333333333,0.0,0.06689482494201822,0.033126542409948966,39.99625786055385,0.053328343814071796,13.0,26.996257860553847,0.9665213788389919,0.15476302663629338,0.017333333333333333,0.16633210004012616,0.5751773979269694
behavior_probe_0.03,751025,0,connected_initial,connected,750,0.2876354830781985,nan,0.19522777373495032,-0.14986045295628836,-0.12700403860152357,-0.4029007625719581,0.32223181233647386,0.21705254411900132,-0.007417660390216836,-0.006718581048403555,-0.0020949746913741436,-0.006506364234480086,-0.006273661552894454,-0.0006023363346034793,0.08496213142696205,0.04500092706329391,0.008,0.0,0.08668846109132988,0.04801986790565115,50.752889690370345,0.06767051958716046,19.0,31.75288969037035,0.9888025247802482,0.17722874417596024,0.025333333333333333,0.2938512694896175,0.689605658774676
behavior_probe_0.03,751025,1,disconnected,disconnected,750,-0.06541461947834286,nan,-0.22109031268288998,-0.5154411584985824,-0.1640420103135725,-0.4653619668291121,-0.05704830236931748,-0.034854292312761714,-0.006376303089789859,-0.002534346381064581,-0.001482497755831609,-0.006356008411472759,-0.0033440199380704487,-0.0009442370190511028,0.037292196136055965,0.041688855877885685,0.0,0.0,0.11017276641070396,0.018776353494423945,14.44611865343255,0.019261491537910066,14.0,0.4461186534325511,0.044527319004362416,1.0434984054618892,0.018666666666666668,-0.010107723993202119,0.02968004418607446
behavior_probe_0.03,751025,2,connected_restored,connected,750,0.28889912507416654,nan,0.147803711053403,-0.17992668068021123,-0.13261472100052774,-0.42662690990286384,0.2804184320539308,0.20945735965481221,-0.01754196473087272,-0.01932654216571748,-0.01354634326242128,-0.01655603899983717,-0.019112505302141716,-0.012644445240440358,0.07690512275646828,0.04450023294340756,0.005333333333333333,0.0,0.07635072448893897,0.04581667805248323,48.275500496286014,0.06436733399504802,20.0,28.27550049628601,0.9953757534490187,0.1561347294525759,0.02666666666666667,0.298328255729711,0.6447838485386588
behavior_probe_0.03,751026,0,connected_initial,connected,750,0.3423073540171605,nan,0.23211734459423428,-0.11818325809201338,-0.1256842279203779,-0.4155305540589608,0.3578015725146122,0.2770623075962676,-0.013428318199638497,0.00021642336676742157,-0.006542456862003954,-0.012587428364755543,0.0007739043856546503,-0.006975058369786167,0.09110461063461395,0.045147898071762255,0.005333333333333333,0.0,0.08419097666431842,0.05150386633088836,55.57871524583793,0.07410495366111723,24.0,31.578715245837934,0.9988718980773601,0.17523846710650007,0.032,0.3236439138486256,0.673037628731377
behavior_probe_0.03,751026,1,disconnected,disconnected,750,-0.16738696341388926,nan,-0.18057469493710276,-0.45075510560743615,-0.018854065013136995,-0.3329527904808228,-0.16172062992396577,-0.08873443665445946,0.00034903694687735793,-0.0014832270228860246,-0.00032143828358371365,-0.0007358438398539034,-0.0014402866120952387,-0.000250161878633597,0.040573199207746775,0.05578330679203676,0.0,0.0,0.11288613415563176,0.04264249682372244,32.03095753475975,0.04270794337967967,32.0,0.030957534759751496,0.012685706189040061,1.0248408615073263,0.042666666666666665,-0.05174388022428808,-0.05936802579112066
behavior_probe_0.03,751026,2,connected_restored,connected,750,0.3307603081843457,nan,0.2200421420558376,-0.1407562798558583,-0.11413724504059852,-0.3714510948182358,0.33417938709643613,0.2435500660715492,-0.014207463871266271,-0.013048923615033976,-0.010033105596710955,-0.01568615985958262,-0.011916674841237544,-0.010327249588519263,0.08894326083110278,0.04634184921676084,0.0013333333333333333,0.0,0.08635359982323286,0.06190966347506017,59.13521492555652,0.07884695323407535,29.0,30.135214925556525,0.9993193287945485,0.1683455530887588,0.03866666666666667,0.3958840540875115,0.6933518018397352
behavior_probe_0.03,751027,0,connected_initial,connected,750,0.3032733786347961,nan,0.19949125191291242,-0.12834787576602297,-0.11757570159879524,-0.4129893649762739,0.31706695351170766,0.2460672217371403,-0.01247090609972517,-0.00516672656179339,-0.007390812290323346,-0.012560919460398194,-0.004295087444071241,-0.004649265864554815,0.0854399028219855,0.045886618994820064,0.004,0.0,0.08225941802802413,0.04587765829403444,47.90185923162295,0.06386914564216394,19.0,28.90185923162295,0.9953244069066589,0.1603650894325104,0.025333333333333333,0.30194085367394424,0.6542047742249015
behavior_probe_0.03,751027,1,disconnected,disconnected,750,-0.09553584210949344,nan,-0.19109206120635736,-0.46619885212837686,-0.12347232391465654,-0.39679120207453694,-0.06761973729170079,-0.043035975402226034,-0.002891362104463602,-0.004998533082933435,0.0005058317354927274,-0.0016760691232237809,-0.0034398807508509576,-8.711284139479806e-05,0.03969636987123609,0.045354400696484,0.0,0.0,0.11107428749505335,0.022575444813471925,17.18518611841337,0.022913581491217826,17.0,0.18518611841337068,0.02688893523399364,1.004769465061051,0.02266666666666667,-0.021305521903483077,0.013365350992893517
behavior_probe_0.03,751027,2,connected_restored,connected,750,0.3419967495026811,nan,0.18432061966029573,-0.16870620699679306,-0.14743887676493916,-0.42296828331972464,0.3317594964252349,0.25910880475221093,-0.013041506654856648,-0.012968824906090621,-0.010846305050199467,-0.012298687147483747,-0.012546630471679308,-0.01110559984203538,0.08175971334487504,0.04323148941625501,0.0026666666666666666,0.0,0.08037146904808362,0.05343905528427293,54.67822124178493,0.07290429498904658,25.0,29.678221241784932,0.9992223310532596,0.1621629050505217,0.03333333333333333,0.35939118376440576,0.7023545030575901
behavior_probe_0.03,751028,0,connected_initial,connected,750,0.2476249831559951,nan,0.12183724991809375,-0.19398480633588094,-0.1497263012480182,-0.41301321233488336,0.27156355116611197,0.199328871467816,-0.007213673186019519,-0.0018817920646013201,-0.00797266225752663,-0.005284314641307236,-0.00095237142678213,-0.005198016674047771,0.0734354167332028,0.043065810895050495,0.0026666666666666666,0.0,0.07063094339301047,0.04001238705792636,44.543328850896366,0.059391105134528485,18.0,26.543328850896366,0.9898986055774597,0.14747739619001113,0.024,0.23481912452074769,0.5930320583711545
behavior_probe_0.03,751028,1,disconnected,disconnected,750,-0.11376834003229705,nan,-0.15751047934262566,-0.4060263178609663,-0.038900038887752446,-0.3285466313006722,-0.11861044045487322,-0.05267019939641221,-0.0005896072609747738,0.0006866087431575005,-0.00034340519929408684,-0.00048543969464274106,-0.0005783260282597765,-0.0003701286475684083,0.04247175763214474,0.05357879994622312,0.0,0.0,0.10818313567577999,0.04141292915016733,31.11368642195835,0.041484915229277795,31.0,0.11368642195834858,0.020863596972348717,1.1584278108092303,0.04133333333333333,-0.04691239203193474,-0.04968600782534377
behavior_probe_0.03,751028,2,connected_restored,connected,750,0.29592474926460244,nan,0.2047319132420878,-0.1156956825398575,-0.09231947544983939,-0.37933926864313183,0.29705138869192727,0.22288687375123234,-0.0141893230186433,-0.017261259254179456,-0.012366446535992339,-0.013681984817874663,-0.017561503720196874,-0.01183844000648018,0.08741997683094274,0.04830726226957273,0.0026666666666666666,0.0,0.08868249901231579,0.05845743089078622,60.55920223839119,0.08074560298452159,27.0,33.55920223839118,0.9918936511577103,0.18639316350632645,0.036,0.352249442828465,0.6980757042711468
behavior_probe_0.03,751029,0,connected_initial,connected,750,0.29612633993018794,nan,0.10584716270158571,-0.18807191363381606,-0.19733649443273696,-0.43935438028620644,0.3031836571343226,0.22539379346768662,0.00450519028314019,-0.004199595424510379,-0.005456902655915477,0.00669826185999662,-0.003133644960178698,-0.00450570958691724,0.07105263178509477,0.039123193317876274,0.005333333333333333,0.0,0.0692593871165201,0.04358435047387695,47.259614147221434,0.06301281886296191,18.0,29.259614147221434,0.9889053480829133,0.16201519641822232,0.024,0.2866093334615022,0.6492036682338466
behavior_probe_0.03,751029,1,disconnected,disconnected,750,-0.10799608842362227,nan,-0.1623376691072087,-0.40375010433410874,-0.0654719793802818,-0.3263335759171744,-0.09686568972692691,-0.05521300679448218,-0.0035107304250164145,-0.0018654573850858055,0.000912805372150889,-0.004177653058150991,-0.0020815404150500132,0.0002786529806365976,0.04204106838762918,0.0510316910822753,0.0,0.0,0.11771943954821305,0.03195356338842874,24.10160104601607,0.03213546806135476,24.0,0.10160104601607335,0.019781261774052216,1.1097440437470376,0.032,-0.027480590608739842,0.009905289676252203
behavior_probe_0.03,751029,2,connected_restored,connected,750,0.21442624747552297,nan,0.11756792479775321,-0.21878388034231094,-0.12965890198905397,-0.404746772288615,0.24722682678680724,0.1468674693557192,-0.013401717990280306,-0.015394730728905603,-0.009850852056328097,-0.01350818105012894,-0.014417735978116613,-0.008655165406293486,0.07266270886285016,0.04480596548451427,0.006666666666666667,0.0,0.0727540348342962,0.044800953657474,48.43961569885087,0.06458615426513449,20.0,28.43961569885087,0.9261701665603581,0.1719150198309313,0.02666666666666667,0.255430266381843,0.609121659923638
behavior_probe_0.05,751000,0,connected_initial,connected,750,0.1992345716726324,nan,0.06222730982933096,-0.2523815683690419,-0.1410561698927642,-0.43810146398631805,0.2032834797220952,0.15392453690481797,-0.00945997904328633,-0.006320852480238425,-0.0011232847609468108,-0.009179068375412906,-0.0053130082831414,-0.0009619974215843107,0.06560457849928404,0.04373800779800951,0.004,0.0,0.068122129085237,0.031208804683181532,37.845626078552776,0.0504608347714037,14.0,23.845626078552776,0.9173888565045419,0.1556887842057533,0.018666666666666668,0.13583569183603525,0.5373432388179427
behavior_probe_0.05,751000,1,disconnected,disconnected,750,-0.09441595879472395,nan,-0.15013519567725495,-0.4248509051795025,-0.04715768771863702,-0.35122410706323187,-0.10297750795861793,-0.05318294053012204,-0.002384241875429603,-0.00022256212101178614,-0.004870486075017654,-0.0020624252546813087,-0.001144010750165676,-0.0047487974198443484,0.043053196030987485,0.052743121825770005,0.0,0.0,0.1095895274037257,0.04413697646326845,33.13723459112311,0.044182979454830816,33.0,0.1372345911231111,0.02370413969517122,1.1592814097132769,0.044,-0.022626304450083182,-0.02583727755102256
behavior_probe_0.05,751000,2,connected_restored,connected,750,0.3558926733780674,nan,0.2562171965830763,-0.11565627974550143,-0.11714954308235165,-0.38630057799181605,0.373366739665428,0.2723050135048475,-0.019450860379895223,-0.014690091236096213,-0.012371958924937332,-0.018578331061546837,-0.014737534855976842,-0.012165593032774254,0.09551821422258332,0.046118380196285017,0.0013333333333333333,0.0,0.09624243170573465,0.07447692795379408,70.39577958418027,0.0938610394455737,37.0,33.39577958418028,0.999661293278387,0.1860865547843092,0.04933333333333333,0.41455162736551665,0.7344715820871391
behavior_probe_0.05,751001,0,connected_initial,connected,750,0.2791339051648095,nan,0.09140440539649392,-0.1846545576270936,-0.16332839323793916,-0.44170487651129925,0.2547327986344331,0.21592380548423667,-0.002866933880359267,-0.006788945682258499,-0.0031492021749797827,-0.001953274618062578,-0.007058758598446997,-0.005735488730474536,0.07036939599289553,0.042220551337799776,0.004,0.0,0.07487689022050341,0.04443186339428875,49.701380167392884,0.06626850688985718,20.0,29.701380167392877,0.9872241612997837,0.16633020553427716,0.02666666666666667,0.2155584438870646,0.6180710795826385
behavior_probe_0.05,751001,1,disconnected,disconnected,750,-0.10610367917633558,nan,-0.16412707110906585,-0.43508194923235244,-0.07524773054276644,-0.35506395450424755,-0.08887934056629941,-0.04988823544269336,-0.004631582354041605,-0.0032317733083338396,-0.004065299864145536,-0.0056481623573546354,-0.0031347133510719618,-0.004479980985908962,0.04189581909459269,0.0499431471701944,0.0,0.0,0.12680663610900259,0.041090114523922895,31.21587000005311,0.04162116000007081,31.0,0.21587000005310802,0.02548562773856754,1.100003520690743,0.04133333333333333,-0.004099402615056495,0.0028965369254331007
behavior_probe_0.05,751001,2,connected_restored,connected,750,0.2921699569819744,nan,0.16586455446085369,-0.1379491218961982,-0.12006315585235632,-0.38553243085539024,0.28592771031321,0.2243085803837745,-0.00921077331639894,-0.010373502233201782,-0.006999950791787165,-0.008821483324997822,-0.009715579592422705,-0.007612475364971277,0.07973415982097028,0.04559749042942218,0.004,0.0,0.08421928988701673,0.05525304356051239,56.597551596594485,0.07546340212879264,30.0,26.597551596594485,0.9963234620377209,0.14705959886373102,0.04,0.2874790719246645,0.6663145370712845
behavior_probe_0.05,751002,0,connected_initial,connected,750,0.23221239405165184,nan,0.015492836148408087,-0.24267392391809953,-0.20040931343352159,-0.43988244741792537,0.21590214958192974,0.17663516977339638,-0.006641465588897883,-0.007857514280458461,-0.0044964906604780105,-0.006397680126841396,-0.006169285717655978,-0.005342288400658572,0.05808464898926191,0.038850747394136256,0.006666666666666667,0.0,0.05619088203166332,0.030026115136327858,38.13573502976902,0.0508476467063587,12.0,26.135735029769023,0.9582258057682226,0.1534167467876382,0.016,0.1366087909859678,0.5010805390405341
behavior_probe_0.05,751002,1,disconnected,disconnected,750,-0.13802710335817048,nan,-0.18123294888851244,-0.4361631575328013,-0.057638745699742096,-0.34243654292805437,-0.12359420318877036,-0.06872863070139457,0.002858277624615807,-0.0016892830588342857,-0.0010429501085033504,0.003374009335231671,-0.0014643385286695091,-0.0008514581762104377,0.040420176999929,0.051753794149556255,0.0,0.0,0.09715080130428606,0.052085920235206716,39.084928990882744,0.05211323865451033,39.0,0.0849289908827465,0.01730517591866885,1.1600497566292918,0.052,-0.0018989644662948174,-0.003814186088724913
behavior_probe_0.05,751002,2,connected_restored,connected,750,0.34574086355487227,nan,0.21461048508323224,-0.1475854972814846,-0.1380416643614998,-0.3896376558582022,0.352652149444732,0.2443199045183143,-0.012184777721968985,-0.020136735458934227,-0.008867282168237095,-0.012596699052305472,-0.020540536421947735,-0.009403132748255492,0.08723496870348314,0.04409067465699485,0.004,0.0,0.09059643926711479,0.0642491333459035,61.05233346235742,0.08140311128314322,29.0,32.052333462357424,0.9991338585694581,0.17562207111682665,0.03866666666666667,0.37496862285167476,0.7271974443538517
behavior_probe_0.05,751003,0,connected_initial,connected,750,0.3591174603408182,nan,0.214522367345207,-0.12010214407659825,-0.1452333832398406,-0.4144756220090515,0.3597557505850476,0.2930889471675484,-0.009939032538413727,-0.009418088673632032,-0.014343915370698991,-0.009267411206847227,-0.008465809010558692,-0.013228172159380705,0.08840568021758685,0.04354268060556803,0.005333333333333333,0.0,0.08188156671326524,0.055508555374824506,56.562714543646045,0.07541695272486139,27.0,29.562714543646045,0.9995860479112262,0.16287537419979364,0.036,0.34181189941724077,0.6770183747423334
behavior_probe_0.05,751003,1,disconnected,disconnected,750,-0.1426524433280635,nan,-0.23320971445511535,-0.49555640004519397,-0.11274046986926747,-0.3930795192865639,-0.12046924458584791,-0.07966169585052255,-0.0035674878683508928,-0.003406748846070993,-0.000350175740218686,-0.002560119649656685,-0.0031496663743166417,-6.49774457259626e-05,0.036456516030228904,0.04613088075874185,0.0,0.0,0.10821076178259852,0.036096461788935046,27.041349510469324,0.03605513268062577,27.0,0.041349510469322524,0.014063961349448813,1.1136828881145764,0.036,-0.07566035586532546,-0.043860310970264764
behavior_probe_0.05,751003,2,connected_restored,connected,750,0.37548211934040926,nan,0.2887919599781976,-0.08834621798275945,-0.08925263870292148,-0.3598803283025808,0.378044598681119,0.28308342992169655,-0.013595434792077374,-0.012692223287601436,-0.009431121482694224,-0.014042659639329935,-0.013897540852976585,-0.010262230266426045,0.1013630547658538,0.04866510976887982,0.0026666666666666666,0.0,0.11032410828918542,0.0754368548008255,69.42890776273649,0.09257187701698198,36.0,33.428907762736486,0.9997611804076477,0.18590426831438525,0.048,0.3819188751360601,0.7423498537171127
behavior_probe_0.05,751004,0,connected_initial,connected,750,0.27790758465370574,nan,0.1434425074317867,-0.16621060477427052,-0.12928031524323902,-0.3805267089577998,0.2727228226750257,0.22126354012288285,-0.0031820553628451116,-0.007860570961833976,0.0004143474526075147,-0.0015376678425114442,-0.006610662514629136,0.0010379856604770157,0.07661700198914083,0.044932564311313566,0.009333333333333334,0.0,0.06982093180214921,0.03796196627060897,42.75547273487443,0.057007296979832575,16.0,26.755472734874427,0.9946607847465193,0.14721564205604784,0.021333333333333333,0.22533006946408637,0.5891702689882286
behavior_probe_0.05,751004,1,disconnected,disconnected,750,-0.15445246751431255,nan,-0.18786003130065962,-0.4741511300125513,-0.05244778101063894,-0.34540208310959525,-0.1354122502900207,-0.07965357823621702,-0.0011554470742318565,-0.001242697933552629,-0.0008198304169199204,-0.000971855088486981,0.0002624688529290738,-0.0012614116394329582,0.039832713855984164,0.052353036828474656,0.0013333333333333333,0.0,0.10224399492008371,0.04685713837582891,35.11017794685118,0.046813570595801574,35.0,0.1101779468511743,0.017938463193851027,0.9965677879264334,0.04666666666666667,-0.0029932728439954663,-0.030679445419760847
behavior_probe_0.05,751004,2,connected_restored,connected,750,0.35724998869042845,nan,0.2571598042035422,-0.12219777461914261,-0.09966352687449338,-0.4052471393020003,0.3568233310780356,0.27889369146861365,-0.019684492830157184,-0.018513599395662852,-0.009158652120027408,-0.019235781112598445,-0.018026412364357418,-0.009040134487171666,0.09556076330706005,0.047580960510563805,0.0013333333333333333,0.0,0.09748520418275411,0.07533514553798393,71.88358338808678,0.09584477785078237,37.0,34.88358338808677,0.9996314186335965,0.19250760264234934,0.04933333333333333,0.38980905433237767,0.7258392986402616
behavior_probe_0.05,751005,0,connected_initial,connected,750,0.2872388074848284,nan,0.13541213046639364,-0.15798044630017108,-0.1473960209650684,-0.4299132267074014,0.28280815143146204,0.20737521322068106,-0.0007414736129068621,-0.0037042602302737346,-0.0007617891606080315,-0.00043972343545385607,-0.003821119638316893,0.00017968276478353307,0.07735733331132784,0.04340302964737824,0.005333333333333333,0.0,0.07973723275045562,0.045849817203748484,48.31508055310675,0.06442010740414233,20.0,28.315080553106746,0.9879002348022117,0.1629060743811886,0.02666666666666667,0.2664222339266775,0.6387715152930935
behavior_probe_0.05,751005,1,disconnected,disconnected,750,-0.10810645821838481,nan,-0.17337852481129654,-0.47877917375430756,-0.06759917894674003,-0.3742516295747098,-0.10577934586455649,-0.05811588839612575,-0.003114681154351075,-0.0016311748790323653,-0.0006704138598675238,-0.0031520512426239217,-0.0002580655995420636,-0.0008213941569923651,0.041001412389378676,0.050610442015850673,0.0,0.0,0.09690023477470575,0.04673131125447302,35.085605492612984,0.046780807323483976,35.0,0.08560549261298234,0.020303135712699375,1.072526473429171,0.04666666666666667,-0.005995868175120845,-0.004761117696210059
behavior_probe_0.05,751005,2,connected_restored,connected,750,0.35223581987590363,nan,0.23315181220317518,-0.10917603482761609,-0.11707073251168944,-0.398711051381922,0.3502225447148647,0.2563565670798555,-0.012649008934629339,-0.010029114036594063,-0.009959824031468162,-0.014302432600278223,-0.012595782441994276,-0.01051053746121693,0.09126607320869319,0.04588995821820561,0.0026666666666666666,0.0,0.10033252580434386,0.07076216308974383,67.04307405186239,0.08939076540248318,34.0,33.043074051862405,0.9942109688167525,0.19178016517088034,0.04533333333333334,0.36097057028953006,0.7437245713753876
behavior_probe_0.05,751006,0,connected_initial,connected,750,0.27576200574591475,nan,0.15066831435077693,-0.1657510375206008,-0.11564730148166574,-0.39862578590806114,0.2663156158324427,0.21397040889242264,-0.012786083407208776,-0.011395615383178405,-0.005294762049566398,-0.012054390102643846,-0.010361688786473366,-0.004972354661478897,0.0783773125955105,0.04606959931089328,0.005333333333333333,0.0,0.07192614695389488,0.0402036838598808,43.42191482786227,0.05789588643714969,18.0,25.42191482786227,0.9918469146950248,0.14125941080656426,0.024,0.24443800795608048,0.5967465842604797
behavior_probe_0.05,751006,1,disconnected,disconnected,750,-0.11343289410725277,nan,-0.19005140193631936,-0.46987533682134236,-0.07265662342088322,-0.3885179953683212,-0.11739477851543616,-0.06930947159981146,-0.0005438607865630936,-0.001795341532976043,-0.0004292468937829107,0.0004733990185941851,-0.00033078361655090025,0.0004953302093337757,0.03966283481340772,0.04985061498775957,0.0,0.0,0.09494943539777553,0.03758635173052501,28.157956600908122,0.037543942134544164,28.0,0.15795660090812327,0.022542346488541986,1.0981514893446087,0.037333333333333336,-0.09498330092532967,-0.04049853745494973
behavior_probe_0.05,751006,2,connected_restored,connected,750,0.39513733128071865,nan,0.33669926758299645,-0.02958483892917183,-0.07616426938870162,-0.34520175443862633,0.4128635369716981,0.28993894260549663,-0.016138772223370575,-0.016164547094631488,-0.010018717126766547,-0.016982195854559977,-0.01626225926386695,-0.010031079601536543,0.11245001421272442,0.04978574594284783,0.0,0.0,0.11589410591487379,0.08938785734406675,80.80349007191231,0.10773798676254974,43.0,37.80349007191229,0.9996969567594022,0.2103558617609201,0.05733333333333333,0.4389273732979731,0.779883556061591
behavior_probe_0.05,751007,0,connected_initial,connected,750,0.33582702115471025,nan,0.12052668809012607,-0.21662123168771208,-0.21245757927992076,-0.49482487730399133,0.3329842673700468,0.25086687926649365,-0.014845139750274716,-0.016148726588807723,-0.009788405735196102,-0.013680379162749789,-0.015285888335260256,-0.00896229252871592,0.07327108281216863,0.03807239924807695,0.0026666666666666666,0.0,0.06666183683534052,0.04689458779848636,49.49388789022426,0.06599185052029902,22.0,27.49388789022425,0.9961169951635309,0.15150566778827826,0.029333333333333333,0.3431549792954934,0.6587310723793096
behavior_probe_0.05,751007,1,disconnected,disconnected,750,-0.11802310963782717,nan,-0.17049772924597179,-0.44113135418534566,-0.06561190318812084,-0.35991436291706874,-0.10488582605785093,-0.061128987647758454,-0.0004797872993929692,-0.002813747943940475,0.0003624466053705114,-0.0003982411030109058,-0.0029824247786026064,0.00032301416631825165,0.0412618212180196,0.05076094347035169,0.0,0.0,0.10614989433320733,0.05081939416589997,38.06372699018482,0.05075163598691309,38.0,0.06372699018481831,0.01754887598361813,1.0394275457191506,0.050666666666666665,-0.03295266687537503,-0.013701777137840512
behavior_probe_0.05,751007,2,connected_restored,connected,750,0.37011653050644144,nan,0.26944284090071147,-0.10929398024701514,-0.10319741800301299,-0.4035000301942241,0.3726402589037245,0.291598607272081,-0.009923226880329416,-0.012431331994044233,-0.00698263470054054,-0.010135624007106495,-0.011861327177899424,-0.0069487427729897815,0.09753928346968184,0.04700066979090493,0.0,0.0,0.10651416168388818,0.07662433699937349,71.69718279533656,0.09559624372711541,38.0,33.69718279533656,0.9997216489209853,0.18797591254875737,0.050666666666666665,0.3896174172575226,0.7661548724747838
behavior_probe_0.05,751008,0,connected_initial,connected,750,0.3041412547451114,nan,0.15404639812237803,-0.16436223881335596,-0.15148044508512998,-0.4209869895905062,0.305526843207508,0.239531652433055,-0.006418252188375772,-0.01052994717406392,-0.006684267586569743,-0.006004063703934854,-0.009463384486804989,-0.0065101608594405405,0.0783307943759202,0.04292739513078144,0.004,0.0,0.07517805935468741,0.04579999286055436,49.274176253496734,0.06569890167132898,22.0,27.274176253496734,0.9978647911896639,0.149410432899556,0.029333333333333333,0.33115502194661217,0.6430823614873307
behavior_probe_0.05,751008,1,disconnected,disconnected,750,-0.12174818676406611,nan,-0.1969949102477155,-0.47471244168591875,-0.07986479883760084,-0.37110804574658796,-0.11713011141011463,-0.0665258895388604,-0.00375558444102852,-0.0040966286414458,-0.0006588193050551436,-0.002161997226678268,-0.0032234634451581952,-0.0015888950485678476,0.03939881820249051,0.049656402355270565,0.0,0.0,0.11480519679658434,0.04412216821812313,33.09022810134792,0.04412030413513056,33.0,0.09022810134792256,0.018921717330422104,1.0596250941781082,0.044,0.03259691715798715,-0.00710038720169705
behavior_probe_0.05,751008,2,connected_restored,connected,750,0.4357126132996784,nan,0.3273808802254207,-0.026436207321091573,-0.12969505980301224,-0.40035964055664053,0.45707594002843294,0.3345446682962151,-0.014505631182411396,-0.012971952692084709,-0.011415573625352976,-0.015133267136690127,-0.012987880468180942,-0.0123164949297622,0.11231155391974569,0.04478414548533324,0.0013333333333333333,0.0,0.12067012441761091,0.09249940586930014,84.15765217347975,0.112210202897973,49.0,35.15765217347975,0.9998426212194013,0.2007499165038496,0.06533333333333333,0.4724566906130194,0.8089287618432676
behavior_probe_0.05,751009,0,connected_initial,connected,750,0.40720273525848183,nan,0.20967319210214752,-0.11868330723882908,-0.1947958680002126,-0.45567372030620246,0.40446906010236017,0.32976374147616166,-0.005192154002778662,0.000615995901051021,-0.0002125230993083882,-0.004493094296814869,0.0009987638168774656,0.0005713383414137328,0.08722560018331416,0.0392800495778281,0.0026666666666666666,0.0,0.08841540390790531,0.058172299513152656,57.73050920099407,0.0769740122679921,27.0,30.730509200994078,0.9997855350512905,0.17296364274138848,0.036,0.36520765282444345,0.7338064917988514
behavior_probe_0.05,751009,1,disconnected,disconnected,750,-0.13290860206980157,nan,-0.18215246673949806,-0.4439567809415085,-0.05839670997100423,-0.3551197842473819,-0.12375575676849385,-0.06717648308925814,-0.004689697342662731,0.00045634704570826537,-0.0009672733611555258,-0.004297188123175873,-0.0005556473501385713,-0.00162130964689149,0.04039329625080562,0.051733927112312374,0.0,0.0,0.11317988529969655,0.048143638514509986,36.0651076514721,0.048086810201962794,36.0,0.06510765147210068,0.016103518360191797,1.1439280372863654,0.048,0.018736425830728987,-0.027735010397574065
behavior_probe_0.05,751009,2,connected_restored,connected,750,0.38551917581877765,nan,0.2928059995482816,-0.10031064311210533,-0.11126973946607667,-0.39705108504357317,0.4040757390143583,0.29486392118950433,-0.01574507851658247,-0.010976291198463085,-0.009304245656041791,-0.016202810215839962,-0.011122675614657244,-0.009731678125890465,0.10172219034483965,0.04633101101463144,0.0,0.0,0.10578101370690872,0.08094095601727541,76.32587529963621,0.10176783373284828,43.0,33.32587529963622,0.9998246925310098,0.18596449078470392,0.05733333333333333,0.4192255944517634,0.7679373904983808
behavior_probe_0.05,751010,0,connected_initial,connected,750,0.37382028267370226,nan,0.21987996075692817,-0.09491984708451931,-0.14502260558979652,-0.40492699886958516,0.3649025663467247,0.27374547495088974,-0.011821649448873312,-0.008443846959937395,-0.016371088124376855,-0.013665490803088296,-0.007486348760151723,-0.017862336921490418,0.09002228383275868,0.04354238809936237,0.0026666666666666666,0.0,0.0973736124846898,0.059208706703028816,59.375239964234424,0.07916698661897924,26.0,33.37523996423443,0.9985741351294831,0.18805446039198181,0.034666666666666665,0.32574741805000434,0.7165603523547406
behavior_probe_0.05,751010,1,disconnected,disconnected,750,-0.1307798302314573,nan,-0.19254670558982448,-0.4450837893887783,-0.07495727371044325,-0.3323578589663382,-0.11758943187938124,-0.07022245366896901,-0.003629711878102961,-0.004085101688170166,-0.0021382806929676887,-0.003634460398646888,-0.0036626203212407134,-0.0015299647816120168,0.039596310463834765,0.05034178086165198,0.0,0.0,0.10982429515120622,0.05330953583101719,40.06534213019755,0.05342045617359673,40.0,0.06534213019754756,0.01755472796095458,1.1604298558652457,0.05333333333333334,0.03949441966188698,0.038809925193534225
behavior_probe_0.05,751010,2,connected_restored,connected,750,0.3455724521684386,nan,0.23333550528348382,-0.09249148020226292,-0.12371110280860113,-0.3639638361555013,0.35704660809208494,0.24103692184137313,-0.009393394067281865,-0.008329893457639006,-0.008741772273673514,-0.010886733889371922,-0.008487188769189264,-0.009772346258135885,0.09203574235495575,0.045512654933246875,0.0026666666666666666,0.0,0.10571270073760533,0.0682455230643681,67.00947034979303,0.0893459604663907,33.0,34.009470349793034,0.9972387219152535,0.19008961611662512,0.044,0.34920128202382644,0.7404451905977593
behavior_probe_0.05,751011,0,connected_initial,connected,750,0.2877031964847417,nan,0.18313512791578698,-0.1659912488924623,-0.14226546933033038,-0.40803045851232345,0.32540059724611736,0.2189800302976027,-0.008369688846178716,-0.00795420196871249,-0.0003909813828083255,-0.007579733808600411,-0.00891799084756333,0.0006002537378404161,0.08231736992064938,0.04381599913107764,0.008,0.0,0.0849582247727743,0.05362597904002903,55.363892265683944,0.07381852302091192,23.0,32.363892265683944,0.9936419071189027,0.1851711048787898,0.030666666666666665,0.2925329480793043,0.6821513626355861
behavior_probe_0.05,751011,1,disconnected,disconnected,750,-0.11415279713815117,nan,-0.1626423329599731,-0.463673670031142,-0.07354634358807255,-0.3651858373991329,-0.08909598937190057,-0.052665343258261166,-0.004704604660145843,-0.004143884044832218,-0.0015303297194450224,-0.005411954260405163,-0.0037909592260782277,-0.002304040735015807,0.0419697744538586,0.050004683693116836,0.0,0.0,0.11348227702953766,0.050857772901354514,38.14679064309175,0.05086238752412233,38.0,0.14679064309175005,0.02344814393347796,1.1627561000601074,0.050666666666666665,-0.013261654491461456,0.047934507772526495
behavior_probe_0.05,751011,2,connected_restored,connected,750,0.31460466370851514,nan,0.18815044108462978,-0.12843693618351862,-0.10710518369469778,-0.35225588315715817,0.2952556247793275,0.2242270692828055,-0.014532345111606936,-0.012062026676956487,-0.011140088223801598,-0.013773174165326753,-0.011696777357599254,-0.011091395103799312,0.08561834257054544,0.04709080734189884,0.0,0.0,0.08779690999171083,0.059221342631265064,58.86534178161552,0.07848712237548736,29.0,29.865341781615516,0.9973298456407226,0.17355729833995376,0.03866666666666667,0.35480053955613655,0.6924427078848481
behavior_probe_0.05,751012,0,connected_initial,connected,750,0.3765980445621713,nan,0.1949580935585846,-0.11186185307441703,-0.15259078837421036,-0.4262288890777024,0.347548881932795,0.30285362653464853,-0.00594441105017237,-0.005447240744532165,0.0022474376296843517,-0.004535612754994201,-0.004037521421118115,0.0029919574731021533,0.08407877840918307,0.04277621653039239,0.0026666666666666666,0.0,0.09163664806212049,0.053994835582787906,56.811137616026514,0.07574818348803534,25.0,31.811137616026507,0.9993394102878512,0.17696605058869264,0.03333333333333333,0.30807643369100896,0.7034713066830484
behavior_probe_0.05,751012,1,disconnected,disconnected,750,-0.18330547101785358,nan,-0.19468459316565562,-0.47125102073626435,-0.006410605006849067,-0.32991113649548476,-0.18827398815880655,-0.10552520022157783,-0.008097436304160646,-0.0022564526502499966,-0.002122101805706397,-0.005911007561539961,-0.0011408996390483096,-0.0018190692777289095,0.039401501353698826,0.05714440120222679,0.0,0.0,0.1326850216738609,0.06672738577311925,50.03260833398579,0.0667101444453144,50.0,0.032608333985790765,0.01202930563454101,1.1934437195468186,0.06666666666666667,-0.05076618569925917,-0.061847320142215015
behavior_probe_0.05,751012,2,connected_restored,connected,750,0.3740101361037169,nan,0.23513491618648286,-0.08751792267978527,-0.13366817424850894,-0.38495429644061663,0.3688030904349918,0.2814284255831459,-0.012783829573060524,-0.011327695564557302,-0.010903615484067316,-0.01104980770805058,-0.010892213629370907,-0.009787805682062202,0.09192923237816816,0.04450107081224432,0.0026666666666666666,0.0,0.09544900958325782,0.06909343229923787,65.54342616567757,0.0873912348875701,34.0,31.54342616567758,0.9993105559976402,0.17544931449322348,0.04533333333333334,0.3945235208353478,0.7421697589439089
behavior_probe_0.05,751013,0,connected_initial,connected,750,0.31910562309509677,nan,0.13242078100167828,-0.17465607733011496,-0.19043364119726278,-0.4492033869534868,0.322854422198941,0.24813229466793688,-0.0084228243726818,-0.011666261299990897,-0.008636202531510423,-0.00778822003648046,-0.010827356289969893,-0.009519660245124347,0.07529890556319388,0.03964785730176713,0.005333333333333333,0.0,0.07527740706720254,0.050445893116123214,51.34248432331531,0.06845664576442041,21.0,30.342484323315304,0.998695436285584,0.16507289222731228,0.028,0.3299964923214177,0.6656732523198594
behavior_probe_0.05,751013,1,disconnected,disconnected,750,-0.13461208545087733,nan,-0.18308265623688946,-0.4475180146034892,-0.04658054595789273,-0.35204290353394335,-0.13650211027899672,-0.07099697896115828,-0.0036543666303460423,-0.0016372345219207952,0.0008245452885787572,-0.0030836386664782854,-0.0021318485090980207,0.0008023197528001996,0.04027242658325938,0.052534318746532145,0.0,0.0,0.11314501511600708,0.04545717205395417,34.06302247759912,0.04541736330346549,34.0,0.06302247759912405,0.015851446629104596,1.0223829081717157,0.04533333333333334,-0.024086904827318813,-0.032906986857527194
behavior_probe_0.05,751013,2,connected_restored,connected,750,0.4327854688731214,nan,0.30489439871843743,-0.0696878935587773,-0.12969506150255827,-0.4389276409865053,0.4345894602209957,0.3423218766218468,-0.009046292999952221,-0.008619462701650676,-0.006882291417123594,-0.007798162595159863,-0.008940961810999817,-0.006670753888029623,0.10614124962596395,0.044874968866724714,0.0013333333333333333,0.0,0.11846281315010661,0.08219907612991346,75.0675115716596,0.10009001542887946,38.0,37.067511571659594,0.9999497587904962,0.2161765684577589,0.050666666666666665,0.42839379372581043,0.7928266682176117
behavior_probe_0.05,751014,0,connected_initial,connected,750,0.2696913207741867,nan,0.13412695874913366,-0.1655728949825347,-0.1351479179720471,-0.4071325695268416,0.2692748767211807,0.1930816352501782,-0.007106419049971682,-0.007360024670491098,-0.010821553393227297,-0.006800585567392337,-0.006906015772868126,-0.011919017125019533,0.07653879415936996,0.04430798836733014,0.004,0.0,0.07629303661968208,0.05172264984415201,53.63473653612698,0.0715129820481693,25.0,28.63473653612698,0.9805409663578701,0.16256593296122507,0.03333333333333333,0.27120791352891715,0.6192970540613145
behavior_probe_0.05,751014,1,disconnected,disconnected,750,-0.11709018163733902,nan,-0.1755911563361777,-0.4565313155892455,-0.06216142568841068,-0.35739115790657916,-0.11342973064776703,-0.070502582137551,-0.0040823330648062876,-0.005841614526913207,-0.0031413044870130056,-0.007283275642017796,-0.005132505897047852,-0.0040125840799796215,0.04112240467683433,0.05170422905095144,0.0,0.0,0.11464158071283617,0.056101401451337296,42.078461991643906,0.05610461598885854,42.0,0.07846199164390638,0.018173031047728543,1.1882060876195053,0.056,-0.042338821650831374,0.0108988307184285
behavior_probe_0.05,751014,2,connected_restored,connected,750,0.36732529837810807,nan,0.29470367175060197,-0.0694059620522044,-0.0793043415996643,-0.3687728526064701,0.37400801335026623,0.28645160074192555,-0.01776234628321048,-0.008069730044269231,-0.014805494127899542,-0.017351700562457394,-0.009425526925774018,-0.015141734481570732,0.10310719329435131,0.04945932702418877,0.0026666666666666666,0.0,0.09847042740403929,0.07327378381258955,69.28547056205765,0.09238062741607687,38.0,31.285470562057657,0.9997391024138239,0.17169414509314393,0.050666666666666665,0.43031134845974434,0.7411944507865281
behavior_probe_0.05,751015,0,connected_initial,connected,750,0.2918645386644123,nan,0.12579567282493145,-0.22925523227032513,-0.18404917202293405,-0.47526961861882155,0.3098448448478655,0.2216288111094099,-0.003887873936015454,-0.004826360968233921,-0.009116953447408354,-0.0031353096397170655,-0.004043146340351741,-0.006786412677528223,0.0743978539380999,0.04020390330930291,0.008,0.0,0.06924585458044202,0.0464877420185686,50.16588226145001,0.06688784301526668,20.0,30.165882261450005,0.994344595151887,0.1649687057073315,0.02666666666666667,0.3113920193202872,0.6395989688436324
behavior_probe_0.05,751015,1,disconnected,disconnected,750,-0.10504782245802866,nan,-0.16438087487635894,-0.4355498599201156,-0.07597345187803847,-0.358721800161566,-0.08840742299832044,-0.05464632153470231,-0.000545913363942943,-0.002604363258409634,0.0010500867675514874,-0.0021483251353960754,-0.002979724192498359,-0.0017071445791131522,0.041901108154783706,0.050004771860698065,0.0,0.0,0.10520407181283269,0.0401060655406355,30.120111657779603,0.04016014887703947,30.0,0.1201116577795996,0.02209979914070657,1.0759496756809368,0.04,-0.06250601164138354,-0.017327810172234132
behavior_probe_0.05,751015,2,connected_restored,connected,750,0.35791446632623214,nan,0.20050045119727988,-0.1660053687353473,-0.14659651261763876,-0.4423804395720528,0.34709696381491867,0.2730813134578256,-0.013060172078331107,-0.015418904966238055,-0.013940258300447284,-0.01410220965641388,-0.01558109680061049,-0.015231056462337057,0.08495724584698133,0.04311767167341562,0.0013333333333333333,0.0,0.08717123801880369,0.06313373098319892,62.5625380508303,0.08341671740110707,31.0,31.562538050830298,0.9996564139162485,0.17233286925829244,0.04133333333333333,0.36558100086786943,0.7329516066553731
behavior_probe_0.05,751016,0,connected_initial,connected,750,0.27953299512994995,nan,0.08323962058317613,-0.22770656102845602,-0.18727526900293948,-0.45907076286634535,0.2705148895861156,0.2301315332515935,-0.0061459111912367135,-0.004440200940856793,-0.002039255161688914,-0.005931387405214665,-0.003429668985091649,-0.0027605347371023672,0.06771888492207713,0.03993786259453478,0.004,0.0,0.07084154134951157,0.04064880842871736,46.42738789678395,0.0619031838623786,20.0,26.42738789678395,0.9969417185625595,0.14520214525112424,0.02666666666666667,0.24029304829366338,0.610839848605773
behavior_probe_0.05,751016,1,disconnected,disconnected,750,-0.10860029507913066,nan,-0.1696743092023738,-0.45418912602403605,-0.08134455365425924,-0.37711566444780104,-0.08832975554811456,-0.04122086892618837,-0.0023347198886987325,-0.00536228142202617,-0.007831071994072058,-0.0019144972223255738,-0.005902189133761867,-0.009448085029532104,0.04149876527308866,0.04912976416167849,0.0,0.0,0.11905821209694652,0.03340500437691106,25.22002146262303,0.033626695283497376,25.0,0.22002146262303118,0.025616477133806843,1.031882360381499,0.03333333333333333,-0.051683719552272044,-0.023488516473354017
behavior_probe_0.05,751016,2,connected_restored,connected,750,0.3498366449284685,nan,0.26834477941185786,-0.09222650374672749,-0.08331330235445283,-0.35007884740405776,0.3516580817663108,0.2649569132434214,-0.017450765447894086,-0.017828385541092586,-0.014209216366748377,-0.01652751033440666,-0.017595757302612404,-0.01372003200290358,0.09756737540646547,0.04908799556125673,0.0,0.0,0.09604413068484575,0.07166379583928303,69.25435395669561,0.09233913860892748,35.0,34.2543539566956,0.9993201975693361,0.19033162239410353,0.04666666666666667,0.41147294544316726,0.7300578261740871
behavior_probe_0.05,751017,0,connected_initial,connected,750,0.23296608471524652,nan,0.06685044631312584,-0.23227334807420125,-0.16949173006622328,-0.4349995105907467,0.23634217637934912,0.17466040280080944,-0.010247345716804017,-0.005667153662622915,-0.003984953578717021,-0.007906045048979876,-0.004834289323681216,-0.0028837322501876345,0.06525054328611361,0.04141242078283235,0.004,0.0,0.0629495898641204,0.03142130496323271,37.307557074255236,0.04974340943234031,13.0,24.307557074255236,0.9686902359002534,0.13948254131276364,0.017333333333333333,0.1784167242573999,0.5486595025308562
behavior_probe_0.05,751017,1,disconnected,disconnected,750,-0.12884926838220379,nan,-0.1498483231924519,-0.4422366712541315,-0.03669346749282702,-0.3350793964870008,-0.11315485569962486,-0.07009890484453879,-0.0030815877280280044,-0.0018436031209055476,-0.005029012193889407,-0.002170811810710521,-0.0019531306379853603,-0.004015605065146035,0.04310070642410653,0.05381806729033724,0.0,0.0,0.10193123194323071,0.04944167909953719,37.06532662663781,0.04942043550218375,37.0,0.06532662663782132,0.01618610726169125,1.1821417785626234,0.04933333333333333,0.04307508428933356,0.03942029295988709
behavior_probe_0.05,751017,2,connected_restored,connected,750,0.38831151171868106,nan,0.3290079632930042,-0.024458496119973066,-0.09034706326822277,-0.361047315185704,0.4193550265612269,0.27328623199477536,-0.017964226058316185,-0.015117521606495161,-0.011552012880111828,-0.017688881040268088,-0.013820150970790389,-0.01131424433393492,0.11266624132308999,0.048572571844226524,0.004,0.0,0.11064934221716632,0.08435820424297395,76.3838443649477,0.10184512581993027,41.0,35.383844364947706,0.9964504997355422,0.1993470751054781,0.05466666666666667,0.47044714057417525,0.7875878217905992
behavior_probe_0.05,751018,0,connected_initial,connected,750,0.31142818442223175,nan,0.22805261029869273,-0.12940953928741916,-0.10610709305353608,-0.3803888266377757,0.33415970335222883,0.25060836577835344,-0.005213822641428711,-0.009169748232799476,-0.0017825127130943605,-0.0049594335433379684,-0.008761599610115488,-0.0006825321208308758,0.09078866092888897,0.047004853044565795,0.004,0.0,0.09607217296595547,0.057103616701244954,56.74285566046729,0.07565714088062306,25.0,31.742855660467292,0.9981311246697235,0.17827758464142576,0.03333333333333333,0.29817371022545514,0.6874655023863471
behavior_probe_0.05,751018,1,disconnected,disconnected,750,-0.1276887156072241,nan,-0.2181664874654956,-0.4979560360955813,-0.1050006918071128,-0.3902578822836711,-0.11316579565838282,-0.07286710034772625,-0.003807989415817625,-0.0014521490542429934,-0.0010565842056419767,-0.0035450877539292096,-0.001603971922939883,-0.0013207325641444035,0.03752991493594395,0.04696785819136611,0.0,0.0,0.11476631195634741,0.05340941519719706,40.05703701048542,0.05340938268064723,40.0,0.05703701048542309,0.016561278835024385,1.086817876865761,0.05333333333333334,0.018193386200434633,0.013366807727465697
behavior_probe_0.05,751018,2,connected_restored,connected,750,0.3520858683830344,nan,0.2682249469807936,-0.07736364577410004,-0.08316834773681003,-0.3457352229488049,0.35139329471760367,0.25511290982881885,-0.015787203461466875,-0.013530466680831396,-0.010249335184610254,-0.01535494827809271,-0.013315288565387905,-0.01076142651126393,0.09856661162760305,0.049251764248490856,0.0013333333333333333,0.0,0.10942387623434027,0.0696327805330854,67.5653828777877,0.0900871771703836,33.0,34.56538287778769,0.998547312404563,0.1957988072562326,0.044,0.38356200092473014,0.7445985863420076
behavior_probe_0.05,751019,0,connected_initial,connected,750,0.3637366890413498,nan,0.24636664312310255,-0.10929201187098361,-0.14170360397840556,-0.4030456077106201,0.38807024710150806,0.2791542661362334,-0.008568702226489639,-0.014176671027256482,-0.005716653644270507,-0.007660985018900695,-0.012372466146763936,-0.004164300201906275,0.09435388451364134,0.04421300812956316,0.0013333333333333333,0.0,0.08635324553013608,0.05843091345356331,59.652537084728664,0.07953671611297156,27.0,32.652537084728664,0.9993281235041693,0.17824457591024906,0.036,0.3991844056280578,0.7194947793458257
behavior_probe_0.05,751019,1,disconnected,disconnected,750,-0.13560148850270984,nan,-0.20022356713734227,-0.44041122817450407,-0.06935057938612857,-0.34055107222555725,-0.13087298775121367,-0.06539163356659566,-0.008342494407888446,-0.0014734973319524033,0.0026951519200516215,-0.00645706878133655,-0.0002742535919653395,0.0018356523743443467,0.03917466097769352,0.05117208912064467,0.0,0.0,0.11861677654316097,0.056737258578714325,43.05222441547727,0.05740296588730302,43.0,0.05222441547727563,0.015880166914340955,1.1386299695718884,0.05733333333333333,-0.012448551187391377,0.007292037596450439
behavior_probe_0.05,751019,2,connected_restored,connected,750,0.3446693867694565,nan,0.25686736311549163,-0.11023071253633873,-0.09607363435275956,-0.37651389795311674,0.35294099746825125,0.25831727251100334,-0.009588469038922673,-0.012396695903260133,-0.0070556740479348744,-0.009928809489290171,-0.012277361302247655,-0.00762428063185863,0.09528785761490498,0.04785948368582773,0.0013333333333333333,0.0,0.10198061566999453,0.07001858437358384,67.11895864621384,0.08949194486161846,33.0,34.11895864621384,0.9991212793628579,0.20223696312956668,0.044,0.3908608454957374,0.7371455601956914
behavior_probe_0.05,751020,0,connected_initial,connected,750,0.24834814216937717,nan,0.05904505920887565,-0.20776765598367605,-0.18674632045745101,-0.4287055193305186,0.24579137966632666,0.19141279838473893,-0.007214901128168322,-0.003744674575414646,-0.005508398650913897,-0.006870138806125149,-0.0026324272246574707,-0.004316293016668666,0.06506739364479834,0.04013372939946669,0.008,0.0,0.05913269406763917,0.03492384942593922,39.66210461024469,0.05288280614699292,14.0,25.662104610244686,0.9863843383827058,0.14163545180660986,0.018666666666666668,0.21630473528984126,0.5635705472980722
behavior_probe_0.05,751020,1,disconnected,disconnected,750,-0.12615149227712705,nan,-0.19760201784206732,-0.4483289150803793,-0.0944953737580828,-0.34853675466123046,-0.1031066440839845,-0.05241818141467339,-0.0033927229022698555,-0.0022182509143944987,-0.003882474206855106,-0.003474564606417573,-0.0016538503584704494,-0.003478879453243687,0.039221741659740794,0.04841085157086593,0.0,0.0,0.10726977826231597,0.06426614630747174,48.14049260066888,0.06418732346755851,48.0,0.14049260066888175,0.022790883920311634,1.1448124063266698,0.064,0.010638295772415597,0.040160629546032965
behavior_probe_0.05,751020,2,connected_restored,connected,750,0.32666944971746814,nan,0.21446874046001338,-0.13201216138797045,-0.09903414547040944,-0.3896640476411736,0.31350288593042286,0.24632174185943,-0.013618379678519015,-0.014596945349604842,-0.009732202663464968,-0.014197342363078668,-0.014225820059058876,-0.010104083076947167,0.08810551782636135,0.04788298805991356,0.0026666666666666666,0.0,0.08922253326260476,0.06154420136959542,60.79730300419545,0.0810630706722606,31.0,29.797303004195445,0.9987665550641444,0.16783518965881064,0.04133333333333333,0.3296552370146232,0.7117848682718121
behavior_probe_0.05,751021,0,connected_initial,connected,750,0.3368616021023784,nan,0.16950828858273576,-0.1651625386307483,-0.173277785807262,-0.4330543343681019,0.3427860743899977,0.2524489025459066,-0.004184488571115558,-0.010440137079342576,-0.009767283544577083,-0.0025368567483568917,-0.008829929288173636,-0.009228455462265825,0.080328480165675,0.041236425380798435,0.004,0.0,0.07370322311242286,0.05141942699954117,53.77346411864879,0.07169795215819838,24.0,29.77346411864879,0.9989808066970565,0.1647843663667555,0.032,0.35648272196219444,0.6681889405918457
behavior_probe_0.05,751021,1,disconnected,disconnected,750,-0.07306374063061309,nan,-0.19294200659427163,-0.462274221385087,-0.11481466022143487,-0.4022325111584931,-0.07812734637283673,-0.036164981153358255,-0.0027741048386418134,-0.004131814836293053,0.00011217830483214608,-0.0032610828247499044,-0.005082942300066625,0.0002049190175982093,0.03943038586722911,0.04600914425331236,0.0,0.0,0.10549978199422728,0.041511401410930814,31.36596410396504,0.041821285471953386,31.0,0.3659641039650452,0.037433140341883664,1.0770860131585074,0.04133333333333333,0.01645722672376759,0.03661070434307879
behavior_probe_0.05,751021,2,connected_restored,connected,750,0.42600122207767627,nan,0.36774612335955603,-0.01991642362927367,-0.07629061212961016,-0.3721252603207962,0.4440367354891663,0.34148050704181093,-0.009381579170742553,-0.010982132945248557,-0.00967149941860367,-0.009231276156183316,-0.009190798649201894,-0.009672206487220917,0.11928398568252328,0.05008992837902036,0.0,0.0,0.12370685352107015,0.1023581640260618,92.0994588372661,0.12279927844968813,53.0,39.09945883726609,0.9999336884266732,0.21889136785245228,0.07066666666666667,0.4483978699752027,0.7919292244049023
behavior_probe_0.05,751022,0,connected_initial,connected,750,0.36604993216232695,nan,0.2060562765515779,-0.15093815874104588,-0.16586896063738762,-0.42939038988390577,0.3719252371889655,0.2871453367821223,-0.006833070698275743,-0.013321756633809046,-0.015660309514177965,-0.007374399715922031,-0.012977686009665894,-0.015889718250294657,0.08643601856815251,0.04171220594802269,0.0026666666666666666,0.0,0.08472523330139232,0.055479047540446975,55.72493913840486,0.07429991885120647,26.0,29.724939138404856,0.9995307822952194,0.16488836663240883,0.034666666666666665,0.37657630786389046,0.7172915868788633
behavior_probe_0.05,751022,1,disconnected,disconnected,750,-0.09698281531608685,nan,-0.20071798676244912,-0.47421080630361234,-0.09946850835615383,-0.39107814948743747,-0.10124947840629528,-0.04767145222587654,0.00021677913048462737,0.00038976002894137676,-0.002671823965496884,0.0004804057469386639,0.0011625638151059397,-0.004504637109164758,0.03890838129389291,0.04760718673662289,0.0,0.0,0.10635206593913422,0.04821407494491373,36.119385699862505,0.048159180933150005,36.0,0.1193856998625023,0.023894650013656496,0.9876589105592039,0.048,0.04102803396599639,0.016242392139411862
behavior_probe_0.05,751022,2,connected_restored,connected,750,0.41447427459791863,nan,0.3262625328804521,-0.040278755767404396,-0.09598490156622651,-0.3514890511034302,0.42224743444667856,0.3156271489570991,-0.016827178871540276,-0.015400335470330507,-0.013197077953158491,-0.01636723848626829,-0.01606882675663688,-0.013001704621664494,0.11024248977026753,0.047990414870917486,0.0,0.0,0.10697109049206899,0.08956289013670292,80.51630234436611,0.10735506979248814,40.0,40.516302344366125,0.9998684035771954,0.2290638430150416,0.05333333333333334,0.48913079168391904,0.7797335796124663
behavior_probe_0.05,751023,0,connected_initial,connected,750,0.3065373274700496,nan,0.22707911416200227,-0.14447620574704717,-0.10550259248985537,-0.3730548431839521,0.3325817066518576,0.22950787202076994,-0.006426361747321385,-0.010102603316508715,-0.012445193066665302,-0.004576496611642086,-0.010046030218286976,-0.00990786494887717,0.08995580651404286,0.04713441222255885,0.006666666666666667,0.0,0.08293917371500471,0.055409200461263304,56.24524791495073,0.07499366388660098,24.0,32.245247914950724,0.9976803853244827,0.17704242138004292,0.032,0.32457027172025676,0.6571876820176664
behavior_probe_0.05,751023,1,disconnected,disconnected,750,-0.11818610139163548,nan,-0.17592872138524668,-0.4536775187579185,-0.0669935115518334,-0.3444523018660962,-0.10893520983341327,-0.05779447493157655,-0.005851463713252945,-0.0005557698956106441,-0.0030884857571002364,-0.0064550897306577685,-0.00022648459738740877,-0.004036468593393295,0.04084234939032572,0.05084064395425797,0.0,0.0,0.13406697869481463,0.05216662036753516,39.1398776643953,0.05218650355252707,39.0,0.13987766439529606,0.021145178502612078,1.238180601125947,0.052,-0.006727038758977122,-0.024299263432831415
behavior_probe_0.05,751023,2,connected_restored,connected,750,0.4177679463205171,nan,0.3347117001757504,-0.055712603210353,-0.09535603924943792,-0.37144215078997506,0.4300677394251884,0.3265778257038117,-0.014201838198923037,-0.014914061382528312,-0.012928090821082995,-0.013889907154959443,-0.01445905190423899,-0.012808951867073586,0.11120725259738659,0.04785113694473418,0.0,0.0,0.115888871566245,0.09383510524905686,85.50255314783467,0.1140034041971129,48.0,37.50255314783468,0.999919661478086,0.21149419644161715,0.064,0.4497751231838145,0.7916932903300208
behavior_probe_0.05,751024,0,connected_initial,connected,750,0.3098367787686347,nan,0.12950495567435413,-0.1947406812015895,-0.17667461130177461,-0.4668110057770467,0.3061795669761288,0.23265268000015232,-0.008311248025313654,-0.0069042118137545875,-0.005259266510662829,-0.0075477327438679825,-0.0051388325358629975,-0.00580772312569506,0.07328769532530088,0.04070740925260464,0.006666666666666667,0.0,0.07041071781981736,0.04246250101544677,45.82816279875934,0.06110421706501245,18.0,27.828162798759337,0.9962987728092785,0.15261399907373382,0.024,0.25154825015078836,0.6329715420362728
behavior_probe_0.05,751024,1,disconnected,disconnected,750,-0.15733511734313582,nan,-0.20675336617649032,-0.48697723571321694,-0.061334610236430324,-0.3615873176640844,-0.14541875594006004,-0.07746197015963685,0.005419793924768387,0.0005414381393737415,-0.002961077177449679,0.0034655026763927847,-0.0001314467010663239,-0.003025175840105599,0.038562450113284574,0.05202966470839621,0.0,0.0,0.08381380077989059,0.05342200634425235,40.05078720056895,0.053401049600758595,40.0,0.050787200568947255,0.01471976667889563,1.119402877407922,0.05333333333333334,-0.010823524759083792,-0.010876585798430613
behavior_probe_0.05,751024,2,connected_restored,connected,750,0.323566472723656,nan,0.19585124586328626,-0.15147067009543863,-0.12511851054283635,-0.39036413180856555,0.3209697564061226,0.23354566723794987,-0.009007753835428716,-0.00899446595216516,-0.009061066556977162,-0.009411210250413379,-0.010080925825956065,-0.009351702856035362,0.08396956622785053,0.045229784823531724,0.006666666666666667,0.0,0.09212920958246326,0.0580818083397368,58.29014066476629,0.07772018755302172,25.0,33.290140664766284,0.9983908242774423,0.18563868429645694,0.03333333333333333,0.3116308003885992,0.7074515427090606
behavior_probe_0.05,751025,0,connected_initial,connected,750,0.2876354830781985,nan,0.19522777373495032,-0.14986045295628836,-0.12700403860152357,-0.4029007625719581,0.32223181233647386,0.21705254411900132,-0.007417660390216836,-0.006718581048403555,-0.0020949746913741436,-0.006506364234480086,-0.006273661552894454,-0.0006023363346034793,0.08496213142696205,0.04500092706329391,0.008,0.0,0.08668846109132988,0.04801986790565115,50.752889690370345,0.06767051958716046,19.0,31.75288969037035,0.9888025247802482,0.17722874417596024,0.025333333333333333,0.2938512694896175,0.689605658774676
behavior_probe_0.05,751025,1,disconnected,disconnected,750,-0.09232765001798915,nan,-0.22109031268288998,-0.5154411584985824,-0.14124442394232775,-0.43560679663680624,-0.07984588874056221,-0.047867841350513946,-0.006376303089789859,-0.002534346381064581,-0.0006433235757085348,-0.006356008411472759,-0.0033440199380704487,-0.0007285265731049914,0.037292196136055965,0.04364152117123211,0.0,0.0,0.11017276641070396,0.03753059755267334,28.1401439080322,0.03752019187737627,28.0,0.14014390803220225,0.0262556798410775,1.0434984054618892,0.037333333333333336,0.006298444838902661,0.043579337653248014
behavior_probe_0.05,751025,2,connected_restored,connected,750,0.36810715246131454,nan,0.23598317979894226,-0.08756410054954836,-0.1105801262812578,-0.40189133037014946,0.3465633060802001,0.2721877748263406,-0.015196211030100434,-0.01903006879029242,-0.01474160047273107,-0.014669456339268822,-0.019193997053386345,-0.014078360649300407,0.09151885811187849,0.046470650504786035,0.0026666666666666666,0.0,0.09141527422034358,0.06468246003207954,62.46356885162023,0.08328475846882698,31.0,31.46356885162023,0.9995542080114427,0.1726956788526345,0.04133333333333333,0.3833967153442618,0.7165660685279338
behavior_probe_0.05,751026,0,connected_initial,connected,750,0.3423073540171605,nan,0.23211734459423428,-0.11818325809201338,-0.1256842279203779,-0.4155305540589608,0.3578015725146122,0.2770623075962676,-0.013428318199638497,0.00021642336676742157,-0.006542456862003954,-0.012587428364755543,0.0007739043856546503,-0.006975058369786167,0.09110461063461395,0.045147898071762255,0.005333333333333333,0.0,0.08419097666431842,0.05150386633088836,55.57871524583793,0.07410495366111723,24.0,31.578715245837934,0.9988718980773601,0.17523846710650007,0.032,0.3236439138486256,0.673037628731377
behavior_probe_0.05,751026,1,disconnected,disconnected,750,-0.15665202847551124,nan,-0.18057469493710276,-0.45075510560743615,-0.03350292305805843,-0.33120001020608153,-0.14707177187904436,-0.08472851298196599,0.00034903694687735793,-0.0014832270228860246,-5.407882997695597e-05,-0.0007358438398539034,-0.0014402866120952387,0.00036029499205809777,0.040573199207746775,0.054407604112809205,0.0,0.0,0.11288613415563176,0.0560460695235703,42.03094559180501,0.056041260789073344,42.0,0.030945591805007513,0.012783851963962268,1.0248408615073263,0.056,-0.0638011623581256,-0.049230338001811785
behavior_probe_0.05,751026,2,connected_restored,connected,750,0.3918553054469432,nan,0.30104744155265045,-0.07628125478441286,-0.0953875499752563,-0.3540772562761518,0.39643499152790673,0.29106735768832126,-0.015284760086710994,-0.013878074744354634,-0.01148321014833004,-0.017103597975057384,-0.012562884000491416,-0.011227350777626304,0.10425196299226043,0.048036551827515934,0.0013333333333333333,0.0,0.10357720389652647,0.08315138517308002,74.76032923447818,0.09968043897930423,41.0,33.76032923447818,0.9998713918522923,0.189795434403474,0.05466666666666667,0.4652876186131139,0.753281574595187
behavior_probe_0.05,751027,0,connected_initial,connected,750,0.3032733786347961,nan,0.19949125191291242,-0.12834787576602297,-0.11757570159879524,-0.4129893649762739,0.31706695351170766,0.2460672217371403,-0.01247090609972517,-0.00516672656179339,-0.007390812290323346,-0.012560919460398194,-0.004295087444071241,-0.004649265864554815,0.0854399028219855,0.045886618994820064,0.004,0.0,0.08225941802802413,0.04587765829403444,47.90185923162295,0.06386914564216394,19.0,28.90185923162295,0.9953244069066589,0.1603650894325104,0.025333333333333333,0.30194085367394424,0.6542047742249015
behavior_probe_0.05,751027,1,disconnected,disconnected,750,-0.1268953556286796,nan,-0.19109206120635736,-0.46619885212837686,-0.09606465607974804,-0.36820502233722496,-0.09502740512660929,-0.05938030249817741,-0.002891362104463602,-0.004998533082933435,0.0002025454103246173,-0.0016760691232237809,-0.0034398807508509576,-0.0014108781360294546,0.03969636987123609,0.04817877613608201,0.0,0.0,0.11107428749505335,0.03861695777911969,29.118575808696157,0.03882476774492821,29.0,0.11857580869615754,0.02043759840585154,1.004769465061051,0.03866666666666667,-0.0020405863447922985,-0.027782683796484946
behavior_probe_0.05,751027,2,connected_restored,connected,750,0.44627622873901795,nan,0.30595901247974194,-0.05218498181142751,-0.12545818434059264,-0.39062094509706524,0.43141719682033464,0.3489735865125444,-0.014671056854670956,-0.01665001561573697,-0.011136860619308882,-0.01488312580621518,-0.01660386464074391,-0.011150344018229154,0.10454415576188678,0.04514227618469775,0.0,0.0,0.10643892553971966,0.08353675062878171,77.22440356791772,0.1029658714238903,44.0,33.22440356791772,0.9999706450792316,0.18824636522752478,0.058666666666666666,0.4688336993862634,0.7847101914076262
behavior_probe_0.05,751028,0,connected_initial,connected,750,0.2476249831559951,nan,0.12183724991809375,-0.19398480633588094,-0.1497263012480182,-0.41301321233488336,0.27156355116611197,0.199328871467816,-0.007213673186019519,-0.0018817920646013201,-0.00797266225752663,-0.005284314641307236,-0.00095237142678213,-0.005198016674047771,0.0734354167332028,0.043065810895050495,0.0026666666666666666,0.0,0.07063094339301047,0.04001238705792636,44.543328850896366,0.059391105134528485,18.0,26.543328850896366,0.9898986055774597,0.14747739619001113,0.024,0.23481912452074769,0.5930320583711545
behavior_probe_0.05,751028,1,disconnected,disconnected,750,-0.1233419868611935,nan,-0.15751047934262566,-0.4060263178609663,-0.04141672609012267,-0.322483797262907,-0.11609375325250301,-0.06794485062613015,-0.0005896072609747738,0.0006866087431575005,-0.00029265156888984853,-0.00048543969464274106,-0.0005783260282597765,-0.0004320756159388582,0.04247175763214474,0.05332547150472695,0.0,0.0,0.10818313567577999,0.06145058775707893,46.07885299037502,0.06143847065383336,46.0,0.07885299037501542,0.017122252791799773,1.1584278108092303,0.06133333333333333,-0.050675199344020164,-0.02956416149597532
behavior_probe_0.05,751028,2,connected_restored,connected,750,0.3559129208895025,nan,0.2738801261679803,-0.05787012464486094,-0.07597065990876956,-0.3573720697294793,0.3498507860767498,0.2740255138255243,-0.01563007242337554,-0.016625154633170103,-0.01501646356640633,-0.015146041354265227,-0.017330980161956007,-0.014281444536300264,0.10071267441473196,0.0499544093435964,0.0013333333333333333,0.0,0.10122308998306308,0.07575292128305398,73.278993432689,0.09770532457691868,37.0,36.278993432689006,0.9992136188935236,0.20220884503659173,0.04933333333333333,0.4190823811693851,0.7475416261295277
behavior_probe_0.05,751029,0,connected_initial,connected,750,0.29612633993018794,nan,0.10584716270158571,-0.18807191363381606,-0.19733649443273696,-0.43935438028620644,0.3031836571343226,0.22539379346768662,0.00450519028314019,-0.004199595424510379,-0.005456902655915477,0.00669826185999662,-0.003133644960178698,-0.00450570958691724,0.07105263178509477,0.039123193317876274,0.005333333333333333,0.0,0.0692593871165201,0.04358435047387695,47.259614147221434,0.06301281886296191,18.0,29.259614147221434,0.9889053480829133,0.16201519641822232,0.024,0.2866093334615022,0.6492036682338466
behavior_probe_0.05,751029,1,disconnected,disconnected,750,-0.13468740204324495,nan,-0.1623376691072087,-0.40375010433410874,-0.045540473193764364,-0.30335414523407944,-0.11679719591344435,-0.07074788719414926,-0.0035107304250164145,-0.0018654573850858055,0.0009807957708214215,-0.004177653058150991,-0.0020815404150500132,0.00034780126558042507,0.04204106838762918,0.05322564564534249,0.0,0.0,0.11771943954821305,0.053247823188822506,40.052462271737724,0.05340328302898363,40.0,0.05246227173772222,0.014772998106014474,1.1097440437470376,0.05333333333333334,-0.03525578129900188,0.022639421543548532
behavior_probe_0.05,751029,2,connected_restored,connected,750,0.2836488753305029,nan,0.21335240328570598,-0.15077358516774098,-0.09766741389121925,-0.39197607362774933,0.31101981717692523,0.19438143547488923,-0.017071981721325888,-0.016138013301936326,-0.012071006206464176,-0.017556441497397816,-0.01586913475753808,-0.011562065627812302,0.08820074801202149,0.047701903740729204,0.0026666666666666666,0.0,0.08778167013728903,0.06262051338730497,62.27373271500564,0.08303164362000752,30.0,32.27373271500565,0.9880482572848198,0.17966744383047056,0.04,0.3419406093752939,0.697101242650457
estimator_reversed,752000,0,connected_initial,connected,750,1.59288453805916,1.6290482690107413,1.4583676577888958,1.1540168803384745,-0.170262912590907,-0.41906350532300457,1.6286305703798025,1.5986478062666636,0.000387795374149853,-0.0018474884483776228,-0.00012095614464708267,0.0007690915184314964,-0.0013920804859561154,-0.00013958765154054536,1.0714528877733684,0.041457360923829144,0.0,0.0,3.0217419260355314,1.032313620998235,774.3070474600682,1.0324093966134242,0.0,774.3070474600682,1.0,4.451339778456435,0.0,0.5918258760200928,0.9815694130927333
estimator_reversed,752000,1,reversed,reversed,750,1.510227420722134,1.6290482690107413,1.4347002049292907,1.1901796061921304,-0.1239949493364205,-0.3212558588707628,1.5586951542657117,1.5395528163528072,-0.0011929567737711947,-0.004226332326311867,-0.0015665174763437584,-0.0014382236471893299,-0.0025817387426179997,-0.0010218187151571328,1.0280826813357629,0.0452487172468056,0.0,0.0,2.846885737501822,0.9803259152907494,734.3817011811242,0.9791756015748323,0.0,734.3817011811242,1.0,3.7053593336784325,0.0,-0.587542992845565,-0.9802708652421688
estimator_reversed,752000,2,connected_restored,connected,750,1.5239021031656503,1.6290482690107413,1.451333911893037,1.170785917898399,-0.13889205533470422,-0.32617825280236823,1.5902259672277415,1.5386967818029924,-0.0009763588843820194,-0.0022705588684997753,-0.0010297681415609634,-0.0016442365211754514,-0.0021376487158681033,-0.0014602332344412932,1.0630588143528887,0.04358093385806834,0.0,0.0,2.576922468561357,1.0092703066713757,760.7533681298546,1.0143378241731396,0.0,760.7533681298546,1.0,2.952795910889895,0.0,0.59141416670363,0.9822977362536873
estimator_reversed,752001,0,connected_initial,connected,750,1.5036123432541353,1.6290482690107413,1.4120501555340148,1.115628786896188,-0.12836419997929474,-0.36601672602038315,1.5404143555133094,1.5234877838498968,-0.0006392067189632404,-0.0009088853638649288,-0.0018868219318939087,-0.002001446350385827,-0.0002856473429245262,-0.001923380552516776,0.9800496190130203,0.044908282128421545,0.0,0.0,3.1389012704018358,0.9232119719957683,691.693346502032,0.9222577953360427,0.0,691.693346502032,1.0,4.0190175129367685,0.0,0.5794945686748748,0.97758700560647
estimator_reversed,752001,1,reversed,reversed,750,1.4854443419295087,1.6290482690107413,1.4509015784249242,1.1630635941727698,-0.09707011203694393,-0.2942933178608916,1.547971690461868,1.5163964244961887,0.001394940043220909,0.001201955492996927,0.002366801894574968,0.0006796210668598555,0.0009790068513397421,0.0012439604121448772,1.0562829449169662,0.04778958781961398,0.0013333333333333333,0.0,2.85139372349852,1.0107857896741022,757.0808926023421,1.0094411901364562,0.0,757.0808926023421,1.0,3.829317807904211,0.0,-0.5944244301726296,-0.9795195461574895
estimator_reversed,752001,2,connected_restored,connected,750,1.477096722946227,1.6290482690107413,1.4576287917014943,1.1692992225506758,-0.09884115975561057,-0.2536011901095382,1.5564699514571052,1.4956012314248128,-0.0011681364750051322,-0.001344336886172267,0.0030640334111797034,-0.0015794474754161616,-0.0006825517189430936,0.0032902630047031323,1.0715883756651223,0.04793344428036605,0.0013333333333333333,0.0,3.6445218204338055,1.0431100643209892,781.5778399812566,1.0421037866416756,0.0,781.5778399812566,1.0,4.43784603715273,0.0,0.5907700626841627,0.9812471464386627
estimator_reversed,752002,0,connected_initial,connected,750,1.5897056370825264,1.6290482690107413,1.459823384464992,1.1685284321136935,-0.15350598033523538,-0.3810536353876885,1.6133293648002274,1.5635375659986432,-0.0008787053254973098,-0.0014310316152703116,0.0009603294289459844,-0.000563987983251138,-0.0014223344957859012,0.0020920179175848547,1.0781576991490092,0.042659280923170506,0.0,0.0,2.9405405433866227,1.017738320069279,762.3581525969119,1.0164775367958825,0.0,762.3581525969119,1.0,4.05348874337592,0.0,0.5842632433499914,0.9811088033196395
estimator_reversed,752002,1,reversed,reversed,750,1.4776677202202955,1.6290482690107413,1.441107528216419,1.1728586919887918,-0.10175614323499114,-0.2618510961106511,1.54286367145141,1.49676247976083,0.0011642064699687532,-0.001179065951471633,-0.0005644528755777604,0.0014288490423569062,-0.0009698171054235755,-0.0004249331481710114,1.0425476295318619,0.048040118350923006,0.0,0.0,2.9470248066090043,0.975096393211701,732.7322950363898,0.976976393381853,0.0,732.7322950363898,1.0,4.594187775321133,0.0,-0.5811987918188629,-0.9802744133729736
estimator_reversed,752002,2,connected_restored,connected,750,1.4765272206465545,1.6290482690107413,1.4425762467679717,1.1844695083086039,-0.11003310490693113,-0.26752886534336895,1.5526093516749027,1.4950865351158922,0.00034460383944147593,0.00018823892017543687,-0.0003135950233816905,0.00021992578758925916,-0.000467047991137453,6.607630308983492e-05,1.0413204081961664,0.046147593986000456,0.0,0.0,2.9471892191807676,0.991292698843207,742.5846040926444,0.9901128054568592,0.0,742.5846040926444,1.0,3.784490607420623,0.0,0.5774723210770478,0.9807174029404777
estimator_reversed,752003,0,connected_initial,connected,750,1.6530384679384484,1.6290482690107413,1.4479876578808422,1.185429819984862,-0.22273228385712218,-0.46629533843841975,1.6707199417379643,1.6544526000343855,-0.002131744798768892,-0.0038021238279190954,-0.0022387221942935676,-0.0008660062102576845,-0.004126679048939853,-0.002168668885430993,1.0518489120400991,0.03709918566631064,0.0,0.0,2.923048889639852,0.996069352247318,746.0827714382823,0.9947770285843764,0.0,746.0827714382823,1.0,3.9032866191021554,0.0,0.5917911253456793,0.9831521022909178
estimator_reversed,752003,1,reversed,reversed,750,1.4238909707786198,1.6290482690107413,1.4222074010169414,1.143677960854106,-0.08487025492899683,-0.2459873446716532,1.507077655945938,1.4406246251640695,0.0011438628806964863,0.0014619703816315536,-0.00188932491566625,0.0009808493978591532,0.001055620175029527,-0.0016980987511794358,0.999157045969362,0.0491327745358311,0.0,0.0,2.46493643751362,0.9617107627501483,720.3217819767713,0.9604290426356951,0.0,720.3217819767713,1.0,3.5068188262439337,0.0,-0.5771914494635402,-0.9774709302498087
estimator_reversed,752003,2,connected_restored,connected,750,1.492872126648426,1.6290482690107413,1.4882754048190987,1.1890746315018594,-0.0801403924401588,-0.2737499271334301,1.5684157972592574,1.5127885656071585,0.001956393939790978,0.000573431654510771,-0.0004690147984810089,0.0008549181341131577,0.0009425100075120492,-0.00045086714906152384,1.1441187782583493,0.04974639246558752,0.0,0.0,2.4231612959957185,1.0911973292206798,817.4705515626504,1.0899607354168672,0.0,817.4705515626504,1.0,3.4784333153686835,0.0,0.5945646092306747,0.9812147149888545
estimator_reversed,752004,0,connected_initial,connected,750,1.5861636211405128,1.6290482690107413,1.488633167801867,1.1996796065377495,-0.13092725040395706,-0.38237387013633667,1.6195604182058239,1.581727119353253,0.0003300907154939758,0.0011136687406489184,-0.0011014274094804568,-0.00029395364611015275,0.0003183609201967001,-0.0009002546540329343,1.1410239100309458,0.04461195559489234,0.0,0.0,2.8816072493334173,1.0692020856078872,801.0101784611461,1.0680135712815282,0.0,801.0101784611461,1.0,3.6708953606117247,0.0,0.5932069475873111,0.981084192462563
estimator_reversed,752004,1,reversed,reversed,750,1.4809861103671171,1.6290482690107413,1.471074290630515,1.1780810202339325,-0.09161441230739135,-0.2723860515996145,1.5626887029379062,1.5057628538207464,-0.000977084262189964,0.0002627458951540727,0.0018050429468501538,-0.00044209299643010086,0.0012787742230385023,0.001736800705003419,1.1026749651027679,0.04793865261537009,0.0,0.0,3.1612213338317536,1.0295958554052234,771.8811732098638,1.0291748976131518,0.0,771.8811732098638,1.0,4.4648289339171034,0.0,-0.5899154764411716,-0.9813180625912574
estimator_reversed,752004,2,connected_restored,connected,750,1.449720335491965,1.6290482690107413,1.4311228748691815,1.1543458647137177,-0.11035866879027761,-0.319171534544877,1.5414815436594593,1.5346447293325962,0.0016427602225296484,0.0006275058233959691,0.001956560761120297,0.0015932576929904097,0.00046273662527512784,0.002243107414220467,1.0186340429687495,0.0458207736117626,0.0,0.0,3.2414264439079394,0.9544189421588168,716.4374189405993,0.955249891920799,0.0,716.4374189405993,1.0,3.7337748641532706,0.0,0.5914747574981859,0.9806527276447693
estimator_reversed,752005,0,connected_initial,connected,750,1.535319663553946,1.6290482690107413,1.4483926890640568,1.166114797403364,-0.1184289060984352,-0.3872211601837755,1.5668215951624922,1.5729796869357326,-0.0005818136769051769,0.00130753354859544,-0.0016750387526543844,-0.0014658028230520796,0.0006676475955203709,-0.0018025845025070317,1.0503673336098016,0.04573926821507247,0.0,0.0,3.249702747157804,0.9935463978696555,748.1882298741501,0.9975843064988669,0.0,748.1882298741501,1.0,3.652127774976161,0.0,0.587647955824661,0.9790456542416375
estimator_reversed,752005,1,reversed,reversed,750,1.4158868562301523,1.6290482690107413,1.4176542190043886,1.1424267753440867,-0.07415314112057897,-0.26247771063091174,1.4918073601249673,1.467452236334342,-0.0018647156429992743,0.000376950715122538,-0.0016660696780363587,-0.0014663627444385025,0.00012023777029769089,-0.0010425688604453942,0.9940992529878804,0.049043781481805,0.0,0.0,2.3480621721233566,0.9602473240433672,719.225336930016,0.958967115906688,0.0,719.225336930016,1.0,3.340228940484563,0.0,-0.5882687081466447,-0.9781610810889396
estimator_reversed,752005,2,connected_restored,connected,750,1.467316912497529,1.6290482690107413,1.4397610073718152,1.1606773040828877,-0.10585374829032908,-0.3066332478552516,1.5456147556621442,1.511952798262079,-0.0007628174585184046,0.0015366823520217938,0.0005354083170480367,-0.0012348408744201787,0.0013063359178289444,-3.424201818387766e-05,1.0335669865228136,0.0460718911077966,0.0,0.0,3.3316363965080287,0.9954022568344849,745.6129917525425,0.9941506556700567,0.0,745.6129917525425,1.0,4.334943505827984,0.0,0.5937683467370365,0.9807221535692987
estimator_reversed,752006,0,connected_initial,connected,750,1.6000596807072471,1.6290482690107413,1.4458344302392343,1.1857297331655756,-0.17747275620120248,-0.4218794447126998,1.6233071864404367,1.5927985945016747,-0.00015595739690786513,-0.0005840483456130604,6.472584523940394e-05,-0.0007166554440424332,-0.0004708051554063532,0.00012601515916611325,1.0502406644360838,0.04067182797623316,0.0,0.0,2.7919302225800244,0.999009821054229,748.4523436463376,0.9979364581951168,0.0,748.4523436463376,1.0,3.7393009353599966,0.0,0.5864559471455941,0.9814025798405825
estimator_reversed,752006,1,reversed,reversed,750,1.470432164757765,1.6290482690107413,1.444594573057313,1.1549209296547978,-0.11174330756620521,-0.30787622691379785,1.5563378806235184,1.5039255793097683,-0.0023358303102356077,0.0045892577818251986,0.0008220679093374282,-0.0019001434338190594,0.002901868526187611,0.0001658545873295636,1.0418648876997625,0.04666697956050854,0.0013333333333333333,0.0,2.768038242835879,1.0019790704437255,750.5771220485469,1.0007694960647293,0.0,750.5771220485469,1.0,3.545407889655209,0.0,-0.5909233796834916,-0.980255737706117
estimator_reversed,752006,2,connected_restored,connected,750,1.47414515629164,1.6290482690107413,1.4390135403229483,1.1616900773599825,-0.11485510333287038,-0.2665541050483335,1.5538686436558182,1.5068958012291185,0.00030318500968024774,-0.0008203835761285719,0.0008202510899434826,0.0008685095664022486,-7.640618123093305e-05,0.0006145621638881535,1.031402861165841,0.04689325075113997,0.0,0.0,3.0581891939253434,0.9746423060432777,732.3896162363228,0.976519488315097,0.0,732.3896162363228,1.0,3.4944073956026043,0.0,0.5897706422780719,0.9812593323975756
estimator_reversed,752007,0,connected_initial,connected,750,1.5190617034935003,1.6290482690107413,1.396150149109246,1.1231210929948232,-0.13444400418249286,-0.37837779648166714,1.5305941532917389,1.521776359690849,-0.0025274429933791302,-0.0004112943276132293,-0.0005132547699767481,-0.0024016545568271556,-0.00018565355547988443,-0.0014755225809959288,0.9480545212191115,0.04432687036046697,0.0,0.0,2.6717571372595486,0.9164597857443719,686.4521206596185,0.9152694942128247,0.0,686.4521206596185,1.0,3.5273503751899553,0.0,0.5925775183677726,0.9768623615034506
estimator_reversed,752007,1,reversed,reversed,750,1.5181242133438648,1.6290482690107413,1.464422193996433,1.2085065262832708,-0.1339870475209389,-0.2872186405094733,1.5984092415173718,1.5526316317489193,0.0011264450971165039,-0.0011104423361404687,0.0008772201339242652,0.0015112514302064565,-0.0009481401182729587,0.0004426297152120975,1.0906084205878064,0.04442820742163594,0.0,0.0,2.8826956614191777,1.0551074584390252,790.8022771846379,1.0544030362461838,0.0,790.8022771846379,1.0,4.263325440465435,0.0,-0.5882160769739591,-0.9822733647721358
estimator_reversed,752007,2,connected_restored,connected,750,1.5573065980355927,1.6290482690107413,1.4919193057999316,1.2135358689641618,-0.13348366862595865,-0.3324774409166925,1.6254029744258904,1.587648630973652,-0.0020363010781853587,-0.000368353105400118,0.0015312262618634527,-0.0016959238957497812,-0.00021593595668744985,0.0017728888038281313,1.1489981752632268,0.04335523725441834,0.0013333333333333333,0.0,3.217189507257016,1.1137363368223825,835.0014841549917,1.1133353122066556,0.0,835.0014841549917,1.0,3.8812773239975393,0.0,0.5921805130401718,0.9829962300833516
estimator_reversed,752008,0,connected_initial,connected,750,1.5307500465409751,1.6290482690107413,1.40600634113599,1.1207353254704764,-0.15289259843507516,-0.38826085603193616,1.558898939571065,1.5182781305824191,0.0010355511789900817,0.0014509878832059608,0.0005476788131618577,0.0005531273946088707,0.0010875570495443938,0.0003785673673918175,0.9721491380315593,0.042864142658678606,0.0,0.0,2.2082596953843456,0.9133207198526194,684.9478451708624,0.9132637935611498,0.0,684.9478451708624,1.0,3.559830914893701,0.0,0.5921484132980853,0.9790383211424053
estimator_reversed,752008,1,reversed,reversed,750,1.504830896396129,1.6290482690107413,1.481036433144743,1.1847368205283444,-0.09245845766228235,-0.2579649410564847,1.5734948908070252,1.5368413859904997,-0.0019089719450649286,0.0007462455624539187,-0.0010999206078560143,-0.0016455532587083676,0.0009056319778211202,-0.0013235014479181936,1.1223191647697912,0.04918984076473949,0.0,0.0,3.629285475564999,1.0548506990819384,790.4433370836155,1.0539244494448206,0.0,790.4433370836155,1.0,4.558522480589504,0.0,-0.5897189143800438,-0.9807021741483477
estimator_reversed,752008,2,connected_restored,connected,750,1.460244924424389,1.6290482690107413,1.4306637469815615,1.1633809381656892,-0.10616760637623678,-0.281068304304952,1.5368313533577982,1.5176956973379154,0.0014592704132702743,0.0001353547051363601,-0.002228851416779243,0.0015641479568943336,0.00030018219924017847,-0.0013123600712358118,1.0156165934392283,0.04726316406877724,0.0,0.0,3.183304681995123,0.9631233653741967,722.6148850676452,0.963486513423527,0.0,722.6148850676452,1.0,3.9006109893232135,0.0,0.5928952782786919,0.9798636178807224
estimator_reversed,752009,0,connected_initial,connected,750,1.594822116115234,1.6290482690107413,1.4378527861058867,1.1738634210245897,-0.17422015839940874,-0.4130320216191362,1.6120729445052955,1.5954222594800158,0.0010111001743160636,-0.0015583482681208363,-0.004032807073127691,0.0010501168527768537,-0.0008669455837010102,-0.005008289820855853,1.0304379301989381,0.04086222714692503,0.0,0.0,2.3867396032672676,0.9597160982738553,720.1637093617466,0.9602182791489954,0.0,720.1637093617466,1.0,3.903829470265321,0.0,0.5960325945529472,0.9807238533127072
estimator_reversed,752009,1,reversed,reversed,750,1.5363682312915892,1.6290482690107413,1.4619200236758403,1.1907469010436338,-0.1469401046490689,-0.3372726990723699,1.608860128324909,1.5792346283544387,6.123620937863331e-05,-0.0006598102964739733,0.0009036799690624248,-0.0001049606243473132,-0.0003438448359501721,0.0005433077505824309,1.0806293523481547,0.042342357186978666,0.0,0.0,2.596153617803213,1.0369920904676972,776.7751708009635,1.035700227734618,0.0,776.7751708009635,1.0,3.7912759802178626,0.0,-0.594482057537055,-0.9825391627689202
estimator_reversed,752009,2,connected_restored,connected,750,1.4813301152722318,1.6290482690107413,1.4611297449811713,1.1667589369022413,-0.10455495481217633,-0.29858799579408624,1.5656846997933473,1.5219704997334373,-0.002657920627951448,0.0027311916270026534,-1.6735561971351844e-05,-0.001043160189945727,0.001885671497494842,0.0004510319329378641,1.0792497486276158,0.04705857736423925,0.0,0.0,2.557175763643189,1.021789003540451,765.9580736108737,1.021277431481165,0.0,765.9580736108737,1.0,3.9398028820551443,0.0,0.5870600374061773,0.9809578953699216
estimator_reversed,752010,0,connected_initial,connected,750,1.6325931527714548,1.6290482690107413,1.4320121819134268,1.1641917327842557,-0.2395350567962136,-0.4635732576858337,1.6715472387096404,1.6553805123866443,-0.0009755252491763222,0.00047530429067331307,0.0012776136011217866,-0.001181290790564332,0.000758503772098659,-0.0009655393864649815,1.0190650159628913,0.035754604384593755,0.0,0.0,3.119052434785677,0.9800832903307826,734.8053013831206,0.9797404018441609,0.0,734.8053013831206,1.0,4.329662433264975,0.0,0.5889733961447818,0.9828598402162957
estimator_reversed,752010,1,reversed,reversed,750,1.488539732948352,1.6290482690107413,1.4361328691332473,1.1711913258131874,-0.12820569660950085,-0.32231470808923657,1.5643385657427487,1.519447680947885,0.003218438471938866,-6.198266005864564e-05,0.0013500890151042126,0.00230056216948637,-0.0005738836002744654,0.00037170035412194974,1.0286266412793015,0.04552019750362808,0.0,0.0,2.618988787798913,0.9631052119996258,721.6166170003539,0.9621554893338052,0.0,721.6166170003539,1.0,3.468792671048704,0.0,-0.588655278542362,-0.9791903774168421
estimator_reversed,752010,2,connected_restored,connected,750,1.478371599386012,1.6290482690107413,1.4421014757369528,1.1592869896919649,-0.09577655927433427,-0.2782898390197156,1.537878035011287,1.487681534401907,0.00014855551677274474,0.00181339533189477,-0.002604211890144317,0.00015132350398799693,0.0011260134182928523,-0.0017646600908722133,1.0376939939128458,0.047519918183926146,0.0,0.0,2.85233368435127,0.9553901211531829,716.0777672872955,0.9547703563830606,0.0,716.0777672872955,1.0,3.606740838060771,0.0,0.5916755527826051,0.9796680895681303
estimator_reversed,752011,0,connected_initial,connected,750,1.5617428520297305,1.6290482690107413,1.4370773744656127,1.1353923928014835,-0.14382426908567542,-0.4150980857396659,1.5809016435512881,1.5636790632297735,0.002684395187113644,-0.0009055932424757061,0.0007225758648209458,0.0007511091630367289,-0.0011709526207394267,0.00044054873338334843,1.031440322249344,0.04388932084656451,0.0,0.0,3.042286345810699,1.0093174082543357,755.9816509560209,1.007975534608028,0.0,755.9816509560209,1.0,4.035729322242564,0.0,0.5898415385347284,0.979440323478155
estimator_reversed,752011,1,reversed,reversed,750,1.5426733082888904,1.6290482690107413,1.4693144828693028,1.2334869520664293,-0.13177645925162065,-0.3142832936070396,1.6010909421209234,1.6044392218116912,-0.0006147481339804702,0.00017872768399027569,-0.0003599386918675195,0.00041419536673883116,0.00018717352402316333,-0.0008604997987137094,1.105595974082857,0.04464431367610575,0.0,0.0,2.989058366337505,1.047230926516707,784.6363442531376,1.0461817923375167,0.0,784.6363442531376,1.0,4.070052124804196,0.0,-0.5957265501139157,-0.9820162712429109
estimator_reversed,752011,2,connected_restored,connected,750,1.4358514974100092,1.6290482690107413,1.4342665382125157,1.1924500717375117,-0.08465331049839639,-0.2700076212180975,1.518919848710912,1.460032654108246,-0.0007639235294497644,0.0026101764479749406,-0.0009882090300865132,-0.001199882036246279,0.0038735114697968152,-0.00041827361765664267,1.0236875222115622,0.04852491364168948,0.0,0.0,3.12312241496893,0.9740479576042782,730.0290683144694,0.9733720910859592,0.0,730.0290683144694,1.0,3.999671407145948,0.0,0.5875051663513378,0.9782600860000833
estimator_reversed,752012,0,connected_initial,connected,750,1.5263019840949326,1.6290482690107413,1.4372130851086995,1.1442659162265567,-0.13630997319510546,-0.3827848730203288,1.5735230583038047,1.5302132904949812,0.0005395266716760375,-2.78390545666225e-05,-0.00016100990146150333,0.0005731147697504073,-0.0006268330319777498,-8.058575879940021e-05,1.0297594939584516,0.04457899043712185,0.0,0.0,3.0196594941320654,0.9641776991217574,722.1900101230013,0.9629200134973351,0.0,722.1900101230013,1.0,4.076326663971947,0.0,0.589815360002432,0.978824568675678
estimator_reversed,752012,1,reversed,reversed,750,1.506297720649051,1.6290482690107413,1.4780364230959036,1.1878089098667846,-0.11523451437137328,-0.2726560041492774,1.593270937467277,1.545404763052432,-0.00069353366662764,-0.0027605123565359073,0.0032680922679078814,-0.0007198097260149148,-0.0015578975159918228,0.0022341637289062183,1.1181591632014243,0.04595275150812505,0.0,0.0,2.7015031086719445,1.0420046244889767,781.1380258180883,1.041517367757451,0.0,781.1380258180883,1.0,4.091040757746928,0.0,-0.5896090702481731,-0.983107203475231
estimator_reversed,752012,2,connected_restored,connected,750,1.437102928498577,1.6290482690107413,1.4324341480246991,1.1343676394811428,-0.07429992142279535,-0.26163845240016304,1.5067340694474944,1.4556835654700875,-0.0002575002517208388,-0.0013447338412503835,0.0077090457949187795,-0.00010897745162044751,-0.0011097034842997393,0.005305529765632432,1.022383107219834,0.04938898386414008,0.0013333333333333333,0.0,2.8884356896824617,0.9681467975758113,725.1624141522179,0.9668832188696239,0.0,725.1624141522179,1.0,3.99288639467475,0.0,0.585589865257958,0.9795845469969328
estimator_reversed,752013,0,connected_initial,connected,750,1.6358805005077641,1.6290482690107413,1.5016489936769364,1.233288727251978,-0.18091279696520943,-0.4568326934612335,1.6825617906421455,1.6794161811093629,-0.000752700423650662,0.0003514930537855623,-0.0012578612863595666,0.0010166258590306428,0.0005575040551903919,-0.0017229379952295658,1.172939836216059,0.04033766349886823,0.0,0.0,3.303466494161386,1.1571682426006273,867.2812620775992,1.1563750161034656,0.0,867.2812620775992,1.0,4.566016363279466,0.0,0.5953623138988481,0.9832155713583712
estimator_reversed,752013,1,reversed,reversed,750,1.5080946097104764,1.6290482690107413,1.4834301436194928,1.221742239083223,-0.08576102894937808,-0.28827907197672065,1.5691911725688712,1.564651108491957,-0.0010992060262313265,0.0020081668845614293,0.002478328851262438,-0.0009271947276248773,0.0024965502821741796,0.0015909118825572148,1.1285658047550844,0.04875856964445245,0.0,0.0,2.879446822558518,1.0671799269679445,799.8442712538005,1.0664590283384006,0.0,799.8442712538005,1.0,4.1730128448923205,0.0,-0.5868994745683231,-0.9805191847033831
estimator_reversed,752013,2,connected_restored,connected,750,1.5006347426998716,1.6290482690107413,1.4627013520724297,1.195607665724936,-0.11130813221119758,-0.30074102113970547,1.5740094842836272,1.542123044990048,-0.0001362992971573087,0.0020709896316203416,0.0025404065465263123,8.079032905210584e-05,0.0012663436542908611,0.005295722888208322,1.0863688272551713,0.046218965120126465,0.0,0.0,2.9499366782979224,1.0341559646669776,775.1461491698394,1.0335281988931193,0.0,775.1461491698394,1.0,4.249813178171331,0.0,0.5842034230037302,0.9817540112324133
estimator_reversed,752014,0,connected_initial,connected,750,1.5440310689488512,1.6290482690107413,1.476495043000247,1.1945228364465779,-0.0925414701511638,-0.34860960132756236,1.5690365131514108,1.5516049041651594,0.00030063024814223736,1.4814107813789779e-05,0.0002830298965208799,0.0005597223725474291,-0.000534256130185548,0.0004994720033782475,1.1161547658611828,0.04830889504007417,0.0,0.0,3.3161278703432373,1.0420001070666711,780.7803404376263,1.041040453916835,0.0,780.7803404376263,1.0,4.51765119672545,0.0,0.5825255423169851,0.979237798354963
estimator_reversed,752014,1,reversed,reversed,750,1.460805574859682,1.6290482690107413,1.4238504952598414,1.1287452180195803,-0.10781683292654329,-0.2941192993424771,1.5316673281863846,1.4683529568308509,0.0032383124430916867,-0.0013454988586514478,0.0011550152221667105,0.0013002130323935405,-0.0012794867610636744,0.0012757031408223145,1.0011914597745524,0.04659931522328812,0.0,0.0,2.1979854055399652,0.9531541342303634,718.6008533539566,0.9581344711386088,0.0,718.6008533539566,1.0,2.501279790445512,0.0,-0.5839156820243173,-0.9793553137338933
estimator_reversed,752014,2,connected_restored,connected,750,1.4939743029665868,1.6290482690107413,1.4800490921354015,1.2240277548590504,-0.09153368683909137,-0.26694624322848803,1.5715827789744932,1.5117156559981555,-0.002635572374383558,0.0019804436887494374,0.002115474637543969,-0.0024520957506732536,0.002049558903605074,0.0020468778248541137,1.1192362495862633,0.04840599944467685,0.0,0.0,2.918623727292549,1.02971046158223,771.942484173255,1.02925664556434,0.0,771.942484173255,1.0,4.360945237005092,0.0,0.5905650886776443,0.9816641873721141
estimator_reversed,752015,0,connected_initial,connected,750,1.570221481457196,1.6290482690107413,1.4447648351927018,1.194150437893464,-0.16093877854622543,-0.4110269915888312,1.6057036137389273,1.5990712438850052,0.001449300713314036,0.0008729204632576704,-0.00048197476564409254,0.0014578823672757627,0.0006828211486837213,-0.0010811486352791833,1.0465599074482923,0.04167642065537084,0.0,0.0,2.8707055265221886,0.9969980972327018,747.7234138770856,0.9969645518361141,0.0,747.7234138770856,1.0,4.273006802643359,0.0,0.580113217227492,0.9807391105102352
estimator_reversed,752015,1,reversed,reversed,750,1.5094492663836943,1.6290482690107413,1.4686217131529387,1.1961690054708933,-0.10270776033258572,-0.28223381506377687,1.5713294734855245,1.5389085858068439,0.00285627253758941,0.004152871633959228,0.0005848389378849057,0.0025157265031067974,0.003941321451179579,0.0005998700994692771,1.1006782232773562,0.046000984308200904,0.0,0.0,2.9366458351948714,1.0464559531288369,783.8117648457851,1.0450823531277134,0.0,783.8117648457851,1.0,3.84185630981633,0.0,-0.5875114221282342,-0.9813610758970592
estimator_reversed,752015,2,connected_restored,connected,750,1.4870219096952912,1.6290482690107413,1.4519792587244922,1.1589416405102573,-0.1311609853939183,-0.3054391848515802,1.5831402441184106,1.5160676469636662,0.00024644666838493485,-0.002736860987602201,0.0008481428880031725,0.00023959885271327693,-0.001839162052793692,0.0012373272421260517,1.0623618142876365,0.04479674432708603,0.0,0.0,2.4393081116799076,1.0110660773755782,759.505301864677,1.0126737358195694,0.0,759.505301864677,1.0,3.0064762854272007,0.0,0.5796403981628032,0.9820689341789367
estimator_reversed,752016,0,connected_initial,connected,750,1.5747731805481884,1.6290482690107413,1.4446443304772372,1.1584393953682286,-0.17729113754850426,-0.39355186457346103,1.6219354680257414,1.58100377312442,-0.002665935560474087,-0.0012779349938375156,0.0016982098719130405,-0.00177860886629001,-0.0008505933395331343,3.9727369712362275e-05,1.0466449519356154,0.040445484902218595,0.0,0.0,2.864406891286356,1.0067965538414274,756.9274914046412,1.0092366552061882,0.0,756.9274914046412,1.0,4.460739447327706,0.0,0.5879105310315155,0.9814484560658564
estimator_reversed,752016,1,reversed,reversed,750,1.529878670327373,1.6290482690107413,1.4890967036760476,1.2440636008002635,-0.1058736182558816,-0.31139950954936535,1.5949703219319293,1.5909379352091224,0.0009399472517691431,0.001538531686357108,0.00011599279592753309,0.0013108272028213958,0.0016490565789485379,-0.00046132911083650595,1.1380191366913983,0.04702421465002848,0.0,0.0,3.066368325040449,1.0808654884195337,812.531638539436,1.0833755180525813,0.0,812.531638539436,1.0,4.755684520358464,0.0,-0.5869184268612754,-0.9815879326525684
estimator_reversed,752016,2,connected_restored,connected,750,1.4926442743485033,1.6290482690107413,1.4216676909393275,1.1802402821976172,-0.13456030304512043,-0.31769287673906293,1.556227993984448,1.5007524712504428,0.004052363909916166,0.002587366087300293,-0.002110758806934797,0.0040591212052353085,0.0026163403602266194,-0.002275272451507884,0.9959669641004109,0.04369494016666244,0.0013333333333333333,0.0,2.488734847007226,0.953520143289959,715.6760519444612,0.9542347359259482,0.0,715.6760519444612,1.0,3.089948847887669,0.0,0.589281481957095,0.9797165790839356
estimator_reversed,752017,0,connected_initial,connected,750,1.5791908941044706,1.6290482690107413,1.4679956343409175,1.1953291211505817,-0.15341016401825858,-0.395127315326943,1.6214057983591763,1.613570472463364,-0.0006345266717918291,0.004472468098345522,-0.0005756753711682072,-0.0005868357223148557,0.0033497033701016883,-0.0017022354528845396,1.0936358531134605,0.042562523209463084,0.0,0.0,2.9427760795166713,1.0405538184241911,779.871450941454,1.039828601255272,0.0,779.871450941454,1.0,3.672280304181215,0.0,0.5993543955931419,0.9816125362093766
estimator_reversed,752017,1,reversed,reversed,750,1.489284921257084,1.6290482690107413,1.4300058253851076,1.157550704306973,-0.10959156557514678,-0.28773560338338255,1.539597390960254,1.4900472954076076,0.0005738682942143752,0.004655688642353513,-0.004065932838727596,0.001045917202579432,0.005013595708410496,-0.003930315370333029,1.016974520932108,0.045916032586852604,0.0,0.0,3.064003562876746,0.9585421855417078,718.290059430633,0.957720079240844,0.0,718.290059430633,1.0,4.235721935179094,0.0,-0.5891213444622033,-0.9793104741706905
estimator_reversed,752017,2,connected_restored,connected,750,1.5536480947877536,1.6290482690107413,1.4702820336316575,1.2104907120087256,-0.12880760243628497,-0.3106345072586927,1.5990896360679423,1.5570045569946358,-0.0009591637076145538,0.0011231519896515911,0.0011296881208150077,0.0003632244075118566,-0.0001422441529118316,0.0010590565949401111,1.1038821293219132,0.04455892206340374,0.0,0.0,2.6202922894657004,1.0428424051787422,781.2547351824139,1.0416729802432185,0.0,781.2547351824139,1.0,3.7661604877346204,0.0,0.5983227763449838,0.9822482931782055
estimator_reversed,752018,0,connected_initial,connected,750,1.5457915372340552,1.6290482690107413,1.4304383859643761,1.161651568044242,-0.15007469204508542,-0.3780888105752337,1.5805130780094618,1.5583871119754145,0.003226165913195565,0.0047590359991509235,-0.003924876953531769,0.0017083065248886821,0.00556830049803247,-0.005308304898422296,1.0180622438626834,0.043343020456092944,0.0,0.0,2.7060123222193866,0.9532646338068483,715.1813136585134,0.9535750848780179,0.0,715.1813136585134,1.0,4.080590130070998,0.0,0.5800701911883783,0.9793129393056986
estimator_reversed,752018,1,reversed,reversed,750,1.5492614831210128,1.6290482690107413,1.4802386133197218,1.213174413754456,-0.11608635131948267,-0.3057402204581905,1.5963249646392044,1.5509694923266628,0.001171823367536664,-0.00219141593213695,-0.0005910602823785097,0.0009413357548110375,-0.002083656427109735,-0.0010127911510566538,1.1228436242961515,0.04562883487389657,0.0,0.0,2.7614274251441295,1.0940525623731254,822.0164639202171,1.0960219518936227,0.0,822.0164639202171,1.0,4.415956990866476,0.0,-0.5904801871590357,-0.9819470434958237
estimator_reversed,752018,2,connected_restored,connected,750,1.5311693102205184,1.6290482690107413,1.4652605052218584,1.1828722015219701,-0.14856886006022818,-0.315946729194219,1.6138293652820868,1.5433253014830335,0.00045571290795924153,0.0042179056637693686,-0.0005231624904243001,-0.0007557352930394874,0.004045938530559317,0.00028199514824368106,1.0895166457137162,0.042202697948396095,0.0,0.0,3.131543974507693,1.0375804477926465,777.2441306710886,1.0363255075614515,0.0,777.2441306710886,1.0,4.033880433804271,0.0,0.5831300660283576,0.9829480887616534
estimator_reversed,752019,0,connected_initial,connected,750,1.5902908007442187,1.6290482690107413,1.4790747545777012,1.2419158802604664,-0.15967881736940304,-0.3998197563666368,1.638753571947104,1.5989646165353062,0.0010886056794414518,-0.00023640652708783558,-0.0003454731235486624,0.0011008919553022426,-0.0010062440506106586,-0.0005356065164386971,1.12098294688891,0.04184144200297671,0.0,0.0,2.733023427379911,1.065402971834844,798.0090911593581,1.064012121545811,0.0,798.0090911593581,1.0,3.832298844235404,0.0,0.5903042794947538,0.9822496460806325
estimator_reversed,752019,1,reversed,reversed,750,1.5158089158981778,1.6290482690107413,1.468637554862282,1.2009302365296717,-0.10206847232002762,-0.2983768704869109,1.57070602718231,1.5442862464603615,-0.0008893363706491429,0.00539145216073954,0.00017354822629037957,-0.0013968048090188478,0.0034823516436690754,0.00022006294764527216,1.0967297192082215,0.046642667359862645,0.0,0.0,2.9514325435261246,1.038859350841796,780.5507333882366,1.0407343111843155,0.0,780.5507333882366,1.0,3.412915962852164,0.0,-0.5892093822367106,-0.9811588719632732
estimator_reversed,752019,2,connected_restored,connected,750,1.4992582603996503,1.6290482690107413,1.4800648000767942,1.2157794337015422,-0.09107634768772234,-0.26328126471533475,1.5711411477645167,1.5353124501134972,0.0019052391844844889,0.0005105883237721341,0.0013262933179652837,0.0011550492988081364,0.0004242212040160488,0.0014245681870015243,1.120405324062929,0.048410943651900296,0.0,0.0,2.9590162741664856,1.08843795172895,815.2410518081136,1.086988069077485,0.0,815.2410518081136,1.0,4.0251809184605465,0.0,0.5911208927468791,0.9810284731672173
estimator_reversed,752020,0,connected_initial,connected,750,1.51726743248172,1.6290482690107413,1.4141302066255563,1.1498420854551257,-0.11749952272882551,-0.3828863621450113,1.531629729354382,1.5197608496487707,0.0004450745821197306,0.0006023183113412118,0.00049836090352273,-0.0002594946736255908,0.00030031559390667785,-0.002098137012315865,0.985672397584845,0.046066720421364456,0.0,0.0,2.106298832435573,0.9194333385478222,690.6009018693619,0.9208012024924825,0.0,690.6009018693619,1.0,3.5966257282169996,0.0,0.5845924238550889,0.977758404667293
estimator_reversed,752020,1,reversed,reversed,750,1.5172280197135581,1.6290482690107413,1.4407748250335017,1.1616539352174056,-0.14425290370074956,-0.30648693009270545,1.5850277287342511,1.5605164149132529,-0.0004965082913019592,0.00017270814965622956,0.0008625924828060695,-9.675293039321901e-05,0.00010853108754348225,0.0007020529527544645,1.0378167523264572,0.04256601483806556,0.0,0.0,3.0866484752456667,0.9686287053764578,725.9318242145205,0.967909098952694,0.0,725.9318242145205,1.0,4.325031799088377,0.0,-0.5900760321256333,-0.981177965957088
estimator_reversed,752020,2,connected_restored,connected,750,1.4623702778010041,1.6290482690107413,1.4235955356699355,1.154702963672107,-0.1147973873719444,-0.25973185149129374,1.5383929230418798,1.46682531365855,0.0015538736568946022,-0.002274024554619234,-0.001674505606429691,0.0009197190244884957,-0.0014210882321133139,-0.0013769928822418226,1.0035071503831305,0.0463186378943959,0.0,0.0,2.67723039789019,0.9456747593427147,709.0062922786626,0.9453417230382168,0.0,709.0062922786626,1.0,3.9754923716554393,0.0,0.5879325438897803,0.9804356808279439
estimator_reversed,752021,0,connected_initial,connected,750,1.6049826597833046,1.6290482690107413,1.474334268233907,1.2014201213329514,-0.15804906419670858,-0.37492634179217965,1.6323833324306154,1.5911329909275518,-9.196679940062087e-05,0.00018075398754510675,-0.0025642127118086135,-0.0010541409150077708,0.0018419623837596527,-0.0019096536000397816,1.108559322880523,0.042270934720478576,0.0,0.0,2.755049473339841,1.0448732695079013,782.6118873880863,1.0434825165174484,0.0,782.6118873880863,1.0,3.761648474627317,0.0,0.5822852071101611,0.9815519624987793
estimator_reversed,752021,1,reversed,reversed,750,1.4107927147455517,1.6290482690107413,1.4248258688865292,1.1450574525659158,-0.04004230856054794,-0.24575231746793016,1.4648681774470773,1.4122537229605934,0.0034229029138496472,0.00042314241180821735,0.0008620261741764375,0.00403224856892069,0.0009071056983635707,0.0007694322848392161,1.0038984086654974,0.053756774259500865,0.0,0.0,2.688232060304878,0.9285169184777168,696.8241230345893,0.9290988307127858,0.0,696.8241230345893,1.0,3.2126540102293086,0.0,-0.5897126550023775,-0.9768759406122621
estimator_reversed,752021,2,connected_restored,connected,750,1.4888252484349238,1.6290482690107413,1.459418112304013,1.2117304070839676,-0.115073772151461,-0.3031953697903643,1.5744918844554743,1.5224288767256624,0.0043531271408526265,0.0009819747378018245,0.0035583288838459755,0.003888699764174042,1.1620097213327944e-05,0.001449078540279614,1.0792493637709617,0.04523578239585775,0.0,0.0,3.1011794450137926,1.0097665330235783,756.922921384957,1.0092305618466093,0.0,756.922921384957,1.0,3.9039846696758262,0.0,0.5875294028742221,0.9811978036301124
estimator_reversed,752022,0,connected_initial,connected,750,1.5792046596981035,1.6290482690107413,1.4503887987204773,1.1440353192921768,-0.16824626314782812,-0.38778221405040464,1.6186350618683059,1.580347101328634,0.0008939765917636579,0.0004907560654715433,0.0011506677122126822,0.001634808902198337,0.0002983684827669005,-0.0020522985021030078,1.0551467916380763,0.04129471979562132,0.0,0.0,2.725906697384808,1.009936674946572,756.5481884019553,1.0087309178692736,0.0,756.5481884019553,1.0,3.8336407842562683,0.0,0.5933366143653193,0.9809662111773034
estimator_reversed,752022,1,reversed,reversed,750,1.520177901072031,1.6290482690107413,1.4748759812200112,1.2064320564800284,-0.12035116846094057,-0.3013905494358796,1.5952271496809518,1.5423119486356884,-0.001646257393324385,6.515247990901329e-05,-0.0029507086191422165,-0.0006667925328618889,0.0011993182021930583,-0.00215320130692807,1.110085700356139,0.04555161259081308,0.0,0.0,2.8500816450957047,1.0740051126033956,804.5196173468129,1.0726928231290838,0.0,804.5196173468129,1.0,3.688317414973399,0.0,-0.5892073636209272,-0.9817557721952084
estimator_reversed,752022,2,connected_restored,connected,750,1.5115743740357483,1.6290482690107413,1.4455196788032738,1.1805801560549956,-0.12766422624274695,-0.33246641570104174,1.573183905046021,1.5307845567242266,0.0002904557342681911,0.0009338343736610145,-0.0015034156648161604,0.0009851707063066885,0.0011804429991371392,-0.00041858621908289807,1.0469099214448263,0.044479766300118316,0.0,0.0,3.1200356019140534,1.0103969184001893,757.1675511940598,1.009556734925413,0.0,757.1675511940598,1.0,3.974641438454774,0.0,0.5832753221992303,0.9815710585812186
estimator_reversed,752023,0,connected_initial,connected,750,1.563173190658732,1.6290482690107413,1.432935782313726,1.1868579621447943,-0.16649355058403592,-0.3956609912758978,1.599429332897762,1.5877368097518203,-0.003271727544299125,-0.0020780596239153696,0.0006775152319363294,-0.0027240351909712406,-0.0005442284128882311,0.0009825897098756171,1.0227306465855484,0.041282642595439005,0.0,0.0,2.5641831179443493,0.9667241790908846,724.0806822358737,0.9654409096478316,0.0,724.0806822358737,1.0,3.6355758740640463,0.0,0.5901282991199592,0.980600681974174
estimator_reversed,752023,1,reversed,reversed,750,1.4813655503980971,1.6290482690107413,1.4505008242502888,1.1916799786051007,-0.08523998854018504,-0.2664335014277669,1.535740812790474,1.4896899902750422,-0.0015444712640642101,-0.0023921810764854666,-0.001577386490192384,9.385992256934135e-05,-0.0011519177553801262,-0.0010407292288994578,1.0573822880333195,0.04926582406527774,0.0,0.0,3.229671522552843,1.0143697277059303,761.750043775542,1.015666725034056,0.0,761.750043775542,1.0,4.721649859379879,0.0,-0.5959416742702371,-0.9792141622973316
estimator_reversed,752023,2,connected_restored,connected,750,1.4755566138619005,1.6290482690107413,1.4575528831823188,1.1680263597590337,-0.10562407931689391,-0.23036392779691234,1.5631769624992127,1.501476056017451,0.005462819164808888,0.0016670839088528673,0.0019153416251873401,0.005300786383046398,0.0014299725598199769,0.0017459538779670354,1.0722920894338404,0.04806169973081015,0.0,0.0,2.4158274171777725,1.0133792304241191,759.5813885143581,1.0127751846858108,0.0,759.5813885143581,1.0,3.5775184321751516,0.0,0.5950146774416506,0.9816393221450468
estimator_reversed,752024,0,connected_initial,connected,750,1.500768146685182,1.6290482690107413,1.4173678105194898,1.154151570883318,-0.1117826853760411,-0.36501119221255346,1.5291504958955309,1.5061108761321196,-0.00015980442009353831,-0.003887015922214871,0.0009510406864648678,-0.0003507192336074344,-0.004029477943371234,0.0008144979450214285,0.9896034623480615,0.04642112498491218,0.0,0.0,3.0439699694211266,0.9329192889300707,699.7562615110594,0.9330083486814125,0.0,699.7562615110594,1.0,4.406918745286263,0.0,0.5968705407297381,0.9769667826687873
estimator_reversed,752024,1,reversed,reversed,750,1.4871456520080304,1.6290482690107413,1.4146781859784938,1.175176892018452,-0.14155522587584202,-0.2872055248814237,1.5562334118543357,1.514928340260519,0.0002846614939732155,-0.0009267034398718263,-0.00033226330667678565,0.0004644169940684662,-0.0015994926251821293,1.9328099867654675e-05,0.988171012610462,0.042351105382845686,0.0,0.0,2.4506597221799997,0.9372899044636143,702.5590094269321,0.9367453459025762,0.0,702.5590094269321,1.0,3.2324336782307848,0.0,-0.5976091313576877,-0.9811796774333748
estimator_reversed,752024,2,connected_restored,connected,750,1.4937521364278243,1.6290482690107413,1.4355125449899715,1.1642955563591337,-0.12564588236613228,-0.286773166826778,1.5611584273561039,1.518135640563944,-0.001138658481113583,0.0009365287586467653,0.002357740365684973,-0.0007615081769304293,0.0011233908050981112,0.0011934374072381834,1.0258702395954793,0.04476223309852183,0.0,0.0,3.0961906189053594,0.9507811059665473,712.3968917562091,0.9498625223416122,0.0,712.3968917562091,1.0,4.20714383179652,0.0,0.5896548627118141,0.9809910583442947
estimator_reversed,752025,0,connected_initial,connected,750,1.534698767406481,1.6290482690107413,1.4371573637037958,1.171661281576299,-0.14822931727349706,-0.3664496624686662,1.585386680977293,1.5366105383506055,6.02343153156147e-05,0.0007776237036931841,-2.8548207233030976e-05,-6.897315929996998e-05,0.000349509785987312,-0.0018691928957531422,1.0279440142828042,0.04326974352802705,0.0013333333333333333,0.0,2.493669399690606,0.9605124399100697,720.8530030327136,0.9611373373769514,0.0,720.8530030327136,1.0,3.1610724101909073,0.0,0.5925216304482318,0.9796090661201504
estimator_reversed,752025,1,reversed,reversed,750,1.570964965383694,1.6290482690107413,1.4843734133696167,1.1950188709395195,-0.1691823591541726,-0.3603695280266648,1.65355577252379,1.6360971215830937,0.0012354093255169789,7.663614744638577e-06,0.002589210117819965,0.0007635867150602116,-0.0008900598218158286,0.0010677725449448547,1.1274168809548597,0.0410317967106813,0.0,0.0,2.7880419330648274,1.0963146832038784,821.2341531733387,1.0949788708977848,0.0,821.2341531733387,1.0,3.9088943323694028,0.0,-0.6053808215093212,-0.9837181086821398
estimator_reversed,752025,2,connected_restored,connected,750,1.521046883502245,1.6290482690107413,1.4225977246197083,1.1352145071182695,-0.16048536119859125,-0.35933644546491983,1.5830830858182996,1.5558471618928975,0.0001256074457768368,-0.0020419721955885974,0.0004404689857005728,0.0007763240754433177,-0.00026742045516057827,0.0007117300609703428,1.0008625834824156,0.040904053840019564,0.0,0.0,2.7400094085826687,0.9871446755862149,740.2358425558701,0.9869811234078268,0.0,740.2358425558701,1.0,3.437496119796011,0.0,0.578629671779141,0.98143563125952
estimator_reversed,752026,0,connected_initial,connected,750,1.6523156739445992,1.6290482690107413,1.482111877813936,1.189338981365518,-0.21530437675507247,-0.4523179518870871,1.6974162545690088,1.65431135777082,-0.0010424261709826297,3.260200676308618e-05,0.002036280734541603,-0.001361740118128158,-0.0005165180776539015,0.0013676426703178055,1.1322308452785819,0.03762452620321341,0.0,0.0,3.172073353258102,1.058984117460007,795.3370830042259,1.0604494440056345,0.0,795.3370830042259,1.0,3.6631874378331077,0.0,0.5801435190142181,0.9836449134353235
estimator_reversed,752026,1,reversed,reversed,750,1.450322103280001,1.6290482690107413,1.4588449200480396,1.2173849960706398,-0.06776674898610013,-0.24050487378616037,1.5266116690341398,1.4930199441201226,-0.002850717820373911,-0.0021607464305993507,1.2228704588890989e-06,-0.0012579202022416766,-0.002554055788420782,0.0003211563610597039,1.0753323419978524,0.050155597918818254,0.0,0.0,4.130890198417062,1.0290844846655047,772.1229179005492,1.029497223867399,0.0,772.1229179005492,1.0,4.803999752000081,0.0,-0.6041829909915183,-0.9802991541109798
estimator_reversed,752026,2,connected_restored,connected,750,1.4707940834845479,1.6290482690107413,1.4754163336009603,1.2075703048660342,-0.0627369071977398,-0.20979137826606858,1.5381532407986998,1.4939160254050343,-0.0005385383324590304,0.00211114935797654,-0.00023680750351501967,-5.4809800119267984e-05,0.0014218397370984973,-0.00018863238148987248,1.1112182265788695,0.050835448130720426,0.0,0.0,2.925438114830519,1.0534190972891098,790.4296874429908,1.0539062499239877,0.0,790.4296874429908,1.0,3.482961928138262,0.0,0.5853067672875785,0.9802059327482386
estimator_reversed,752027,0,connected_initial,connected,750,1.5592613591253557,1.6290482690107413,1.4359096358375592,1.1315364535573367,-0.18183592855966557,-0.40436317820253304,1.6177455643972243,1.5724188254632123,-0.0019585770865151535,-0.0005880715094968995,-0.0022848903090502645,-5.5308968075402196e-05,-0.0014448790140957847,-0.0025952244434073253,1.027129512370897,0.04053715166905771,0.0,0.0,3.0269869968399115,0.9672217866385592,725.7706543624303,0.9676942058165737,0.0,725.7706543624303,1.0,3.695162246411636,0.0,0.596000250714593,0.9805613912974291
estimator_reversed,752027,1,reversed,reversed,750,1.488064310004305,1.6290482690107413,1.433094008605907,1.1822545162645322,-0.10747488222006314,-0.28589009010129296,1.5405688908259698,1.510667961743566,-8.052019424714437e-05,0.0015206717727111888,-0.0021460444878842883,0.0004593422517478533,0.0016428154389154569,-0.0006772296700604284,1.0226810512830753,0.04644700157483618,0.0,0.0,2.705117084432626,0.9612041778884765,719.949968141588,0.9599332908554506,0.0,719.949968141588,1.0,3.6564634997594028,0.0,-0.5888951205856948,-0.9799094734530452
estimator_reversed,752027,2,connected_restored,connected,750,1.5197704235907759,1.6290482690107413,1.4550348042906516,1.1772671841331148,-0.11825341131136258,-0.30151594895173583,1.573288215602014,1.5446657424500998,-0.00042014623128172536,-8.628227543332034e-06,-0.0014622005247443997,-0.0002796801862492765,-8.674965757611345e-05,-0.002662516232883302,1.065309154316482,0.04575839190273401,0.0,0.0,2.466295636267663,1.0207496635319195,764.7574203625561,1.0196765604834082,0.0,764.7574203625561,1.0,3.256172244838456,0.0,0.5839875303928727,0.9812044340487472
estimator_reversed,752028,0,connected_initial,connected,750,1.6057587538128544,1.6290482690107413,1.4650834599316696,1.1746522519722111,-0.1610299504448745,-0.4156006663748046,1.626113410376544,1.6145518242456958,-0.000312114901726228,0.0003530466999963093,-0.0007918936348859939,-0.00022037704062002306,0.0001539894067448627,-0.0013086168980901544,1.0927809824517531,0.04201964641589391,0.0,0.0,2.3549926906774963,1.0730968586191998,803.7543947198623,1.0716725262931497,0.0,803.7543947198623,1.0,3.4112485898888347,0.0,0.594739848043221,0.9811131367889154
estimator_reversed,752028,1,reversed,reversed,750,1.5019127361107778,1.6290482690107413,1.4891648101611772,1.2013686431801909,-0.06803993880016099,-0.24983693415905223,1.557204748961338,1.5498118125598634,-0.00017624442758048354,0.0010356628630968138,-0.0023994966126110098,0.0013791581207794066,0.00014240997200164359,-0.0018196279036708039,1.1418979761821637,0.05055989509694715,0.0,0.0,2.8254066321700324,1.0959343394380934,821.2945712553105,1.095059428340414,0.0,821.2945712553105,1.0,3.617655459373624,0.0,-0.5885363049433734,-0.9801343486204481
estimator_reversed,752028,2,connected_restored,connected,750,1.4607607640422877,1.6290482690107413,1.463528228686965,1.1570781200689813,-0.08178973340688538,-0.28891383577591156,1.54531796209385,1.4905702491388797,0.0001961219618302342,3.3168176603104893e-05,0.00023193916163705497,0.000337261686187465,-0.00024141453759683485,-0.0007576397359376233,1.0785461995401082,0.04966069094499293,0.0,0.0,3.2424600910561954,1.0136305022305803,761.4330627743313,1.0152440836991086,0.0,761.4330627743313,1.0,4.762062919464029,0.0,0.5891732808215987,0.9803037914222685
estimator_reversed,752029,0,connected_initial,connected,750,1.5625206696316818,1.6290482690107413,1.4265744956806938,1.1856593288326354,-0.15173333078536702,-0.40525628668287134,1.5783078264660608,1.5790103803402542,-0.0011359832494372884,-0.0010366952170485454,0.002139980678987762,-0.0005205713530986682,-0.0004369743181068151,0.0013756462029876839,1.0097465945912139,0.04283439914972272,0.0,0.0,2.5470645090159447,0.9576454250533897,717.336844603025,0.9564491261373668,0.0,717.336844603025,1.0,3.5833811393493478,0.0,0.5960915078733906,0.9794833073991229
estimator_reversed,752029,1,reversed,reversed,750,1.4475417122319374,1.6290482690107413,1.4385118175127263,1.1744798827506209,-0.0889137972021855,-0.2600086631968436,1.5274256147149117,1.5012238709053554,0.000648636099950827,-0.0033799463898000937,0.0019224607848583708,0.0010450865059275236,-0.004170084297608559,0.0017344558601440996,1.0354161340208043,0.04974620936253795,0.0,0.0,2.6487090143435568,0.9660792117771941,723.784411369432,0.9650458818259092,0.0,723.784411369432,1.0,3.826951474034471,0.0,-0.6002649064237298,-0.9803623448253749
estimator_reversed,752029,2,connected_restored,connected,750,1.4872366529862253,1.6290482690107413,1.4503905087142732,1.1784617069878331,-0.12172551127870128,-0.3063801380191741,1.5721160199929745,1.5421165849700404,0.0012509701834487782,-0.0009132132993648321,0.0010627503799307174,0.00017290485279383016,-0.0019761354458784027,0.0026892314281069776,1.0584635266787557,0.04611368075935219,0.0,0.0,2.552945075389707,1.0066732290871114,756.2378412634297,1.008317121684573,0.0,756.2378412634297,1.0,3.1017639075190924,0.0,0.5909623058238445,0.9808154247251522
deterministic_policy,753000,0,connected_1,connected,750,0.0009248044843620752,nan,-0.2016276877442406,-0.43864207635361385,-0.20294877903456468,-0.4454167809765826,0.0013210912903240505,0.0011632247274015461,-0.00015613286771537518,-0.0005713508872332039,0.0002020823803116724,-0.0009623699957906983,-0.0008334366294740436,0.0005134787837154216,0.03910465889971439,0.038998181754409306,0.0,0.0,0.04151717242295709,0.010385378632001997,20.94476229065925,0.027926349720879,0.0,20.94476229065925,1.0,0.11153005669121949,0.0,-0.26106892088086786,nan
deterministic_policy,753000,1,connected_2,connected,750,-0.00041442204411557644,nan,-0.16856341185241944,-0.4141152827300505,-0.16788554305357398,-0.41143142995246695,-0.0006778687988454536,-0.0009355480560591656,-0.0004205855078529172,-0.00022633488853207394,-0.0009356487293274531,0.0004664847148298178,7.782540404722261e-05,-0.0008842536035473803,0.041593919709203724,0.04165509405155705,0.0,0.0,0.04617973486116856,0.011556110483210782,24.106620726938246,0.032142160969250995,0.0,24.106620726938246,1.0,0.1288170295851572,0.0,-0.3269810449279428,nan
deterministic_policy,753000,2,connected_3,connected,750,-0.00040486488232329977,nan,-0.21835848649958364,-0.4803304675718768,-0.21812396373274806,-0.48033187522697207,-0.00023452276683554155,-0.00023950635738967385,-0.0034056485658773726,-0.0024297669963272935,-0.00023463137318563242,-0.0033552707003144688,-0.0023749851565026256,0.0004272724204063486,0.03753853711037937,0.03755439942066838,0.0,0.0,0.04179061656104809,0.01041714751306788,22.10761091864778,0.029476814558197038,0.0,22.10761091864778,1.0,0.11789442004159059,0.0,-0.32443350102770385,nan
deterministic_policy,753001,0,connected_1,connected,750,0.0020684994641504578,nan,-0.19511896000007273,-0.48110236612197477,-0.19740860122228096,-0.48854823019529686,0.002289641222208241,0.0017844295982225034,0.00011599201531850545,-0.0013484912344797783,0.00046140643369113593,-0.0009601079793641506,-0.0008556035373390735,0.0006270322269122249,0.03938252750248652,0.03920577096642945,0.0,0.0,0.04131381435143547,0.010318946794353861,21.746964633375665,0.028995952844500888,0.0,21.746964633375665,1.0,0.1159518820082149,0.0,-0.24606688014224465,nan
deterministic_policy,753001,1,connected_2,connected,750,-2.6231921209194525e-05,nan,-0.21175232889913337,-0.4871318393615942,-0.21127955583686067,-0.4868145754039417,-0.0004727730622726923,-0.00015860322979344144,-0.0014696173557489452,-0.0019521608587553623,0.0012391537533679386,-0.001940369159532668,-0.0015460097056529084,0.0010477198854232871,0.0381319691124613,0.03816625394949699,0.0,0.0,0.042286766624762884,0.010549112405745758,22.11653096421485,0.029488707952286464,0.0,22.11653096421485,1.0,0.11790683202561338,0.0,-0.3245831982919791,nan
deterministic_policy,753001,2,connected_3,connected,750,0.0006967514238289224,nan,-0.1813076635293502,-0.4764684637130888,-0.18188566688832467,-0.4711909631227871,0.000578003358974506,0.0005506772463264586,0.00035342310931805115,-0.0008073381006465675,0.0006176433035488476,-0.0002338644284343245,-0.0011085363026040467,0.0007651066337661905,0.04037546825913663,0.04032721836266448,0.0,0.0,0.042556735467790575,0.01066726121422841,25.523145330500164,0.03403086044066689,0.0,25.523145330500164,1.0,0.13567250789536853,0.0,-0.2513693452679919,nan
deterministic_policy,753002,0,connected_1,connected,750,0.001153908779607511,nan,-0.1686785703915941,-0.4126721176726547,-0.170451321432107,-0.4113335533928251,0.001772751040512942,0.0012891737547477966,-0.0012274665216684755,-0.0008032194043780751,5.867776612748428e-05,-0.0013628243939858937,-0.001443949616326111,-0.000596598389533008,0.04157453449041667,0.0414336321586346,0.0,0.0,0.04379245449585167,0.010948631714573016,22.859930371633958,0.03047990716217861,0.0,22.859930371633958,1.0,0.12168446520764398,0.0,-0.253915195429611,nan
deterministic_policy,753002,1,connected_2,connected,750,8.315704399296978e-05,nan,-0.18370366723754675,-0.44174442079324017,-0.18354464148124425,-0.43775503529310317,-0.0001590257563024599,7.422596055539632e-05,-0.0004287312196551275,0.00038169044903044365,8.650589300643315e-05,-4.95957678204606e-05,0.0008033326450830056,0.00036007978253787165,0.04033204460554841,0.04034676167546963,0.0,0.0,0.043934143065133074,0.010982554389967895,22.158009974479555,0.029544013299306074,0.0,22.158009974479555,1.0,0.11800763578922711,0.0,-0.3059550199772113,nan
deterministic_policy,753002,2,connected_3,connected,750,-0.0008367645617825632,nan,-0.22627651619634162,-0.5255646531306126,-0.22556359947045673,-0.5225476378629159,-0.0007129167258848999,-0.0005625770303172573,0.0006546903239086015,0.000819089233268721,-0.0008627061023911032,0.00047930703346057085,0.0007224399571609168,-0.0004067224717241933,0.03702131131106698,0.03707028201178583,0.0,0.0,0.04171508603428623,0.010450622575430701,23.640702041087927,0.031520936054783906,0.0,23.640702041087927,1.0,0.12616452660799696,0.0,-0.3515432694300341,nan
deterministic_policy,753003,0,connected_1,connected,750,0.0027432018805839497,nan,-0.18502698721331534,-0.49444553622399456,-0.18821750312663274,-0.49488384443617006,0.0031905159133174066,0.0030338353358433934,-0.0012012175891603558,-0.001586039430417505,-0.0007314164111434686,-0.0018111891427132934,-0.0013417625367900493,-0.000350711688367765,0.04008423490833407,0.03982366298471999,0.0,0.0,0.04115525140285055,0.010298120319488232,23.80649905769125,0.03174199874358834,0.0,23.80649905769125,1.0,0.12698895737374563,0.0,-0.21057987243151152,nan
deterministic_policy,753003,1,connected_2,connected,750,4.239370672764564e-05,nan,-0.14259418161555898,-0.4098654471153053,-0.14244108056951177,-0.41118450495014935,-0.00015310104604725794,0.000417772300827568,0.0005791252481717593,0.00029967642692557044,-0.00047524884305613554,-0.00014996578419279764,0.0017941398336215795,-0.0004495271301627411,0.0436591915031644,0.04367429155162966,0.0,0.0,0.04760105593346395,0.011909600964347079,23.233021639642608,0.030977362186190145,0.0,23.233021639642608,1.0,0.12429660832816836,0.0,-0.3035535545323356,nan
deterministic_policy,753003,2,connected_3,connected,750,0.0005163599461541905,nan,-0.20112073861674393,-0.49204386668111466,-0.20136313476868942,-0.4884846590079376,0.0002423961519454881,0.0005508458981804409,-0.0011848075725034895,0.0004204830594358049,-3.3019499792759604e-05,-0.0008701123007407425,0.0004549415914861963,-0.00044489513157307796,0.038906524623350466,0.03889391531396705,0.0,0.0,0.04166359033002345,0.010412852962483574,21.66570705693833,0.028887609409251107,0.0,21.66570705693833,1.0,0.11558286761995452,0.0,-0.27391620574196074,nan
deterministic_policy,753004,0,connected_1,connected,750,-8.262910067632045e-05,nan,-0.14533408390011032,-0.4328142479752332,-0.1456145723736788,-0.42184914696597814,0.00028048847356848154,-0.0007225500018053221,-0.0007719465212421574,-0.0012193659914173087,0.0010354696928447822,-0.0010756346087941334,-0.0010219866403484398,0.001073116300818562,0.04339824622055709,0.04338560416294623,0.0,0.0,0.04711602826928296,0.011732434700690082,25.26608994672074,0.03368811992896099,0.0,25.26608994672074,1.0,0.13477511331130926,0.0,-0.29637316743080067,nan
deterministic_policy,753004,1,connected_2,connected,750,-0.00018389880397137856,nan,-0.14261751999264824,-0.41800109131849006,-0.14202217472947493,-0.4202864164023288,-0.0005953452631733185,-0.00017102284787245958,-0.0004306472965489836,0.0004968117347148086,0.0016819355216024007,-0.0005202046090930826,-5.2470368425859615e-05,0.0021578933397495147,0.04367490275476452,0.043722405307851965,0.0,0.0,0.048080331466405356,0.012015162510212856,23.929168607881856,0.03190555814384247,0.0,23.929168607881856,1.0,0.1275098306674417,0.0,-0.316290090350332,nan
deterministic_policy,753004,2,connected_3,connected,750,0.00019644190314629435,nan,-0.17161772741810932,-0.4442632184896116,-0.17196870042154547,-0.4428590591270992,0.0003509730034361262,0.00012709882727313104,-0.0008985461483911082,-0.0003382315665176643,-0.0016277978490762996,-0.002230407242441616,0.0002553887570902923,-0.001582566196436068,0.041481745775384625,0.04144972620921608,0.0,0.0,0.043995830623350426,0.010976375140976609,25.60965455355549,0.03414620607140732,0.0,25.60965455355549,1.0,0.1364408373657971,0.0,-0.25749216395570734,nan
deterministic_policy,753005,0,connected_1,connected,750,-0.0008190409296549649,nan,-0.16612705334489758,-0.43771781771926666,-0.16531185948655205,-0.4292851565597584,-0.0008151938583455098,-0.001154029806781559,0.001750306919891664,0.0013613042893586232,0.0022546211942012116,8.425617998692273e-05,9.779179693007667e-05,0.0014127381487070855,0.04167397065566588,0.04174627162515856,0.0,0.0,0.04710637406284798,0.011775951660977009,23.362120980167948,0.03114949464022393,0.0,23.362120980167948,1.0,0.12456698201283803,0.0,-0.3517774511526628,nan
deterministic_policy,753005,1,connected_2,connected,750,0.0009997106967484554,nan,-0.13637096455034284,-0.3806739525018955,-0.13762140378138019,-0.3793109353564775,0.0012504392310373424,0.001230056413599856,0.000490074307053803,-0.00020866568255175196,-0.0005961751633097172,0.0011033876635721657,9.336033732882069e-05,-0.0003844307321854936,0.044245216755776896,0.04413750773374509,0.0,0.0,0.04633167292689514,0.011564032241278626,24.27063014976754,0.03236084019969006,0.0,24.27063014976754,1.0,0.12979272819399584,0.0,-0.24481003264880294,nan
deterministic_policy,753005,2,connected_3,connected,750,0.0004976672641944875,nan,-0.18627456992976302,-0.4773210658648394,-0.18653916201071502,-0.4786586182233724,0.00026459208095198363,0.0008171560399700128,-0.00048820182984746923,0.0006110981074957295,0.00042342947579962806,-0.0008915092459253955,0.0005764640666072326,-0.00010316900642753056,0.040009621002653706,0.03998513555691339,0.0,0.0,0.04287375006857658,0.010719135211880275,22.162960544872412,0.029550614059829883,0.0,22.162960544872412,1.0,0.11814307559902583,0.0,-0.2749064759886023,nan
deterministic_policy,753006,0,connected_1,connected,750,0.0027278006837215324,nan,-0.1819835748726659,-0.4721982933856795,-0.18434724373774006,-0.4751255516533668,0.0023636688650741206,0.0027089981453870537,-0.0019266714256472829,-0.0030924190390009217,-0.00024132289327426348,-0.0024198886674757507,-0.0034231225067178337,-0.0001868541032097211,0.04035138264458175,0.04016691210458601,0.0,0.0,0.04193277784379415,0.010486365548866939,24.110584284807572,0.03214744571307676,0.0,24.110584284807572,1.0,0.12879531429398722,0.0,-0.22269855235417113,nan
deterministic_policy,753006,1,connected_2,connected,750,-0.00119272510159102,nan,-0.16427247904208858,-0.46102800006926437,-0.1630862557447053,-0.4609055456791146,-0.001186223297383248,-0.0012711129470582838,0.0012366385139588557,0.0013203883511177603,-0.00330555809278756,0.000561394046307664,7.302638173836625e-05,-0.0032101398597317696,0.04170297215488016,0.04179936891262077,0.0,0.0,0.047192059174466866,0.01182299727775216,25.609253783505746,0.034145671711340995,0.0,25.609253783505746,1.0,0.13669812101297596,0.0,-0.35332800517911916,nan
deterministic_policy,753006,2,connected_3,connected,750,-0.00019514168109346927,nan,-0.1740089095437705,-0.45247252383503656,-0.17380822277199626,-0.45415393196068554,-0.0002006867717742212,-0.0001734442670847658,0.0013183851660732249,-0.00037984407845165815,-0.0011020109137527315,0.0008264450285961254,-0.0005579494403108475,-0.0011258359289580367,0.04104659078682855,0.04106000429648817,0.0,0.0,0.04543051447528011,0.01135636034187132,25.125681642339973,0.0335009088564533,0.0,25.125681642339973,1.0,0.13407178638142347,0.0,-0.32171117668131216,nan
deterministic_policy,753007,0,connected_1,connected,750,-7.644235146290777e-05,nan,-0.19163696105236283,-0.44478165300720796,-0.19110050057919223,-0.44973277799212946,-0.0005364604731705831,-0.0005450632680368273,0.0005385288445705733,-0.0014003270463396177,-0.0001791275706247401,0.00015652021186281773,-0.001170979810144047,-0.0008825549755165529,0.03974032424091039,0.03978621591210589,0.0,0.0,0.044008408311390364,0.011000482556937275,26.19455716217359,0.03492607621623146,0.0,26.19455716217359,1.0,0.1396646861724498,0.0,-0.3225911095716478,nan
deterministic_policy,753007,1,connected_2,connected,750,-0.0003522051124257558,nan,-0.24571490460188633,-0.5182012535592877,-0.24546057821861095,-0.5108359541560243,-0.00025432638327536563,-0.0002635202635767886,0.0005094224985808246,-8.55161100230739e-06,-4.698917014042288e-05,-0.00019807612304145752,0.0007603813508627611,0.000109003075192372,0.03544442156020843,0.03546575636008927,0.0,0.0,0.03908684935430164,0.009807378048484538,22.723156375062185,0.030297541833416246,0.0,22.723156375062185,1.0,0.12075682391166781,0.0,-0.31855310900963907,nan
deterministic_policy,753007,2,connected_3,connected,750,-0.00013820409887376373,nan,-0.15211285996066773,-0.440413584058691,-0.15194634666088636,-0.44524499209927043,-0.0001665132997813638,-1.5550826761301373e-05,-0.0007451937334249225,0.0003955562469623586,0.0016807366410872108,-0.0008848253103880556,6.0941973463629765e-05,0.0020688370787217336,0.04284080662556076,0.04285935732356707,0.0,0.0,0.0468110490235876,0.011694667488791484,23.995792555412635,0.031994390073883515,0.0,23.995792555412635,1.0,0.12808150756706496,0.0,-0.30103119993815763,nan
deterministic_policy,753008,0,connected_1,connected,750,0.0003579471301601177,nan,-0.17786317452706854,-0.42952402268217593,-0.17851681221535265,-0.4298663597435374,0.0006536376882840882,0.0006095232191058453,-0.00036229680085453293,-0.00029646921195909193,0.0006676695868849826,-0.0007751156294598,-0.001022958038460996,0.00032661659125147384,0.04085729409914869,0.04080337066048143,0.0,0.0,0.04390495619069182,0.010925831272216231,21.39771926281469,0.028530292350419584,0.0,21.39771926281469,1.0,0.11478941610439912,0.0,-0.28576131622871626,nan
deterministic_policy,753008,1,connected_2,connected,750,-0.0011614261648478898,nan,-0.15279878064448948,-0.44152622977199285,-0.15147063543793338,-0.4463230679339451,-0.0013281452065561311,-0.0010720995201775607,0.000243991468909489,-0.0002893890995850075,-0.0029819598049430495,-5.117762702052749e-05,-0.0011504339013520284,-0.0023037777822432102,0.04289189463198861,0.04300501932285527,0.0,0.0,0.048858444167033395,0.01209732251116364,24.099360929960376,0.03213248123994717,0.0,24.099360929960376,1.0,0.12849109288161153,0.0,-0.36772855798363235,nan
deterministic_policy,753008,2,connected_3,connected,750,-0.0002109338163567225,nan,-0.18444193303137893,-0.4590543991085975,-0.18431023221091922,-0.4582588881467887,-0.0001317008204597138,-0.00014128258389584092,-0.0011330333594175295,0.0004969187443927628,-0.0009153754645323475,-0.0013942653620798993,6.1370324751141386e-06,-0.0007971882939473323,0.04016451866336197,0.0401756223892245,0.0,0.0,0.044485397830229395,0.011120735590228373,23.79033466324073,0.03172044621765431,0.0,23.79033466324073,1.0,0.1269172377001089,0.0,-0.3259035567010821,nan
deterministic_policy,753009,0,connected_1,connected,750,0.00030924950843798664,nan,-0.17283266031090108,-0.4696671140604516,-0.17245674165785557,-0.46429583266993035,-0.00037591865304553837,-3.42068893358638e-05,0.0015503787961147625,-0.0016197793753141238,0.0011763415109346568,0.0011356491972637094,-0.0019352664363441333,0.0012353491505738387,0.0410845377607304,0.0411153753882111,0.0,0.0,0.04523055405739907,0.01127355704498525,24.81952085487898,0.03309269447317197,0.0,24.81952085487898,1.0,0.13208113008898845,0.0,-0.31330428710098157,nan
deterministic_policy,753009,1,connected_2,connected,750,-0.00024226597020267221,nan,-0.19767753895071027,-0.4684747937238226,-0.19741410267694573,-0.4721824503317083,-0.0002634362737645545,-4.288862124218751e-05,-0.0003350540101892196,-0.0009991360208125297,-0.00015448656035507195,-0.00046381556027389804,-0.0007685004242407763,-0.0006553551848544868,0.039139481357374044,0.03916270078460245,0.0,0.0,0.0429738985407855,0.010728840986239191,24.69487199813055,0.0329264959975074,0.0,24.69487199813055,1.0,0.1318230208758034,0.0,-0.31366843506938025,nan
deterministic_policy,753009,2,connected_3,connected,750,-0.0004938698814650194,nan,-0.15721700573382308,-0.42769926724081475,-0.15668498440039727,-0.4286889985584652,-0.0005320213334257744,-0.0003105906394813007,-0.0009385988136412878,0.0007121255497268677,0.0006460058344511791,-0.0005379864526579688,0.0008602945210893254,0.0011044851269051393,0.04252400997040814,0.04257107836766546,0.0,0.0,0.04796744483409307,0.012031271087414733,25.342229507214597,0.033789639342952794,0.0,25.342229507214597,1.0,0.13466486852325318,0.0,-0.3502336065788626,nan
deterministic_policy,753010,0,connected_1,connected,750,-0.00010007703544871586,nan,-0.2370958918788076,-0.48742139170971044,-0.23695910244912705,-0.489160654838101,-0.00013678942968058184,0.00010472392327037783,-0.000619106436867138,-0.0019431785284777568,-0.0007057763107753117,-0.0010619469125329225,-0.001579310028177149,-8.417134656739286e-05,0.03613971503563707,0.036147635996395686,0.0,0.0,0.04007525987707092,0.010004036241874795,22.81185801367489,0.030415810684899854,0.0,22.81185801367489,1.0,0.12119831628706504,0.0,-0.31300186555727905,nan
deterministic_policy,753010,1,connected_2,connected,750,0.0008152290789281745,nan,-0.17691777254576088,-0.45732268849134394,-0.17764791180695583,-0.46367961961181436,0.0007301392611949634,0.0005031944853604031,0.000803435870010305,-0.00125910927646095,-1.3215673857007874e-05,0.0005693703917191042,-0.0011077672736851168,-0.00021580980449532517,0.04085406588973338,0.04079446865708649,0.0,0.0,0.043392357340195885,0.01085474828376667,24.26379098427462,0.03235172131236616,0.0,24.26379098427462,1.0,0.12954410566445765,0.0,-0.266816808882632,nan
deterministic_policy,753010,2,connected_3,connected,750,-7.724661505176352e-05,nan,-0.18224187841574704,-0.4363369004919274,-0.18232795116894038,-0.4397964173766571,8.60727531932881e-05,-0.00037876876160591877,-0.0016987298930349428,0.0004195346455928391,0.0003909200768804655,-0.0013080220344877228,0.00018619620574785115,-2.915030271275687e-05,0.04049111408664388,0.040483364071143314,0.0,0.0,0.04374038231868623,0.010921106670953787,23.22976034871738,0.03097301379828984,0.0,23.22976034871738,1.0,0.12404550292043749,0.0,-0.29193199312415435,nan
deterministic_policy,753011,0,connected_1,connected,750,0.0015771553867346079,nan,-0.19032909685382537,-0.46756432905627526,-0.19186657776826582,-0.46587103824494286,0.0015374809144404788,0.001874077941325436,-0.0025775201574714393,-0.000977876359935415,0.0006685161886107641,-0.001683450202124281,-0.0009716774269731488,0.0006548320078499993,0.03974793484616582,0.03962377692423364,0.0,0.0,0.04217669834619737,0.010541915514866374,21.28973791103983,0.02838631721471977,0.0,21.28973791103983,1.0,0.11351564567460955,0.0,-0.2597773381921955,nan
deterministic_policy,753011,1,connected_2,connected,750,-0.0004230236930110626,nan,-0.21284172337615667,-0.5072618801168369,-0.21202375379142738,-0.507031022315328,-0.0008179695847293144,-0.000493431161476765,-0.0006741172989760814,-0.0007288571532551398,-0.001942713751090712,-0.0006245217568510261,-0.0007157548640139698,-0.001971673019682494,0.03787968991411281,0.037937343131552205,0.0,0.0,0.04158290402863547,0.010395499209112756,21.638919173105524,0.028851892230807367,0.0,21.638919173105524,1.0,0.11529956583684198,0.0,-0.3126853188276567,nan
deterministic_policy,753011,2,connected_3,connected,750,-0.0002290431433701644,nan,-0.19474518875628433,-0.4607462134235351,-0.19457276106665092,-0.45917116814681497,-0.0001724276896333925,-0.00018636827009349544,0.0011161406646396888,-0.0001247358583338234,-0.0018933498295287592,0.0013184472752025861,-0.0004248700093964845,-0.0024492696005114023,0.039403529497492304,0.039417647591885374,0.0,0.0,0.04295196698852051,0.010735377580445004,23.86799138351057,0.03182398851134743,0.0,23.86799138351057,1.0,0.12721115085505175,0.0,-0.3022216100930396,nan
deterministic_policy,753012,0,connected_1,connected,750,0.0020567579317601597,nan,-0.20886491826982964,-0.46957126606116695,-0.21129532907992,-0.46902877894180195,0.0024304108100903082,0.0019342964886960856,-0.002240818316035246,-0.0009802301668532887,-0.0009581165202057965,-0.0025183568096690374,-0.0017103773703784607,-0.0007411239806498492,0.03828080520321324,0.03809349644516574,0.0,0.0,0.03991952218950347,0.009962542623728815,21.682127586664244,0.028909503448885657,0.0,21.682127586664244,1.0,0.11589981399207128,0.0,-0.23560177917182362,nan
deterministic_policy,753012,1,connected_2,connected,750,-0.00012438574685715955,nan,-0.1647449010059032,-0.4460937207884899,-0.16475641561520926,-0.44652904109101466,1.151460930607103e-05,0.0007059966586457356,-0.0010568024030123534,-0.0017978715028889609,-0.001228030354610519,-0.0009692734456619684,-0.0015050792471135571,-0.0013899641167185524,0.041768080816696376,0.041770903738174096,0.0,0.0,0.04530757327122777,0.011312780182048229,26.077039648974264,0.03476938619863235,0.0,26.077039648974264,1.0,0.1393007303523475,0.0,-0.29393872565062895,nan
deterministic_policy,753012,2,connected_3,connected,750,-0.000359586027095399,nan,-0.1940499448428525,-0.4700949214281126,-0.19376345729662164,-0.4728794713896276,-0.0002864875462309193,-3.4056432734574926e-05,0.0012368002204390554,-0.0001265402803296028,0.00019311475566607624,0.0008169704101755194,-0.00045880574692743875,-0.0004451731336339904,0.03955981645572023,0.03958255609703456,0.0,0.0,0.043363533153019614,0.010840124472516161,22.62358757735857,0.030164783436478094,0.0,22.62358757735857,1.0,0.12065224957095984,0.0,-0.3131115316393897,nan
deterministic_policy,753013,0,connected_1,connected,750,0.00037973471529538575,nan,-0.18250994707719218,-0.4917474988719348,-0.18328615325315922,-0.4908816736295093,0.0007762061759670556,0.0007061652887294101,-0.0018691813005860523,0.00028759144775912916,0.00026012318639645276,-0.0024754813349720504,-6.013723891855645e-05,0.0005812381278336769,0.040305497238540405,0.04024318517437501,0.0,0.0,0.04334259108884479,0.010882341162202687,24.404699498594216,0.03253959933145895,0.0,24.404699498594216,1.0,0.1302881080881026,0.0,-0.2806141797671277,nan
deterministic_policy,753013,1,connected_2,connected,750,-0.00024216150403450257,nan,-0.2284606225011886,-0.5207108958184664,-0.22847008692070286,-0.5164243418345293,9.46441951426739e-06,-0.0006279972070716566,-0.0010031417417494793,0.0020598983997492082,-0.0013695317536439413,-0.0011379985638742837,0.0016335888910921396,-0.0010225683576903881,0.036800758972198845,0.03680233142873261,0.0,0.0,0.03995002969291542,0.01000553291365302,22.142742809399923,0.0295236570791999,0.0,22.142742809399923,1.0,0.1182005024639908,0.0,-0.2946686921147039,nan
deterministic_policy,753013,2,connected_3,connected,750,0.0003414540468956894,nan,-0.2004604447864562,-0.4786788717415781,-0.2008148654997535,-0.47748309847838566,0.00035442071329728114,0.0002970228068899239,-0.0030569066987739084,-0.00013123922726763734,0.0010419484422064425,-0.002316777034876824,-0.0005385843850399118,0.00014411863035206725,0.03883244874497315,0.038805495431468925,0.0,0.0,0.04163478480943412,0.010420414784581779,23.982763720732493,0.03197701829430999,0.0,23.982763720732493,1.0,0.12777861074489433,0.0,-0.27291412551750444,nan
deterministic_policy,753014,0,connected_1,connected,750,6.788692660128174e-05,nan,-0.21432695773788513,-0.48068303609384455,-0.2146608941645315,-0.47834633389804404,0.000333936426646355,0.0002241598917473442,-0.0010536315975749593,-1.4861046169017362e-05,-0.0017832036261193577,-0.0007742539084825865,1.3587631542062199e-05,-0.001680156552932433,0.037873966265145054,0.03784702684227044,0.0,0.0,0.041177577475385266,0.010289662065339706,22.39470936957882,0.029859612492771758,0.0,22.39470936957882,1.0,0.11956551178825169,0.0,-0.29604597021761253,nan
deterministic_policy,753014,1,connected_2,connected,750,-0.0004125700345656466,nan,-0.15619629998922918,-0.4342281786591553,-0.1556441476043698,-0.4348721305148182,-0.0005521523848593831,-0.00041106637065885243,-0.0011842978850374818,0.000367291963126217,0.0014275537580168086,-0.0010239866186212093,-0.0011235955228625144,0.001354505436333114,0.042457608777940595,0.04250172654543552,0.0,0.0,0.046392882799379,0.011585102276394312,24.327331811854286,0.03243644241580571,0.0,24.327331811854286,1.0,0.12934043532803124,0.0,-0.3055166807904319,nan
deterministic_policy,753014,2,connected_3,connected,750,0.0005065976131802115,nan,-0.2086666374121251,-0.4970967181451802,-0.20938117332143896,-0.49581975324316974,0.0007145359093138858,0.0007070099694290732,0.001933190008104807,0.00020918908192304968,-0.0006352556917255707,0.0028764241824946434,0.00019163917129029755,-0.0005352309221346422,0.03830613716444539,0.03824890820336459,0.0,0.0,0.04031436644619783,0.010126746138939862,23.574226651114905,0.03143230220148654,0.0,23.574226651114905,1.0,0.12537504338649413,0.0,-0.2476090363887567,nan
deterministic_policy,753015,0,connected_1,connected,750,-0.00036150167067620004,nan,-0.14953477060548367,-0.3935996489066087,-0.14901559385996904,-0.38365827031555466,-0.0005191767455146492,-0.0007895693803472992,-0.0007220420140276875,-0.0012996083605624677,0.001569959134978866,-0.0007304955277494116,3.812130279604675e-05,0.0018209379437596634,0.043213740626509074,0.04326512255749543,0.0,0.0,0.048264274352511,0.01205704251093664,26.765791310525373,0.03568772174736717,0.0,26.765791310525373,1.0,0.14272617607832233,0.0,-0.3343016545054172,nan
deterministic_policy,753015,1,connected_2,connected,750,0.0008361111485965583,nan,-0.1940311195175101,-0.46237220233541193,-0.19462837904094926,-0.46001135298719764,0.0005972595234391728,0.0011970074510141704,0.0013436396512695769,-0.00043217533186902025,-0.0006636671058871477,0.0012763876234268572,-9.658586607017787e-05,-0.0002501792689602219,0.03941098376610618,0.03936133676322864,0.0,0.0,0.04243264105895125,0.010608183715903573,21.514578931314546,0.02868610524175273,0.0,21.514578931314546,1.0,0.11493255112852944,0.0,-0.28290353789999934,nan
deterministic_policy,753015,2,connected_3,connected,750,0.00041150968320815217,nan,-0.2160969676044408,-0.47600086005420056,-0.21656351650876327,-0.47772989898427054,0.00046654890432245975,0.000931808071809509,0.0004559805899636406,0.0019722178216066764,-0.0008103780736082537,0.00047596430728214314,0.0006164777481744309,-0.0007779887609773447,0.037732427512680786,0.037696992223316864,0.0,0.0,0.04046207417979092,0.010079747366625359,23.642018969020526,0.03152269195869403,0.0,23.642018969020526,1.0,0.1257959823523269,0.0,-0.2739118960486118,nan
deterministic_policy,753016,0,connected_1,connected,750,0.0016055656550611188,nan,-0.17151852793111136,-0.4315301467052608,-0.17267641160236594,-0.4370601518827167,0.0011578836712546187,0.0019854426693738936,-0.000659250000122462,-0.0010435642951510107,-0.0006112993805815081,-0.0007782601268343442,-0.0020396416011556565,-0.00026751219206696484,0.04123367357519176,0.04113291611626838,0.0,0.0,0.04391928499353922,0.010974545577049454,23.991386513341467,0.03198851535112196,0.0,23.991386513341467,1.0,0.12780747745653182,0.0,-0.27116114561099297,nan
deterministic_policy,753016,1,connected_2,connected,750,0.0010790342161087541,nan,-0.17824358523499642,-0.4529511515582849,-0.1792033795418357,-0.4528026210848245,0.0009597943068392871,0.000844622542495288,-0.0007934384126161854,-0.0007967020665279165,-0.0012236297858514115,-0.000728812662196367,-0.0010323077769532503,-0.00106454599279094,0.04082840732971062,0.040748870406978256,0.0,0.0,0.04324571377229402,0.010810758827512004,24.08199176918628,0.03210932235891504,0.0,24.08199176918628,1.0,0.1284343184535666,0.0,-0.2597712857322864,nan
deterministic_policy,753016,2,connected_3,connected,750,-3.5818579563087485e-05,nan,-0.20009659228624485,-0.4760386478484425,-0.19979486361823479,-0.4739201429335176,-0.00030172866801006753,-0.00018871457704255912,-0.002385947421013779,-0.003300564598694971,-0.0003089552423536206,-0.002362487791226411,-0.0033280998053245364,-9.122708093244736e-05,0.039150547699993224,0.03916948210113939,0.0,0.0,0.04306283493072019,0.010771812624324173,24.56944846828267,0.032759264624376894,0.0,24.56944846828267,1.0,0.1311710702237877,0.0,-0.30783305130171995,nan
deterministic_policy,753017,0,connected_1,connected,750,0.0013841011129088073,nan,-0.1417684476939172,-0.3998328299671977,-0.14268794313431757,-0.3981413782056985,0.0009194954404003702,0.0017036862628911353,0.0020610764460415325,-0.0022020390753659603,-1.1444220760621349e-05,0.0028425172060518758,-0.001929755707070516,-0.000622114924809813,0.043842018565836575,0.043761581065073385,0.0,0.0,0.04696962277979571,0.011746061339932787,24.273686376974887,0.032364915169299846,0.0,24.273686376974887,1.0,0.1296795959616253,0.0,-0.27567927231036243,nan
deterministic_policy,753017,1,connected_2,connected,750,0.0003865832963038814,nan,-0.18188966461482356,-0.44916776463649116,-0.18254659607626103,-0.4477806293868025,0.0006569314614374835,0.0003872615145624203,-0.0032824785602736575,0.001061016443247983,1.0890775810846298e-05,-0.00306350411041896,0.0011159685460367741,-1.8060028403220612e-05,0.04052697064113015,0.0404830277211013,0.0,0.0,0.04382140806785181,0.010941600279380315,25.0034132404351,0.03333788432058014,0.0,25.0034132404351,1.0,0.13330940123853138,0.0,-0.2864419991971604,nan
deterministic_policy,753017,2,connected_3,connected,750,-0.0005129081325328216,nan,-0.20255899828561333,-0.4665330409588184,-0.20243949709527093,-0.4667565518159894,-0.00011950119034240103,-0.0003228939607651804,-0.000306831830575519,-0.002136395400289224,-0.0009678748104441423,0.0004707259177732614,-0.001805757535397011,-0.0009722251642576048,0.03873647422035724,0.038745074043075964,0.0,0.0,0.042852392321718086,0.010718988094140415,22.20833143086318,0.02961110857448424,0.0,22.20833143086318,1.0,0.11835318563893815,0.0,-0.3238099835900442,nan
deterministic_policy,753018,0,connected_1,connected,750,-0.00040426109696988514,nan,-0.17305608562686195,-0.45355485334916606,-0.17288580435848547,-0.45087138366762136,-0.0001702812683765272,-0.00024663263241947453,-0.0013108106544717192,-0.0009121742659993407,-0.0016327707545964062,-0.0006683151036535845,-0.0012051150515820792,-0.0017667774745629746,0.0412219250778638,0.04123805925014678,0.0,0.0,0.04545531101818251,0.011379289720412918,24.216386334242472,0.03228851511232329,0.0,24.216386334242472,1.0,0.12899314338482232,0.0,-0.3118525016835634,nan
deterministic_policy,753018,1,connected_2,connected,750,-5.7786206731572865e-05,nan,-0.20437170317629436,-0.4517651332198239,-0.20455423607737938,-0.4499339291443769,0.000182532901085036,-9.429961955298438e-05,-0.000590432458746735,0.0001021564558530305,-0.0009235871708027239,-0.0015136289620050665,-0.0007154407715477249,-0.0011395761593334882,0.038796448534253854,0.03878000508995961,0.0,0.0,0.04168947897966106,0.010430817189762982,23.158856843317412,0.030878475791089884,0.0,23.158856843317412,1.0,0.12361670875561147,0.0,-0.28237665602553047,nan
deterministic_policy,753018,2,connected_3,connected,750,-0.00044797162612549414,nan,-0.21962663262299642,-0.5071014341434686,-0.2191509914633432,-0.5073240842959793,-0.00047564115965322847,-0.00032767609854844615,0.001756761582221402,0.001500405155501135,0.00017863170822196423,0.002818113015093471,-0.0006940636534106114,1.9797602443583528e-05,0.037848070606818746,0.03788100720391078,0.0,0.0,0.0421883941914335,0.010546021364573537,23.38073681722588,0.031174315756301176,0.0,23.38073681722588,1.0,0.12463969286796116,0.0,-0.33083323557299693,nan
deterministic_policy,753019,0,connected_1,connected,750,0.00037214908454690697,nan,-0.18301326607487195,-0.46512982041453166,-0.18329420025195095,-0.4664184232634536,0.00028093417707898607,0.0005217711119676061,-0.002044870264424486,0.0007552752212747295,-0.0001541698433656932,-0.002161924930606123,0.0007083957103431773,-0.0005619876881597681,0.0402982162268594,0.0402748746830246,0.0,0.0,0.044013623453955604,0.011002504073857304,22.631081966625118,0.030174775955500156,0.0,22.631081966625118,1.0,0.12066525948795948,0.0,-0.3033612406863338,nan
deterministic_policy,753019,1,connected_2,connected,750,0.0007698435548316396,nan,-0.18296103098115937,-0.4471282038012877,-0.1839710936925423,-0.44995769778108274,0.0010100627113829603,0.0011575363143822015,-0.001758808599888753,-0.0017404392326561115,0.0014391563007203534,-0.001153339763953801,-0.0025812436433512837,0.0010613964843022704,0.04032056342015313,0.040238784310873625,0.0,0.0,0.042617300720619734,0.01066776401671531,23.163555631122186,0.03088474084149625,0.0,23.163555631122186,1.0,0.12340753070706982,0.0,-0.25499664904399394,nan
deterministic_policy,753019,2,connected_3,connected,750,-0.0005334417061503137,nan,-0.14034829524745338,-0.4164650460975583,-0.13969144529920027,-0.41574543905143324,-0.0006568499482531008,-0.0005652182214815893,-0.0013525975472612123,-0.001158137725898452,-0.0008639835608272337,-0.001726981420074777,-0.0007344514031867818,-0.0003743172827747922,0.04389565555779122,0.04395431965528177,0.0,0.0,0.0492553897250089,0.012332245025815307,25.723048085139645,0.03429739744685286,0.0,25.723048085139645,1.0,0.13720147073358635,0.0,-0.3397643478471681,nan
deterministic_policy,753020,0,connected_1,connected,750,0.0017587395510791151,nan,-0.18117929951484366,-0.48257161260518067,-0.18285487108986986,-0.4883013185112359,0.0016755715750262027,0.0021556143146040374,0.00013701918957420448,-0.001917544770138869,-0.00011352865550436035,-0.0007042297404180516,-0.00045683453531300387,0.0004692630013113209,0.04043424369144669,0.04028982367920554,0.0,0.0,0.04234887130990153,0.010530672395401963,23.49088412863248,0.03132117883817664,0.0,23.49088412863248,1.0,0.12584907855344699,0.0,-0.24377329341703433,nan
deterministic_policy,753020,1,connected_2,connected,750,0.000191498032225018,nan,-0.15665799813309086,-0.42457862756027653,-0.15604859058073556,-0.43426051299662466,-0.0006094075523552953,-0.00042187793323122946,-0.0017623356500368888,-0.0006900842389316837,0.0002826206095793357,-0.0025183166010859736,-0.0008027206531984177,0.00034357049568508566,0.04254415309711979,0.042597609773965976,0.0,0.0,0.046756130731135666,0.011687663294026816,22.463825958172027,0.02995176794422937,0.0,22.463825958172027,1.0,0.11980327224484735,0.0,-0.3081962495389559,nan
deterministic_policy,753020,2,connected_3,connected,750,1.876182008959719e-05,nan,-0.1847492994873573,-0.4706671457915828,-0.18477797971343166,-0.4713788482724621,2.8680226074367858e-05,4.358979442264932e-05,0.00017916594914828805,-0.002485934101012236,-0.0005713742406341268,-0.0002469367662889009,-0.002108705535569257,0.0003501179897555475,0.04037203699992517,0.04037321745670833,0.0,0.0,0.04363730255519184,0.010917468766702866,23.196664733485648,0.030928886311314196,0.0,23.196664733485648,1.0,0.1234519591699032,0.0,-0.28700267208326563,nan
deterministic_policy,753021,0,connected_1,connected,750,0.0011981529044151364,nan,-0.16183618098537084,-0.419577065381734,-0.16218519129968578,-0.4255293047155375,0.00034901031431493846,0.0006790657141731438,-0.00013762273954673562,-0.0011996655809175423,0.0008683690801881972,3.47945346105248e-05,-0.001864280574276421,0.0013094303809526593,0.04205953829437713,0.042031055683550124,0.0,0.0,0.0457144533909739,0.011419911642449394,23.704605692564805,0.03160614092341974,0.0,23.704605692564805,1.0,0.12689117258300053,0.0,-0.29871419280032446,nan
deterministic_policy,753021,1,connected_2,connected,750,-1.956784264489316e-05,nan,-0.16531026530925727,-0.4082729099329111,-0.16497886740813678,-0.4128812419517604,-0.00033139790112045943,-0.00013391309980664845,-0.0025159652241390326,4.1788706937367546e-06,-0.0006579604823727337,-0.0022052639407073218,-0.00046115088979352414,-0.0003476414149319389,0.04192367182692968,0.04194623460046964,0.0,0.0,0.04581758850909373,0.01144829987636233,24.59719739336532,0.03279626319115376,0.0,24.59719739336532,1.0,0.1311469028025342,0.0,-0.301495634467292,nan
deterministic_policy,753021,2,connected_3,connected,750,8.40231038183837e-05,nan,-0.22796791454117935,-0.4545778319910504,-0.22842688845762116,-0.45841638720006217,0.0004589739164417899,0.00024809235648004524,-0.00019739858962221902,-0.0026704468556418004,-0.0005964830743202252,-1.816252625885184e-05,-0.0016561980372360046,-0.0008296257996742887,0.036855135443536864,0.03681809553983649,0.0,0.0,0.038639531828169045,0.009631356391890621,20.90012780021421,0.027866837066952282,0.0,20.90012780021421,1.0,0.11142436764642191,0.0,-0.2502739192663227,nan
deterministic_policy,753022,0,connected_1,connected,750,0.00018308804428978905,nan,-0.22358258923473112,-0.4722195656634443,-0.22352781838035768,-0.468690641790563,-5.477085437345582e-05,-0.0001280335299302937,-0.0002970114068490143,-0.001954331779192846,-0.0004798890664719735,-0.000644597497469229,-0.0017432002866251447,-0.0002686444842391896,0.03713739512294764,0.03714171813141543,0.0,0.0,0.04037807911348938,0.010052914144392638,22.624374837397465,0.030165833116529952,0.0,22.624374837397465,1.0,0.120434706871026,0.0,-0.30153590906667993,nan
deterministic_policy,753022,1,connected_2,connected,750,0.0007720915608138469,nan,-0.1645806903508837,-0.4389243739805074,-0.16532895575208764,-0.4440975246539983,0.000748265401203939,0.00017449965728755235,-0.0010178186357459541,5.097655259287107e-05,-0.0001289505096112486,-0.0014712936664473407,0.0007803274159650447,0.00016858708660591622,0.04185828091587836,0.04179501109246399,0.0,0.0,0.04424665965834673,0.011071651493223748,22.529428425605253,0.030039237900807005,0.0,22.529428425605253,1.0,0.12025326231729651,0.0,-0.25097782458377754,nan
deterministic_policy,753022,2,connected_3,connected,750,0.00024818123416390895,nan,-0.2198444338650649,-0.4967687528336341,-0.21989941497620347,-0.497122187957305,5.498111113860627e-05,-0.00018369431185771834,-0.001481414606227523,0.002500949997667868,0.0009197591610960369,-0.0013676320011244893,0.0002749035329396386,0.0010006395867666296,0.03745515116268434,0.037454163605539395,0.0,0.0,0.04003908549471887,0.010071665641907196,22.985288971781102,0.030647051962374803,0.0,22.985288971781102,1.0,0.12190423867954212,0.0,-0.26965974235741647,nan
deterministic_policy,753023,0,connected_1,connected,750,4.367547663345327e-05,nan,-0.14095064398380092,-0.41268398674990936,-0.14096605464991122,-0.4103647724604551,1.5410666110297437e-05,-3.238033446589794e-05,0.000363141041850306,-0.001792868987370913,0.00023812798908575926,0.0001580985882495095,-0.0016859584211572406,0.0003222250462865535,0.043903576226963024,0.043902697194171385,0.0,0.0,0.04835344897194196,0.012045769869729028,25.812531909708547,0.03441670921294473,0.0,25.812531909708547,1.0,0.13743658823282193,0.0,-0.3193296208244085,nan
deterministic_policy,753023,1,connected_2,connected,750,0.0005172851544399874,nan,-0.16899152507051746,-0.44056575110061613,-0.169387790014384,-0.4460711246814741,0.00039626494386652613,0.0004796514923358086,-0.0026657110132507628,-0.0015038083641873133,0.001334555843790743,-0.0024615921918273013,-0.0016242984214135505,0.0012091269642032615,0.04145571698724551,0.041420414529575664,0.0,0.0,0.04492237525985448,0.011277225469922146,24.993832572889165,0.033325110097185556,0.0,24.993832572889165,1.0,0.1333560143380294,0.0,-0.28861505388924813,nan
deterministic_policy,753023,2,connected_3,connected,750,0.0005462032804231749,nan,-0.20263501078847754,-0.4838447785478125,-0.20313778279830938,-0.4874991675713481,0.0005027720098318694,0.0006559982323477986,-0.0004531522436928814,-0.0007550569138932431,-0.0015928152892168567,-0.0005571610511826905,6.71885785898176e-05,-0.0011113822371198643,0.038939577272549125,0.03889865685940158,0.0,0.0,0.041842374869666875,0.01046392832792779,22.260331580687495,0.029680442107583326,0.0,22.260331580687495,1.0,0.11853697124471375,0.0,-0.27874866732315845,nan
deterministic_policy,753024,0,connected_1,connected,750,0.00017567569339955024,nan,-0.18732938683649425,-0.46290718848552226,-0.18771610359705687,-0.45997531960757426,0.00038671676056261007,-0.0003322244346593006,-0.0010707467546736953,0.0006194016724028401,-0.001250723840380181,-0.0009731325059682687,0.0010803387444241024,-0.0007678659407599182,0.03994057077837177,0.03991215602254743,0.0,0.0,0.043558783111051894,0.01090579872248265,22.917283527365534,0.030556378036487378,0.0,22.917283527365534,1.0,0.12181985111381266,0.0,-0.29834443529097115,nan
deterministic_policy,753024,1,connected_2,connected,750,7.708800665974244e-05,nan,-0.1648175569650582,-0.4476105895967164,-0.16477353911388556,-0.4501280189856948,-4.401785117263235e-05,-0.00021448787766598088,-0.0009092171248656632,0.0015837377301275563,-0.000176282935178957,-0.00035232725450947045,0.0013461867467836873,-0.0003294521610994038,0.041776064095632524,0.04177618518460007,0.0,0.0,0.04542367476709027,0.011357058168186374,23.086943681951894,0.03078259157593586,0.0,23.086943681951894,1.0,0.12315218806983808,0.0,-0.30109490919857484,nan
deterministic_policy,753024,2,connected_3,connected,750,-8.700424697766648e-05,nan,-0.18944201375620848,-0.45020895635964847,-0.1890860170097952,-0.4535110040149556,-0.00035599674641325756,-6.742295198713943e-05,-0.00024106193919798136,-9.355929636420106e-05,-0.00156401345206235,-0.0005603993190732116,-0.0010231511219160195,-0.0014153102550565019,0.039794831103168095,0.039822067391277464,0.0,0.0,0.043801319853944747,0.010951689560533238,22.021937339713432,0.02936258311961791,0.0,22.021937339713432,1.0,0.11754112743802704,0.0,-0.3171211953387732,nan
deterministic_policy,753025,0,connected_1,connected,750,0.0015581802798488894,nan,-0.1900546761606137,-0.4639311758564194,-0.19171048571791638,-0.460130031543443,0.0016558095573027023,0.0010126424853549865,-0.0006418694011527932,-0.0005083337300510496,-0.0001310168137672362,-0.0012318679252202084,-0.0008436970092528261,0.00042791397787488115,0.03981701666790595,0.03968460882229871,0.0,0.0,0.042203406346133406,0.010546470428046044,20.940518422766527,0.027920691230355368,0.0,20.940518422766527,1.0,0.11195281905992169,0.0,-0.2592353654524737,nan
deterministic_policy,753025,1,connected_2,connected,750,0.0003127734472598221,nan,-0.13831756509895943,-0.4129008475653477,-0.13834019614455587,-0.40838483808973225,2.2631045596452386e-05,-0.0005865711305790833,-0.0005333807271597099,-0.0015008069543829853,0.0012157824119800563,-0.0007239492595924532,-0.0011390929874816856,0.001439876741010611,0.04415875496974936,0.04415725150791718,0.0,0.0,0.0475264618973771,0.011891875541713642,25.957341255129336,0.03460978834017245,0.0,25.957341255129336,1.0,0.13855715230742102,0.0,-0.2821955867603528,nan
deterministic_policy,753025,2,connected_3,connected,750,-0.0005762238161480013,nan,-0.19978595928422715,-0.5032521818848099,-0.19875709812407838,-0.5060070296555903,-0.0010288611601487164,-0.0008007449267294353,0.001495560488519951,0.0027352412763820447,0.0004738345472149404,0.0008032977914543948,0.0015088474869581659,0.0002468231117642145,0.03884462044728187,0.03892262291793096,0.0,0.0,0.04361478986553245,0.01090815296493381,24.028265330536193,0.03203768710738159,0.0,24.028265330536193,1.0,0.12806101522676355,0.0,-0.349799878414998,nan
deterministic_policy,753026,0,connected_1,connected,750,-0.00034868596145866306,nan,-0.18922565953548232,-0.45233930149491797,-0.1886060095255376,-0.4598540384777437,-0.0006196500099447529,-0.0006410239783549154,-0.0015676989132363329,-0.00041251808463311644,-0.0022591465237651646,-0.0018864570690825993,-0.0007409169987574508,-0.0015146017143543708,0.03993687087932027,0.039976014454673095,0.0,0.0,0.04404363591920231,0.01098318294101039,24.456484946754784,0.032608646595673044,0.0,24.456484946754784,1.0,0.1306501634997251,0.0,-0.3177844433798834,nan
deterministic_policy,753026,1,connected_2,connected,750,-0.0006865241837872752,nan,-0.19614516535039359,-0.48631558489953297,-0.19523058914360247,-0.487592514314814,-0.0009145762067910939,-0.00064411211064902,-0.0009321098967147673,-0.000259322835073597,-0.0018486761556090823,-0.0005055141457616693,-0.0002963165112928505,-0.0013928551813762085,0.03936351146265337,0.039437598897113825,0.0,0.0,0.0443390081238521,0.01106410657271708,23.462903942865488,0.03128387192382065,0.0,23.462903942865488,1.0,0.12509132986671576,0.0,-0.3495888809061625,nan
deterministic_policy,753026,2,connected_3,connected,750,-0.0007547837470726489,nan,-0.16666553151086416,-0.41993237377069914,-0.1660140555974751,-0.42126246317887617,-0.0006514759133890626,-0.0008578143769407687,0.00023084729778308495,-0.0011527685414734494,-0.0007184642932470079,0.00041946206266900844,-0.0006912998593210714,0.0002641850947948765,0.0418576903246006,0.041913930656225985,0.0,0.0,0.04894091235241546,0.012234707238177156,24.16119659873643,0.032214928798315244,0.0,24.16119659873643,1.0,0.12885853923341198,0.0,-0.4001663633913135,nan
deterministic_policy,753027,0,connected_1,connected,750,-0.000481242565388363,nan,-0.15950828167729386,-0.467373193381679,-0.15889026090060415,-0.460499334564058,-0.0006180207766897161,-0.0006374445537498663,0.00025287942549256497,3.3183916805723153e-05,-0.00018670989855375245,-0.0006300159327475964,0.0007634997481677236,-0.0005429221941001196,0.04216494457839001,0.042223720191033424,0.0,0.0,0.04586168043656385,0.011520458543974795,24.687053026773107,0.032916070702364145,0.0,24.687053026773107,1.0,0.13117850849501253,0.0,-0.3038785736909704,nan
deterministic_policy,753027,1,connected_2,connected,750,0.0001951261003121976,nan,-0.1721174643979205,-0.4526408038162862,-0.1727097791688912,-0.4477037945617513,0.0005923147709706939,0.0005761585828377158,0.0020953814470351614,-0.0007671605300797297,0.002873339680275042,0.0016869761401940115,-0.0008603464613957485,0.0026571283927568365,0.0411579135187706,0.04110834143538871,0.0,0.0,0.04384446119165569,0.01095976218168535,23.003969800235957,0.030671959733647943,0.0,23.003969800235957,1.0,0.1226370732607153,0.0,-0.26632090175089984,nan
deterministic_policy,753027,2,connected_3,connected,750,-0.00032613748236835126,nan,-0.20422497500408848,-0.48667416621303494,-0.20391370930848568,-0.48987719061474755,-0.00031126569560277993,-0.00014088993467609168,-0.0008660704057786912,0.0008376276748772195,-6.758958137912193e-05,-0.0005784242450018745,-0.0008450314204805047,0.0008635776470959306,0.038586743295853695,0.03861092182593744,0.0,0.0,0.04229340372665311,0.010596770134938108,22.63745835599974,0.030183277807999655,0.0,22.63745835599974,1.0,0.12127092349137115,0.0,-0.3081551869415949,nan
deterministic_policy,753028,0,connected_1,connected,750,-0.0008557076782434476,nan,-0.1918586245106348,-0.49588942325476104,-0.19136228036110758,-0.49718149266077066,-0.000496344149527214,-0.0012407029506277256,4.927577569942177e-05,-0.0009875994573491453,-0.0003555124032371011,0.0003864927757707042,-0.0015725110737706978,-0.00046556338474169163,0.0396875811793474,0.03972613659648302,0.0,0.0,0.04505060596674447,0.011247395845435198,22.96409465148532,0.03061879286864709,0.0,22.96409465148532,1.0,0.12263385055051174,0.0,-0.3492643774162722,nan
deterministic_policy,753028,1,connected_2,connected,750,6.01093894087823e-06,nan,-0.20214295579167213,-0.48557426814806237,-0.20242559589486392,-0.485851712446685,0.00028264010319179584,6.993220139639433e-05,-0.0010399017027184262,0.000778504629912668,-0.0011675075569862435,-0.0005850374006865688,-0.00017192720265192022,-0.00142257514877496,0.038848564377245445,0.03882814482191374,0.0,0.0,0.042749346962410034,0.010703351342972126,22.567619234533918,0.030090158979378556,0.0,22.567619234533918,1.0,0.12039874992316718,0.0,-0.3168171479939369,nan
deterministic_policy,753028,2,connected_3,connected,750,-0.00014734619723533277,nan,-0.15518116913072152,-0.4371687150323317,-0.15521243301640747,-0.43996366615574006,3.126388568596298e-05,-9.341143803831553e-05,-0.000151377366650721,-0.0009633777780659534,-0.0007039633614234703,-0.0004093433251202871,-0.0008571216606745358,-0.0004918951880659696,0.042618987981961426,0.04261623844144364,0.0,0.0,0.047081924600775,0.01187995767936408,25.156843222807073,0.03354245763040943,0.0,25.156843222807073,1.0,0.13435481113141656,0.0,-0.32074156277919524,nan
deterministic_policy,753029,0,connected_1,connected,750,6.007444549635177e-05,nan,-0.15846466176057325,-0.4495878016531612,-0.15881009938059193,-0.45703159344793665,0.00034543762001866383,-4.839109294607624e-05,0.000609758542295667,0.001639251671526458,4.5129279889794204e-05,-0.0007491282458725227,0.00037725784466899613,-0.000592299717679415,0.042214918120781555,0.042188017327028836,0.0,0.0,0.04611669128629761,0.011515458984964295,24.81583294187535,0.0330877772558338,0.0,24.81583294187535,1.0,0.13231598247928236,0.0,-0.2986148478371268,nan
deterministic_policy,753029,1,connected_2,connected,750,-0.0006453203330712907,nan,-0.20432172574006524,-0.49317378272223505,-0.20381370635091464,-0.4928830935438254,-0.000508019389150622,0.00011831386144964262,-0.0011293074820953762,-0.00023709765125758228,0.0006336897347071009,-0.00041553386325298916,-0.0007554661964827266,0.0004821422988650732,0.038588424990585075,0.038628097830075085,0.0,0.0,0.04293349076101718,0.010733481637600163,21.95180602612998,0.02926907470150664,0.0,21.95180602612998,1.0,0.11707466961150241,0.0,-0.32695658831028795,nan
deterministic_policy,753029,2,connected_3,connected,750,0.0005570643711605417,nan,-0.1480392245168058,-0.42152468740602744,-0.14858908244279734,-0.42140026838362943,0.0005498579259915541,0.0008666393262629912,-0.0012794777645100833,0.0004110999165555421,-0.0003950533799694295,-0.0012827800563141507,0.0012962151862651677,-0.0005114251382054872,0.04326994001365797,0.043218363266465415,0.0,0.0,0.04580537717690458,0.01143309787038554,23.20006918307958,0.03093342557743944,0.0,23.20006918307958,1.0,0.12366104662593093,0.0,-0.2545330774277044,nan
behavior_yoked,754000,0,connected_initial,connected,750,0.19627689788482428,nan,0.07014212005015791,-0.25329030253366697,-0.1541226674683251,-0.4411024645645607,0.224264787518483,0.1328762426824069,-0.004675575005244509,-0.0034160683942048974,0.003197995058539293,-0.004823371524855702,-0.005067281096898742,0.0037614937636331392,0.06580414039287731,0.04262224443471685,0.006666666666666667,0.0,0.07242665477751828,0.037932858864696696,43.454110491797096,0.057938813989062796,16.0,27.454110491797096,0.9415041025870721,0.1678166440798351,0.021333333333333333,0.2435037223747658,0.6119426350877224
behavior_yoked,754000,1,yoked,yoked,750,-0.0012918424030688956,nan,1.4426893344553127,1.1859160619535714,1.443631016509642,1.188213247506222,-0.0009416820543294559,-0.0009549100340052741,-0.0009255752586005213,0.0003518800483269078,4.843133382692007e-05,-0.0013351098215597637,-0.0008886055345848449,2.064137669841165e-05,1.0449627604531933,1.0473136882967788,0.0,0.0,2.863176585995248,0.054761802414879684,42.7600202987647,0.05701336039835293,30.0,12.760020298764694,0.1470309692506779,3.270446882135409,0.04,-0.4343176207297863,0.039293196706243816
behavior_yoked,754000,2,connected_restored,connected,750,0.316216859899595,nan,0.1668217099347915,-0.18454374083985375,-0.15230600360792437,-0.4410805672588332,0.3191277135427159,0.23517460862319509,-0.01963805622118712,-0.014660747109249063,-0.00873662454432005,-0.01944479687983132,-0.013967010794233539,-0.008584746372413021,0.08079085727085288,0.04279521450921908,0.0,0.0,0.08246979098202503,0.05429834095255374,58.499780494264,0.07799970732568534,26.0,32.499780494264,0.9958604391821416,0.17846412376278212,0.034666666666666665,0.346124976741293,0.6906492691600934
behavior_yoked,754001,0,connected_initial,connected,750,0.34732012191167744,nan,0.193552067894996,-0.15089612852944523,-0.17151028883346453,-0.4500226211421769,0.36506235672846044,0.26451907936808877,-0.0023488511350339596,-0.006147507690359675,-0.005518588111208202,-0.0023572720122541076,-0.005531306766592762,-0.005189059366917286,0.0850984449922083,0.04134772903441665,0.0026666666666666666,0.0,0.083376488822353,0.059046915171181116,58.44879947864776,0.07793173263819701,27.0,31.448799478647764,0.9987789677846307,0.1729502206779059,0.036,0.3725085888470709,0.7064274064141027
behavior_yoked,754001,1,yoked,yoked,750,0.0005396591870484843,nan,1.433447538671119,1.1476144585317507,1.432312391532069,1.1433603819476557,0.001135147139049988,0.00024105605528934593,-0.00022557706916205526,-0.0013141087347989717,-9.325181460457798e-05,-0.0001895525775128618,-0.0008743202787344337,-0.00011865539686424568,1.0189741266969083,1.0174423300848365,0.0,0.0,2.9294118463792187,0.054923121730327845,46.6319405338874,0.062175920711849866,28.0,18.631940533887406,0.15694383158519581,4.070264412882527,0.037333333333333336,-0.4179110864534956,0.06485297474889204
behavior_yoked,754001,2,connected_restored,connected,750,0.2525100306235941,nan,0.05881154000859261,-0.2553102332451808,-0.185747916799435,-0.46335924139103607,0.24455945680802763,0.18930248847088493,-0.017949341874691147,-0.017086719787092277,-0.008962486836759254,-0.016981431488821447,-0.01626247261103261,-0.008862869072038058,0.06520819632317415,0.040070421175890096,0.004,0.0,0.0665349126830325,0.03840826817555015,42.98343743399522,0.05731124991199363,18.0,24.98343743399522,0.9883015332641556,0.13765227039548386,0.024,0.19281539912287848,0.5863402658556028
behavior_yoked,754002,0,connected_initial,connected,750,0.27541096021726247,nan,0.15932627208596276,-0.17022943762517334,-0.12499568940052894,-0.4079851922718192,0.28432196148649164,0.21964138223352125,-0.010947875231057929,-0.016352386485967655,-0.0027253661028124668,-0.008848728872816961,-0.01478380302537983,-0.0034026586367101198,0.07853408084575055,0.045398402799425315,0.006666666666666667,0.0,0.06996114025396351,0.039380805947570104,44.4008923294132,0.059201189772550934,16.0,28.400892329413203,0.9919541267419815,0.15726639880588447,0.021333333333333333,0.218347583807785,0.5995804733526314
behavior_yoked,754002,1,yoked,yoked,750,-0.007153034752047228,nan,1.463732886638864,1.2127290126537824,1.472041980589976,1.2231470495999779,-0.008309093951111905,-0.002842215971058215,0.0009740773665951065,0.0014021372907253506,0.0002730082290984906,0.0002708866184335098,0.0008282758940401998,0.0003066427974739601,1.089378678115922,1.1075652437240606,0.0,0.0,3.3235196241874925,0.04145906404794863,33.4185780573076,0.04455810407641013,21.0,12.418578057307593,0.1278593991249745,4.089124294852788,0.028,-0.49738575421498743,-0.047437153769581485
behavior_yoked,754002,2,connected_restored,connected,750,0.2891801011518788,nan,0.15659657081150252,-0.21433783281925367,-0.15763644242372823,-0.43601510852969444,0.3142330132352308,0.22396790437081962,-0.016653732894747055,-0.01625273101148472,-0.008708938391176034,-0.016417178700927845,-0.015523634169200306,-0.008982892597727431,0.07792836067395997,0.042446340272959,0.006666666666666667,0.0,0.07411625365431455,0.048011320424645544,50.31080899739011,0.06708107866318681,21.0,29.31080899739012,0.9971496529637582,0.16006584987862357,0.028,0.3558130531722844,0.6762636339248878
behavior_yoked,754003,0,connected_initial,connected,750,0.2273804081218211,nan,0.05751567482036407,-0.24767257913837,-0.1773238601145819,-0.42502943213539024,0.23483953493494597,0.1777434623283106,-0.003069142621153946,-0.007954248398057456,0.00015014433796266827,-0.003043236735066458,-0.007901846075114067,0.00016882230365345915,0.06508618828877587,0.04115076341659769,0.005333333333333333,0.0,0.06686359950233345,0.03926651167202818,44.421558199431296,0.05922874426590839,19.0,25.421558199431296,0.978902594421523,0.14816899480529294,0.025333333333333333,0.25159697890957566,0.5902772320925841
behavior_yoked,754003,1,yoked,yoked,750,-0.005260772535180835,nan,1.4573532418295612,1.1763097454625826,1.46273471316549,1.1754751440657691,-0.005381471335928711,-0.0016534170320453567,-0.001150424608054156,0.0008651398040520632,9.225318283071981e-05,-0.0006180055522535626,0.0005862901573197824,-1.3929784497363059e-05,1.074593781957136,1.0852549128093978,0.0,0.0,2.972747222473163,0.04016304580938608,37.834643681198756,0.05044619157493167,20.0,17.83464368119875,0.13405950460701796,5.2514184003769,0.02666666666666667,-0.4586525720964387,-0.014746187362648275
behavior_yoked,754003,2,connected_restored,connected,750,0.3039436953007643,nan,0.17358656467200612,-0.16574030687208313,-0.12073554894284382,-0.4202713251461821,0.2943221136148499,0.23945461030709989,-0.024922654544807188,-0.021857492560210582,-0.013127902444414367,-0.024326662237744264,-0.02086939996485402,-0.01262797766554298,0.08123435749396112,0.04572222451741648,0.0026666666666666666,0.0,0.0756491329034631,0.04981994947062305,53.60562219336522,0.07147416292448697,23.0,30.60562219336522,0.9984792154438984,0.16960303125593315,0.030666666666666665,0.2988341108838962,0.6472884233527527
behavior_yoked,754004,0,connected_initial,connected,750,0.3472639425426135,nan,0.19679429864083506,-0.16322953973189364,-0.1477034894288402,-0.4229945637573279,0.3444977880696753,0.2623176115319954,0.0020066376537472967,0.003752890552494365,-0.015488242653553296,0.0028137200101809074,0.003071190489729138,-0.014859377921812286,0.08479002184387462,0.043269983699734574,0.0013333333333333333,0.0,0.08681870833710154,0.05760942776493278,56.57953285802784,0.07543937714403712,27.0,29.579532858027846,0.9992680413490119,0.16070125479126846,0.036,0.32520010623089374,0.6933283508064226
behavior_yoked,754004,1,yoked,yoked,750,-0.011356421516916522,nan,1.4862521146515113,1.2054795458069965,1.4992392204536191,1.2148150884593207,-0.012987105802107284,-0.005702212921045224,-0.0005903520723484602,-0.0006958022926145165,-0.0005550548733923986,-0.00010048954356233327,-0.0006344669889213595,-0.00028613423432402563,1.1365928194479924,1.166286211761966,0.0,0.0,3.214359702045118,0.044403730186324535,34.46111254438318,0.045948150059177566,25.0,9.461112544383175,0.11564137083107878,3.763541906272581,0.03333333333333333,-0.4474073903586926,-0.08310218120541002
behavior_yoked,754004,2,connected_restored,connected,750,0.2955833977541441,nan,0.18211417370997712,-0.1697875613259346,-0.14344860478736082,-0.4111426970036214,0.32556277849733795,0.2277887789756525,-0.012865058607412877,-0.018619441232727674,-0.016983522430996545,-0.012453163821134794,-0.01826599961096945,-0.016689916517124925,0.08296021872052962,0.04377743855408507,0.004,0.0,0.08015820549641421,0.05407122916460842,55.37351271899632,0.07383135029199508,25.0,30.373512718996313,0.9959810780524002,0.16638879029188605,0.03333333333333333,0.34366985868675015,0.691444475346429
behavior_yoked,754005,0,connected_initial,connected,750,0.28240443401615917,nan,0.12659011148980315,-0.1755795128990827,-0.15030665893121728,-0.4193365078421858,0.2768967704210204,0.2111311932659133,-0.004020513502144117,-0.0030728394973139395,-0.00513292651515762,-0.0036206754594109492,-0.003306384355245584,-0.005657011148721134,0.07335121565625145,0.042922360149447086,0.006666666666666667,0.0,0.07340974230710397,0.04152032616576161,46.986913584639105,0.06264921811285214,17.0,29.986913584639108,0.9921820197407979,0.16541539061021218,0.02266666666666667,0.2768091879859934,0.6421252165934025
behavior_yoked,754005,1,yoked,yoked,750,-0.007876628839893214,nan,1.4439677622769307,1.181182709017902,1.4529893340270228,1.187587235223129,-0.009021571750092184,-0.0038484144287479483,-0.00021155360007437836,-0.0006611274914608289,2.14110798865265e-05,-0.0006550449533742851,-0.0005983810681406734,5.9775337811325065e-05,1.044277632464437,1.0627196709403868,0.0,0.0,2.589311308109294,0.04703412167171607,37.86810884434259,0.05049081179245679,28.0,9.868108844342593,0.12551179068556728,3.5335234312532395,0.037333333333333336,-0.2729386828109546,-0.010089475089943461
behavior_yoked,754005,2,connected_restored,connected,750,0.3210200552930462,nan,0.2075118118577794,-0.13358027735808525,-0.11784656361523033,-0.40084561343301106,0.3253583754730097,0.2421092255520127,-0.012188697029937589,-0.012020836360400373,-0.010834096869980396,-0.01129291371515298,-0.011909070800380632,-0.009388904780336117,0.08678794818055552,0.04597069649974818,0.004,0.0,0.08511291930243432,0.05424326442799193,54.85339321390599,0.07313785761854132,24.0,30.85339321390599,0.9984866530397558,0.16921429442008742,0.032,0.3377569970830703,0.6827120827426546
behavior_yoked,754006,0,connected_initial,connected,750,0.29328687467162456,nan,0.1862460152354369,-0.1373854096203146,-0.09790774324587949,-0.3698267917289436,0.2841537584813164,0.22231957474548186,-0.013412322499754216,-0.0036863458952049216,-0.008198606054544543,-0.012788063887183366,-0.0022059485918406972,-0.009357548169364705,0.0838419930768365,0.04782221135821439,0.0026666666666666666,0.0,0.08204986937742897,0.04791840644947216,50.41542378096851,0.06722056504129134,21.0,29.41542378096851,0.9889996771469247,0.16818783810841673,0.028,0.28359478934583404,0.6215535721040144
behavior_yoked,754006,1,yoked,yoked,750,-0.004371495593803792,nan,1.4541132840222888,1.1895670422584916,1.4594205568898448,1.1972931811134955,-0.005307272867555986,-0.0018775155440228786,0.0008657464072876414,0.0013408513511618332,-0.00023861883679091915,0.0016129001995367144,0.0020678239266905102,-0.00022243157821946066,1.0657001925011187,1.0774975687306307,0.0,0.0,2.7424084020651156,0.048673989866953614,38.7829359982121,0.05171058133094947,26.0,12.782935998212103,0.13686342296368212,3.4237748383844555,0.034666666666666665,-0.4092589779054534,0.0017062325892374824
behavior_yoked,754006,2,connected_restored,connected,750,0.2744923095940112,nan,0.17464581722579336,-0.15961508709221436,-0.12558307195812426,-0.3946162121149667,0.3002288891839176,0.18969756520772754,-0.019256818401758503,-0.019612572063055167,-0.007365455521043304,-0.018222934186212195,-0.019645941746969518,-0.0069334654738604905,0.08195996616862275,0.04527341832150167,0.004,0.0,0.07852974860076452,0.05058200591364574,53.483752735775006,0.07131167031436668,23.0,30.483752735775006,0.9826904474430601,0.16988375452801407,0.030666666666666665,0.29472982466378095,0.6519136356128956
behavior_yoked,754007,0,connected_initial,connected,750,0.34412059662837463,nan,0.1786732349181299,-0.15006453147210205,-0.18457858757869033,-0.4317611299864019,0.3632518224968203,0.2732907429669038,-0.0029068004002265726,-0.004666161777078615,-0.0065228555036957745,-0.002118202388535774,-0.002942015413643779,-0.004540422874319122,0.08235784890593567,0.04018560925462104,0.0026666666666666666,0.0,0.08855848020229463,0.054569474828594616,54.98402230667566,0.07331202974223422,27.0,27.984022306675662,0.9993082228308503,0.15731680301276962,0.036,0.3239251662927855,0.7027876496096733
behavior_yoked,754007,1,yoked,yoked,750,-0.0037677691743972772,nan,1.4288935366695386,1.17502278706528,1.4345037116897823,1.1837732768493252,-0.005610175020243494,-0.0011401611391216315,-0.0018537057657132471,7.496682698168033e-05,-0.000317685515342662,-0.0027239376312318425,0.0005629380595906719,-0.0003965328408650488,1.0134513311174396,1.0250586738522816,0.0,0.0,2.8109286594931,0.04672725661349704,38.75171140106084,0.05166894853474779,25.0,13.751711401060838,0.13813515953498612,3.9281019672455697,0.03333333333333333,-0.396803615420646,0.006848068119635263
behavior_yoked,754007,2,connected_restored,connected,750,0.24416994816707346,nan,0.1034960385831259,-0.2559319338115406,-0.16450049261175206,-0.45875449383138844,0.267996531194878,0.18835975378127934,-0.015577192131425771,-0.012854612383447669,-0.00915786619064758,-0.015334607167163943,-0.011183362390886667,-0.008484430031877972,0.06953553591259977,0.041814788593377165,0.006666666666666667,0.0,0.06785345591454385,0.03977213408007651,43.760992251787904,0.05834798966905054,16.0,27.7609922517879,0.9892138750861562,0.15336448031310324,0.021333333333333333,0.22686005445440213,0.6177173974410296
behavior_yoked,754008,0,connected_initial,connected,750,0.3226859888527254,nan,0.22674889856961386,-0.11520555276872385,-0.11865725062560746,-0.41267050220632684,0.34540614919522133,0.24212340747025227,-0.011985433603868861,-0.003531451611158908,-0.0046308665073142505,-0.010927083087084772,-0.0022225181893252995,-0.004181929157820341,0.0916817140559221,0.04590675671626459,0.005333333333333333,0.0,0.08576988683120713,0.05715854988350734,57.12923360010139,0.07617231146680185,27.0,30.12923360010139,0.996935078648191,0.16746130949147214,0.036,0.36544474107023456,0.695510607896153
behavior_yoked,754008,1,yoked,yoked,750,-0.0029870695208859648,nan,1.4728747589181057,1.1932681306529838,1.4759985413796977,1.1938753315533734,-0.0031237824615919603,-0.0005679679440194763,-0.0007867036809379557,-0.0014136891851911579,0.0003862938441400132,-0.000883917697421588,-0.00030517793868223953,0.00024229008113203475,1.1085984534223066,1.114328021805942,0.0,0.0,3.081959237907431,0.04973097818427564,38.244987154624475,0.05099331620616597,26.0,12.244987154624472,0.14124216742272117,3.4395185005691133,0.034666666666666665,-0.3710032729723916,0.02783516185485972
behavior_yoked,754008,2,connected_restored,connected,750,0.27320256960003414,nan,0.11171885415779506,-0.21462973624628118,-0.1651693373577337,-0.4454695508239983,0.2768881915155288,0.19826843359353283,-0.01950092663402618,-0.018666736692085,-0.008707755132611676,-0.019957628957193416,-0.019142881616811082,-0.00805413349857843,0.07172975842271256,0.04178570563603544,0.006666666666666667,0.0,0.07101746484416394,0.04291786069198232,47.62432962594678,0.06349910616792903,19.0,28.624329625946785,0.9934255644855342,0.15848033209568754,0.025333333333333333,0.26081289402121527,0.6427661768380135
behavior_yoked,754009,0,connected_initial,connected,750,0.32188984642916724,nan,0.23266537759377667,-0.131130129689087,-0.11224393672923542,-0.40977183269803863,0.34490931432301214,0.25312092583423074,-0.0032420083544468397,-0.0070716131936262696,-0.004357103196425374,-0.0034811238022096477,-0.005939809290236733,-0.0025298426744710745,0.09097174902634278,0.046484648172439864,0.006666666666666667,0.0,0.08229341361400601,0.051043475214986374,52.18703929156396,0.06958271905541862,21.0,31.187039291563956,0.9977430741010676,0.1717546183891715,0.028,0.3264550874590705,0.6700756522956409
behavior_yoked,754009,1,yoked,yoked,750,-0.005266428988907987,nan,1.4209383786905176,1.1464585755834096,1.4274384108217422,1.1470365244142924,-0.00650003213122481,-0.0027978492165185997,0.001437291456362549,-0.0002983890681569387,0.0006853011148175495,0.001914059780803517,0.0014106266311606488,0.0008162609985505421,0.9971971399277608,1.0099357782703413,0.0,0.0,2.9350357890194254,0.042660564030004865,34.818639777161806,0.04642485303621574,21.0,13.818639777161808,0.13592532475758254,3.8804491863729624,0.028,-0.4560721505712536,-0.004195273369784702
behavior_yoked,754009,2,connected_restored,connected,750,0.262608301887911,nan,0.11756287384210769,-0.22823068746536282,-0.17517280104133118,-0.45338375260044367,0.2927356748834388,0.20403707496335577,-0.017501511012661293,-0.02205720291806487,-0.01403686184126029,-0.01890422782450326,-0.019570398622886367,-0.013570159945819366,0.07223305300697284,0.040855054807154026,0.010666666666666666,0.0,0.0679086296540794,0.0424485328904104,47.00035264655929,0.06266713686207906,18.0,29.000352646559293,0.9918748316171905,0.16201455349643032,0.024,0.292471597731749,0.6259223149179743
behavior_yoked,754010,0,connected_initial,connected,750,0.30785817532393206,nan,0.16132393171708923,-0.15661984129922601,-0.1245947339784219,-0.38000028790016355,0.2859186656955111,0.22268705236847974,-0.007953834958448444,-0.006591823282462555,-0.013101770252627347,-0.007684296642582661,-0.006315699561081452,-0.015123399398505754,0.07919558800605629,0.04531668358982451,0.005333333333333333,0.0,0.07875491150482332,0.047153754087624865,50.03628800687777,0.06671505067583702,21.0,29.03628800687776,0.9938860065604246,0.16043825166622874,0.028,0.2667611195954278,0.630877838580349
behavior_yoked,754010,1,yoked,yoked,750,-0.002207960266957148,nan,1.4213786228499934,1.1473401083076968,1.422633940625453,1.1497789033494712,-0.0012553177754596845,-0.002274479009510777,-0.001682822515600393,0.0006540886759934728,-0.0009044379569264784,-0.0014580172092822342,0.002290225559354474,-0.0010801926583716825,0.9972213853808595,0.9999359727486146,0.0,0.0,2.3654214123747446,0.04096973937953808,33.14688792323985,0.0441958505643198,21.0,12.146887923239849,0.146293367033403,3.20925497581571,0.028,-0.4066743910605209,0.04397476183540204
behavior_yoked,754010,2,connected_restored,connected,750,0.2710206350261501,nan,0.14310908937197878,-0.19716923316219537,-0.1513395285415875,-0.39350725229979916,0.2944486179135663,0.19902902379693477,-0.013792962234161432,-0.014335572893658067,-0.01258093837320682,-0.014033347740938808,-0.012580868502699618,-0.01217386219214884,0.07586362495884773,0.04295248055624732,0.006666666666666667,0.0,0.07868442343958783,0.04953568227564739,49.49132625546912,0.06598843500729216,21.0,28.49132625546912,0.993988887059722,0.15588929009098462,0.028,0.266266975693836,0.6475501758764691
behavior_yoked,754011,0,connected_initial,connected,750,0.3353661324552573,nan,0.2181907988651803,-0.11083921184297775,-0.10146627277399588,-0.3777817362902288,0.3196570716391761,0.252374716851577,-0.009606545577354067,-0.012174076891576966,-0.008184944728960515,-0.008387805222630036,-0.01106702225616565,-0.008553573761880704,0.08871202686071604,0.047480821892956236,0.0026666666666666666,0.0,0.08456632577711053,0.05315167346160419,53.73200815479926,0.07164267753973234,24.0,29.732008154799257,0.9992453123346977,0.16321910230638104,0.032,0.3253896855451996,0.6641434383689667
behavior_yoked,754011,1,yoked,yoked,750,-0.005103505908510111,nan,1.4583930918861054,1.1725224162216987,1.463856887763071,1.1768389384374511,-0.005463795876965282,-0.0025369911485711993,0.0013595046398031138,0.0009625506679568363,0.000294697684696912,0.0022460614382135815,0.0007669712993845812,0.0005748959738899644,1.0764860789491408,1.0888620583366795,0.0,0.0,2.9847626493718487,0.03604019061747303,29.343244713629204,0.03912432628483894,17.0,12.3432447136292,0.13388611125351035,3.7268637822162836,0.02266666666666667,-0.48462348408042616,-0.015248895583105148
behavior_yoked,754011,2,connected_restored,connected,750,0.3742537740358489,nan,0.2268861009336014,-0.10791488185788542,-0.13322076318497086,-0.4106965952242953,0.3601068641185722,0.279624387187059,-0.013936292431176042,-0.012392970782977708,-0.01426183144836384,-0.014389495971784214,-0.011818600166474558,-0.014973000465047164,0.09106348325853472,0.04457090769370617,0.0026666666666666666,0.0,0.09445979006429758,0.06118987029709072,59.93152221362593,0.07990869628483457,27.0,32.93152221362593,0.9992689006016208,0.1799807168409049,0.036,0.360775688059938,0.7238886302552973
behavior_yoked,754012,0,connected_initial,connected,750,0.312019485287107,nan,0.15425802618859533,-0.16653778192526913,-0.1641010565849917,-0.4266383665509098,0.31835908277358704,0.23375169046264616,-0.008311986309873159,-0.013945784310332748,-0.004688866553861427,-0.007350341895878456,-0.012859631544205222,-0.004137348604170752,0.07816691513737827,0.041730183338921034,0.006666666666666667,0.0,0.0782485684590909,0.05266689470472378,54.59883204642847,0.07279844272857129,24.0,30.598832046428466,0.9970364805432906,0.1687294890894769,0.032,0.3431979773441646,0.6688525736818702
behavior_yoked,754012,1,yoked,yoked,750,-0.00652124424535113,nan,1.4545978546448768,1.178290904235371,1.4597746633796596,1.173811135624105,-0.005176808734783081,-0.0038617665922805466,0.004765296586916929,0.0006017809622784472,0.0010490389338439247,0.0016169420598417842,0.0017120040854606258,0.0011772556872452875,1.0657939102285763,1.0771847435728277,0.0,0.0,2.899698097031771,0.04890345727621613,39.030946816316174,0.0520412624217549,27.0,12.030946816316177,0.13039907239789664,3.632856177653942,0.036,-0.3831788435292316,0.014469086519843305
behavior_yoked,754012,2,connected_restored,connected,750,0.2680765152903768,nan,0.12820269955240268,-0.21764677631350732,-0.15476893223119814,-0.4333002559178191,0.2829716317836008,0.2087764502344944,-0.014839194411948342,-0.01608252706754972,-0.01259529742884888,-0.014350523703200307,-0.014852826106600901,-0.012824985924491765,0.0734479696044737,0.04254119876200175,0.009333333333333334,0.0,0.07418018905493856,0.042848940927639204,45.955530262938225,0.0612740403505843,17.0,28.955530262938222,0.9951899282723392,0.16086788639045563,0.02266666666666667,0.25998012875782156,0.6319525318635969
behavior_yoked,754013,0,connected_initial,connected,750,0.3043561410529258,nan,0.09349827198682518,-0.22470236546607597,-0.20734345363822265,-0.47980308076026446,0.3008417256250479,0.2411678145975612,-0.00220023860858509,-0.006167811439140604,-0.004321556680160661,-0.001418499888308681,-0.005474733532835753,-0.004390187501780659,0.06885228989213986,0.03833595932779131,0.006666666666666667,0.0,0.06644112209501213,0.03747927196009196,43.27460126795606,0.05769946835727474,15.0,28.27460126795606,0.9955289465813545,0.15735427813728442,0.02,0.2532500683422214,0.6344290768169757
behavior_yoked,754013,1,yoked,yoked,750,-0.0056309006306788515,nan,1.4332495643621392,1.1840262932408887,1.4373679505725492,1.1878169604546116,-0.00411838621040989,-0.0022283189074193688,0.0015703444607959155,-0.004440929794461083,-0.00013046952177368814,0.0015199769700350411,-0.002895852808608988,7.03358202277183e-05,1.0255557664596793,1.0333727105398276,0.0,0.0,3.0098148000404272,0.05470314326169023,42.93206512307512,0.05724275349743349,31.0,11.932065123075118,0.13275473916796307,3.8088384118374066,0.04133333333333333,-0.38141989616302285,0.02537355405857432
behavior_yoked,754013,2,connected_restored,connected,750,0.3308948810055172,nan,0.17386419125166533,-0.18076320395066575,-0.16510486407176445,-0.43525388573360624,0.3389690553234298,0.2331556197861742,-0.022290287494639145,-0.016221357309854335,-0.008109606601207808,-0.021040140308892494,-0.01602031723297395,-0.008006188301259747,0.08066804458251486,0.04189300586650969,0.005333333333333333,0.0,0.08144286024687838,0.0560153832845477,57.87019809345907,0.07716026412461209,28.0,29.870198093459067,0.9970863446657486,0.16610262730778147,0.037333333333333336,0.32972402000819834,0.6922847758659271
behavior_yoked,754014,0,connected_initial,connected,750,0.29141235077949634,nan,0.13839617670630525,-0.12427287946494417,-0.14638632668156226,-0.3976287121850046,0.2847825033878675,0.2107826236487918,-0.006896316783966123,-0.005898272804226508,-0.0046965908426769,-0.004365478221403902,-0.0045506835722017415,-0.0013611753005189767,0.07679077711394897,0.04344162762081846,0.0026666666666666666,0.0,0.07497051589720177,0.04679228455440523,50.28122371292035,0.06704163161722713,22.0,28.28122371292035,0.9776716728615499,0.1606351955038524,0.029333333333333333,0.26486429985850374,0.6223311374877598
behavior_yoked,754014,1,yoked,yoked,750,-0.007411874688569672,nan,1.47375553239042,1.1939722587313641,1.481312295147005,1.200733442389835,-0.007556762756585587,-0.003892668019793155,0.002131687867186782,-2.6291197053830948e-05,-7.439130340959687e-05,0.0021429176587719704,-2.5445776986593633e-05,-0.00010259373375137178,1.1081282753031705,1.1249457735285582,0.0,0.0,3.2662147433912834,0.06052540316453313,47.378383886578554,0.06317117851543808,35.0,12.378383886578554,0.12736795976872392,4.241204512887039,0.04666666666666667,-0.37071319282504755,-0.008114793146859612
behavior_yoked,754014,2,connected_restored,connected,750,0.303708386673594,nan,0.26701181113338385,-0.12074007366983074,-0.06639099345058677,-0.36942090473738565,0.3334028045839706,0.2346713334785004,-0.02172821988903912,-0.021198962869081607,-0.011545995480291966,-0.021382596947923348,-0.021207109208833633,-0.010711477736869125,0.09727064025008385,0.050864264283210565,0.0026666666666666666,0.0,0.09518521953394943,0.06295363033038681,63.91642265974242,0.08522189687965656,30.0,33.91642265974242,0.997612344862381,0.18743932908936592,0.04,0.35900247444003863,0.7006641787774728
behavior_yoked,754015,0,connected_initial,connected,750,0.311876083822626,nan,0.12637135026974658,-0.22470006898040257,-0.2040454557460619,-0.45226310600256503,0.3304168060158085,0.22531506502964915,-0.0095132302786476,-0.003978390347818928,-0.002694700723811362,-0.008172128130132125,-0.0032820344772014963,-0.0016776635252748523,0.07328644630745004,0.03856567042645896,0.010666666666666666,0.0,0.07711422822641928,0.05075881223882971,53.5755190147417,0.07143402535298893,24.0,29.5755190147417,0.9936778187026805,0.16391183342262702,0.032,0.31699922274068726,0.6948947381218297
behavior_yoked,754015,1,yoked,yoked,750,-0.005799162677942078,nan,1.4286718834231118,1.1638920162881194,1.4342836832006414,1.1726990308295848,-0.005611799777529903,-0.003169933398258773,0.0006557635145782106,0.002712415974536753,0.0008106123929082655,0.0008738509495928975,0.0024583881808796166,0.0006863629410364073,1.0121455658279757,1.0236681851078617,0.0,0.0,3.0083407406760543,0.05132395013105839,40.526758152367805,0.054035677536490405,28.0,12.526758152367801,0.13243056566521383,3.7874589756351975,0.037333333333333336,-0.4004843844241861,0.02296795173060424
behavior_yoked,754015,2,connected_restored,connected,750,0.2409032575508927,nan,0.11335974374058602,-0.18023180525043003,-0.1368995325966395,-0.38862683774435536,0.25025927633722556,0.1670815387969,-0.014106994745585084,-0.017381575128725003,-0.01340561343580552,-0.013243154700600198,-0.016435360692483723,-0.01175650013446494,0.0728106214187301,0.0441920086212645,0.005333333333333333,0.0,0.07536456858770359,0.04326194590968155,45.36236669108792,0.060483155588117225,18.0,27.36236669108792,0.9623175437531557,0.1621782732529994,0.024,0.24617698118027984,0.6119197249142073
behavior_yoked,754016,0,connected_initial,connected,750,0.33471993941643563,nan,0.17898348735192954,-0.13827248879617515,-0.16619060948629574,-0.40757846635225936,0.3451740968382253,0.27000764300471725,-0.004102627744440752,-0.008843624050889377,-0.00441325801383561,-0.002059369597081939,-0.0063132850750351735,-0.004203254949508359,0.08133153502363735,0.041584647379269285,0.006666666666666667,0.0,0.06711044299224264,0.04551890308569102,50.07669964769526,0.06676893286359367,22.0,28.07669964769526,0.998910811506679,0.1531460935058566,0.029333333333333333,0.3160947818657806,0.6261911911949002
behavior_yoked,754016,1,yoked,yoked,750,-0.004119464904367075,nan,1.4956196455055986,1.1925902514592939,1.5017146715180674,1.1956829740186947,-0.0060950260124686285,-0.0004948318554368614,-0.00047271306942484276,0.002761938698888651,-7.020428731978552e-05,-0.0006203965425131397,0.003595441823298839,-0.0005209310059033764,1.1583794242587373,1.1717172164159453,0.0,0.0,3.0600805335100714,0.04406755684379899,35.679929179985756,0.04757323890664768,22.0,13.679929179985754,0.13757927257915661,3.8200314353745406,0.029333333333333333,-0.43125942504452386,-0.008455964835141572
behavior_yoked,754016,2,connected_restored,connected,750,0.30058672985402024,nan,0.1348442459013083,-0.15939703594398263,-0.15760665312791025,-0.4139623874282134,0.29245089902921856,0.23435853649401805,-0.024176649372503703,-0.020580871892345788,-0.016034076100357616,-0.02376247021418053,-0.02124200716746971,-0.01708137059814077,0.07527213933448326,0.042416352782129324,0.005333333333333333,0.0,0.07384530344649849,0.0463761357984049,50.29677654352268,0.06706236872469691,21.0,29.296776543522682,0.997311455135943,0.1598608278508616,0.028,0.27194449028322765,0.630486102407475
behavior_yoked,754017,0,connected_initial,connected,750,0.3075241438200361,nan,0.11050885042268789,-0.215574378827574,-0.17855898760805425,-0.44602213876828467,0.2890678380307421,0.2239683225167796,-0.00560965326832266,-0.0074179859996132864,0.0019014782562112023,-0.00531773753884949,-0.005036256838333698,0.0012946479393790738,0.07151422759271041,0.04068452740452901,0.004,0.0,0.0700133969858625,0.047149237312410074,52.16236817263635,0.0695498242301818,23.0,29.162368172636356,0.9985200057505714,0.16166990018687233,0.030666666666666665,0.280583208776892,0.635586946713659
behavior_yoked,754017,1,yoked,yoked,750,0.0001835089307588671,nan,1.4487536170522528,1.1767584124113495,1.4477758386877084,1.1723441358090447,0.0009777783645440294,-1.991903424114483e-05,-0.003998525546622041,-0.0009313157586250552,0.0003708865945744336,-0.0034214171412687766,-0.0006407015757987907,0.0002604536311949266,1.0540725468092214,1.051731197616421,0.0,0.0,2.909565629387145,0.048439350399044005,38.47478542914374,0.05129971390552499,24.0,14.47478542914374,0.15267248259052368,3.4512357121124944,0.032,-0.42507778142555575,0.06454396630935774
behavior_yoked,754017,2,connected_restored,connected,750,0.27093653458971,nan,0.08710599894408146,-0.19659277492008456,-0.15909149915823353,-0.4266523875427363,0.246197498102315,0.19040531797745164,-0.012149544491322346,-0.013880599886223739,-0.0037373030345537054,-0.01122027419957911,-0.013970347810071457,-0.003417130665699503,0.06815793794177262,0.042121703475294085,0.0026666666666666666,0.0,0.07416088573342913,0.04447364796583217,48.9599519723741,0.06527993596316546,19.0,29.9599519723741,0.9934621042635666,0.16469520640776264,0.025333333333333333,0.183945582454712,0.6102883116590703
behavior_yoked,754018,0,connected_initial,connected,750,0.3342267193361503,nan,0.18105064638864618,-0.13461358049707636,-0.1537555440145871,-0.4010967619265543,0.33480619040323334,0.24868547360286364,-0.003291197143830565,-0.007716351413424095,-0.014368866631245245,-0.0016453035608116862,-0.006902071020022768,-0.01473383628304376,0.0819603580042612,0.04269273450175275,0.008,0.0,0.0811611543194177,0.05220750846780463,53.267390752652304,0.07102318767020308,23.0,30.267390752652307,0.9967426147441949,0.16718018085675754,0.030666666666666665,0.32179046144209583,0.6726676154281441
behavior_yoked,754018,1,yoked,yoked,750,-0.009342967878919887,nan,1.4330451078958784,1.161037368767932,1.4392364924853918,1.1699985660273624,-0.006191384589513644,-0.005824131242352926,0.0003474610105220961,0.00011617257339600299,-4.1021471553038e-05,7.405183076306414e-05,-4.858350106260604e-06,6.73928350989901e-05,1.0214663492313332,1.0343158872577436,0.0,0.0,3.0559129978444903,0.0514332401908499,43.27091292556323,0.05769455056741764,31.0,12.270912925563227,0.1227645362141796,4.168581143120072,0.04133333333333333,-0.3194030539659274,0.015188548868690145
behavior_yoked,754018,2,connected_restored,connected,750,0.275013175500766,nan,0.13781283962500057,-0.20235605682192945,-0.13174621351037907,-0.41168464919212866,0.2695590531353796,0.20236134219358218,-0.024038165630809728,-0.017865884597097,-0.007712344545658681,-0.021852834347027714,-0.016560430388709874,-0.0069823469718085845,0.07598179472999897,0.04478228253767074,0.004,0.0,0.07251683494410896,0.04436327098041251,49.93200280645672,0.0665760037419423,22.0,27.932002806456726,0.9932980753529304,0.1558427073687606,0.029333333333333333,0.2550126243378628,0.6142012417823961
behavior_yoked,754019,0,connected_initial,connected,750,0.3217693492882851,nan,0.15122140953261487,-0.1673377731765315,-0.17174456281218478,-0.43261643094398905,0.3229659723447996,0.24109152954939517,-0.010798441371608609,-0.008481910898620895,-0.013535913803139439,-0.00940201335313196,-0.007205672733781249,-0.014149963259542458,0.07905734542147924,0.0417417015729942,0.008,0.0,0.06868619303479902,0.04492570848597898,50.47882765881194,0.06730510354508258,23.0,27.47882765881194,0.9985225009947838,0.153318136047733,0.030666666666666665,0.32368791466656915,0.638809260276528
behavior_yoked,754019,1,yoked,yoked,750,-0.008565538144571436,nan,1.4517885100396282,1.184743869571306,1.4588409794002544,1.1886401179095576,-0.007052469360625823,-0.003850586545799839,0.003220715407980667,0.003251162060148323,0.0002781694290170925,0.0018599353199714255,0.002961559774155592,0.00019419145055035272,1.0593791765567628,1.073739423633179,0.0,0.0,2.633074629174189,0.04512819963885187,35.556605220379545,0.04740880696050606,26.0,9.556605220379545,0.12395412959002818,3.2795359316528727,0.034666666666666665,-0.36403731393054123,-0.007297896216673457
behavior_yoked,754019,2,connected_restored,connected,750,0.31273198976094646,nan,0.1442252084300086,-0.18418045163512098,-0.16082094870324984,-0.458912798138956,0.30504615713325844,0.22856409061603375,-0.010144413855134643,-0.013274479910329503,-0.013711215784932607,-0.00980486329335142,-0.012804727622827371,-0.014975165526262406,0.0754219680789857,0.042014378953701234,0.008,0.0,0.07624043028400564,0.052114414194375,53.70930829420071,0.07161241105893427,24.0,29.70930829420071,0.9961535410117937,0.16351823368430288,0.032,0.29634045950915117,0.6596820154810098
behavior_yoked,754020,0,connected_initial,connected,750,0.30248954923772076,nan,0.12850142811650614,-0.22914658329388427,-0.1870332581454999,-0.4643416395994699,0.31553468626200604,0.2368615451583019,-0.004372127811233413,-0.0002673801614743499,-0.014967313482655082,-0.004481853061753958,0.0008405611483307803,-0.013711994921992312,0.07347116140970825,0.039983272585651125,0.009333333333333334,0.0,0.07219943816725534,0.04307266968008466,47.504742529815516,0.0633396567064207,18.0,29.504742529815513,0.9981644956865512,0.16061467963519116,0.024,0.3506210420904933,0.6733231871641866
behavior_yoked,754020,1,yoked,yoked,750,-0.0005565128615595802,nan,1.4733530645154898,1.2057727405992995,1.4721495031039489,1.2022655826673536,0.0012035614115410024,-0.0013283846045204495,-0.0007129386961273858,0.0024442564445991723,0.000974681409115135,-0.0005954585869309476,0.0015886994600935633,0.0007201793129047046,1.1076044066230002,1.1051182157410475,0.0,0.0,3.155744304172217,0.0543831364990718,45.3325849480059,0.0604434465973412,28.0,17.3325849480059,0.1493243882435305,4.2691806901862845,0.037333333333333336,-0.3773824635940097,0.0628170583325485
behavior_yoked,754020,2,connected_restored,connected,750,0.3059546048576173,nan,0.17182061727556444,-0.16376594718176973,-0.14642554818030387,-0.42440397999592566,0.3182461654558683,0.22522145407604632,-0.015179271674259307,-0.0172235841466556,-0.009886020561649968,-0.015145265868754134,-0.017160590008277316,-0.009685404810797299,0.08084637967911984,0.04344633728567934,0.006666666666666667,0.0,0.08427132507990855,0.05138090468535707,54.263592936920105,0.0723514572492268,24.0,30.263592936920105,0.9964606144744924,0.17010867633479904,0.032,0.2948338549570898,0.6755834541418728
behavior_yoked,754021,0,connected_initial,connected,750,0.3516916380160609,nan,0.22522575843966633,-0.13013660217130701,-0.1320229266062304,-0.3992187652320396,0.35724868504589674,0.2632154580817318,-0.003677595689981246,-0.0011940805643178602,-0.00520379808274659,-0.0042601425943484235,-0.0018699301816479383,-0.007167499207499087,0.08973140161278627,0.044698964584153185,0.004,0.0,0.09856317932721144,0.06210409204510148,61.51208984540967,0.08201611979387956,28.0,33.512089845409676,0.9991915833472622,0.18761992060634156,0.037333333333333336,0.3377868306382719,0.7114195082974974
behavior_yoked,754021,1,yoked,yoked,750,0.0031092557764243077,nan,1.4684195667706341,1.1934297194790924,1.4645700808005067,1.1765005401370439,0.0038494859701273835,0.001215846947030308,0.0006333623701713951,-0.0012828539892357311,0.00012103160224344034,-0.00017840316384896228,-0.0013174003285104704,0.0003041299244291524,1.100560209506322,1.0921985851645752,0.0,0.0,3.0797462621525025,0.05075161113845918,45.01024955057237,0.060013666067429826,23.0,22.010249550572368,0.1635744196566352,4.394936942457662,0.030666666666666665,-0.45034316595092067,0.0835314141985154
behavior_yoked,754021,2,connected_restored,connected,750,0.33245981588601553,nan,0.13788691841178194,-0.16107481120069994,-0.1836982516873518,-0.44419298788401795,0.3215851700991338,0.2417919829262759,-0.0161952545247076,-0.018462651408786657,-0.011865294259579913,-0.01600484926587459,-0.018724815789022128,-0.012815109638020678,0.07653120669963817,0.040260392907258864,0.0026666666666666666,0.0,0.07742973948591884,0.04770130664956278,51.61714716496154,0.06882286288661538,23.0,28.617147164961526,0.9780434220165783,0.16327293844321875,0.030666666666666665,0.29727674834482715,0.6767066121887305
behavior_yoked,754022,0,connected_initial,connected,750,0.3313745020535137,nan,0.18158018814254195,-0.1278595141093294,-0.13342767340717837,-0.380190647241996,0.3150078615497203,0.2618647354543371,-0.02044864599823616,-0.013452205612480094,-0.01095758693574846,-0.01962503312235117,-0.012364026503093943,-0.011282510013834412,0.08243604363849477,0.04459118829237352,0.0026666666666666666,0.0,0.07525470565284242,0.04836265777092532,51.048279647248435,0.06806437286299791,25.0,26.048279647248435,0.9994417810496701,0.14584140431002263,0.03333333333333333,0.30607917631237513,0.6394703430469686
behavior_yoked,754022,1,yoked,yoked,750,-0.002094545492662222,nan,1.481757129476138,1.2195566167486915,1.4849942635055358,1.2237744937809136,-0.0032371340293979194,-0.0008922238227497825,-0.0008094946472563331,0.0009193598169776595,-2.1321189609519713e-05,-0.0002952098653505123,0.0009890103270594876,0.00020941564313912582,1.1260789731028575,1.1331640638892977,0.0,0.0,3.7198760554833425,0.04854438418591948,38.574241153616896,0.05143232153815586,21.0,17.574241153616896,0.14431227098535707,4.376079765663879,0.028,-0.49337233673511516,0.03158032355439933
behavior_yoked,754022,2,connected_restored,connected,750,0.3062731219202537,nan,0.19813926611603994,-0.10614739486866684,-0.11354981146989716,-0.38372774265521525,0.31168907758593706,0.22110158203067368,-0.019047294506810527,-0.010487399762768402,-0.010582362030158539,-0.016376170575641186,-0.009389367293817393,-0.01054230058260854,0.08627057809339328,0.04636269879667342,0.004,0.0,0.08905284894402309,0.05086544357414464,52.05662454017228,0.06940883272022971,21.0,31.05662454017228,0.9924642222285882,0.17997461275435384,0.028,0.2977952444213536,0.6676806971100787
behavior_yoked,754023,0,connected_initial,connected,750,0.342324407166167,nan,0.1988266258278325,-0.16068697376780727,-0.15203682241467276,-0.4194136477777033,0.3508634482425053,0.27690931296347293,-0.0053787840274736615,-0.004655416108293577,-0.0024961713083240687,-0.004143384417216667,-0.003338417958453135,-0.001679041136788596,0.08473333668148386,0.04277954871960806,0.005333333333333333,0.0,0.08014751445012189,0.0546203065438039,54.99476173317339,0.07332634897756451,24.0,30.994761733173394,0.999439449432965,0.16784194044663953,0.032,0.33950344689068157,0.6839872339064683
behavior_yoked,754023,1,yoked,yoked,750,-0.0049397067555703835,nan,1.4434462875879872,1.1663568624313339,1.445867051644873,1.1772172057821837,-0.0024207640568860863,-0.002596357110844716,-0.002092090387812216,-0.0006427476882466845,0.0007127675444110425,-0.0015482783361121313,-0.0005159984385896356,0.00048477955493449605,1.0421615738416377,1.0470027233518358,0.0,0.0,2.360055192979117,0.03237231892644889,25.38172237775685,0.0338422965036758,16.0,9.381722377756851,0.13462856330968434,2.7668740152838796,0.021333333333333333,-0.353146225698179,0.025264675136159383
behavior_yoked,754023,2,connected_restored,connected,750,0.26229369401363284,nan,0.116268561800271,-0.2021113753255928,-0.14789287760337255,-0.4143733278551918,0.26416143940364356,0.17909561899524526,-0.01485827315831077,-0.013636814525722699,-0.013503217731651087,-0.014439381915116125,-0.012867764610927993,-0.012591719635629939,0.07281113052888759,0.04326316550870244,0.004,0.0,0.07030856159285004,0.044318109512481225,48.83154884554463,0.0651087317940595,20.0,28.83154884554463,0.9902324626417588,0.1598137724189173,0.02666666666666667,0.27308529720609587,0.6215215046601815
behavior_yoked,754024,0,connected_initial,connected,750,0.3669767559940366,nan,0.2537226887676019,-0.10094399929307415,-0.11308542138047924,-0.38815313587570366,0.36680811014808123,0.2724282694611747,-0.004348650269959812,-0.004052062785653027,-0.013476199400283705,-0.00297870589074841,-0.0027347944293414153,-0.011976041383113919,0.09522274665869308,0.04628617963234819,0.004,0.0,0.09546029236872539,0.06198783505647918,60.25852351566978,0.08034469802089304,27.0,33.25852351566978,0.9993798532747316,0.182566977777072,0.036,0.33250274485738723,0.7068938525416238
behavior_yoked,754024,1,yoked,yoked,750,-0.006717072982779481,nan,1.4384102682622466,1.1340023702037723,1.4456212296386581,1.1458039283089674,-0.007210961376411513,-0.0029065710217446306,-0.0019168499874794786,-0.0017387384600279052,0.0005098893893866427,-0.0013158024073494426,-0.001442952237692828,0.000731220721918581,1.0298522447384297,1.0448327503605268,0.0,0.0,3.3020597970279715,0.0377870830144108,32.13831979249336,0.04285109305665782,18.0,14.138319792493363,0.12902559126649246,4.601585019701243,0.024,-0.5331705911334894,-0.021522450199230003
behavior_yoked,754024,2,connected_restored,connected,750,0.2618182124813546,nan,0.19041410487794166,-0.15972888682861916,-0.0793528852020538,-0.3762635441232932,0.2697669900799955,0.2056723734343548,-0.02013257463440371,-0.01934945634406014,-0.017321356400577293,-0.018308181378808727,-0.019645712530313674,-0.016823004086199547,0.08418774698059132,0.0495374668781794,0.004,0.0,0.08515835601402226,0.046997744006342566,51.35976625074261,0.06847968833432348,19.0,32.35976625074261,0.9894706243332045,0.1802262157277444,0.025333333333333333,0.2333820509573356,0.6279893456519657
behavior_yoked,754025,0,connected_initial,connected,750,0.3271404988555517,nan,0.19503036278593874,-0.1270369258160453,-0.11817825766817734,-0.38731859176509703,0.3132086204541161,0.2518652133510123,-0.00815836883562599,-0.003972566619307093,-0.01888216647709454,-0.007098746193123,-0.0020780571130480886,-0.021326686579631115,0.08431843433365581,0.04589849743989388,0.005333333333333333,0.0,0.07592687089777013,0.04656499161770465,48.207517237045366,0.06427668964939381,20.0,28.207517237045366,0.9990578909989928,0.15375587397537302,0.02666666666666667,0.29812416163667416,0.636773794588442
behavior_yoked,754025,1,yoked,yoked,750,-0.0013678511250494027,nan,1.41533355012575,1.1569024159804546,1.417364596161125,1.1577742062058727,-0.0020310460353745842,-0.0007932170597234611,-0.0012670262219279648,-0.0013094396008731363,-0.0010762984926094626,-0.0007423089575762451,-0.0018446921239535469,-0.0007043386009042212,0.984838217164174,0.988721887136621,0.0,0.0,2.9960941859752492,0.046541148766412965,36.284446681177855,0.04837926224157047,22.0,14.284446681177851,0.14688420562411622,3.5570282400069986,0.029333333333333333,-0.4274160671746515,0.04280270931639004
behavior_yoked,754025,2,connected_restored,connected,750,0.32598633583940495,nan,0.2132142290822048,-0.15649072319370771,-0.13954208025178358,-0.4283545693671841,0.3527563093339884,0.24682430497713448,-0.01325495620120831,-0.02120601253035949,-0.01946999713734826,-0.013260638688870046,-0.020590849455145527,-0.0207459606509373,0.08805215638264147,0.04399789708522855,0.005333333333333333,0.0,0.08757862519454972,0.05657733016149572,56.55181739084125,0.07540242318778834,29.0,27.55181739084125,0.9977932968140358,0.15478984183787242,0.03866666666666667,0.3425206916763856,0.7062727030214122
behavior_yoked,754026,0,connected_initial,connected,750,0.3096551928386637,nan,0.17680974401534827,-0.16542458112400094,-0.13038903324707116,-0.38422161278744843,0.30719877726241945,0.22756070618393862,-0.012155630750465291,-0.010514350665068029,-0.008679841106740466,-0.011847458619904846,-0.009233788010448022,-0.0070117995882131665,0.08108986695243207,0.044804365782691924,0.005333333333333333,0.0,0.08072045578998746,0.05111991673279838,52.588673651386145,0.07011823153518153,25.0,27.588673651386145,0.99810591158571,0.15320672204128227,0.03333333333333333,0.33561251531481845,0.6604148548501324
behavior_yoked,754026,1,yoked,yoked,750,-0.0004915051331372622,nan,1.4487623564206042,1.1835084360469441,1.4474012140372918,1.1773721208729628,0.0013611423833120302,-0.00038361672470205166,0.000140652817574786,0.0010944804023461986,-0.00017225211726174785,-6.205017578463779e-05,0.001776475106367166,-0.00017744181220586707,1.0530175893747757,1.0502771647557572,0.0,0.0,3.081200767449959,0.040412335187169586,35.11666231588494,0.04682221642117992,19.0,16.116662315884938,0.14892795138010478,4.045555592710042,0.025333333333333333,-0.49776408768092284,0.06300969427362563
behavior_yoked,754026,2,connected_restored,connected,750,0.25635518582419736,nan,0.12330293702950008,-0.22722937594992232,-0.15436306888141207,-0.4254071370509984,0.2776660059109122,0.1928409964560784,-0.01735879885598468,-0.019888298295297407,-0.007448040129724113,-0.01738353438879418,-0.018055382747720165,-0.0079383544533377,0.07293097653680274,0.04278947054639168,0.010666666666666666,0.0,0.07210195675561926,0.04112603202081266,45.21916917606957,0.06029222556809276,17.0,28.219169176069574,0.9912901667713359,0.15423598371376548,0.02266666666666667,0.24058258673593738,0.6398292439887056
behavior_yoked,754027,0,connected_initial,connected,750,0.292593059859793,nan,0.22224808144361202,-0.16223757307372239,-0.10290150785879412,-0.38269602400709907,0.3251495893024062,0.21548764194494308,-0.0059979269652819436,-0.006290665619273608,-0.007281903276236113,-0.005871195868433271,-0.005295407925169082,-0.006275583732646347,0.08911972803214273,0.04735208520039576,0.0026666666666666666,0.0,0.08830730515765667,0.05689008616965127,57.72189956064291,0.07696253274752388,26.0,31.721899560642907,0.9948775073884517,0.1755749077318238,0.034666666666666665,0.3330023059174825,0.6802056280889966
behavior_yoked,754027,1,yoked,yoked,750,-0.012125524288635892,nan,1.4196510152333985,1.162852701299069,1.429230087601512,1.1679169489396855,-0.009579072368113787,-0.005280908127398898,0.00012746650487178328,0.0007367469076230034,0.0001222980238976059,-0.0006214703301903021,0.0007739337032570516,0.0001602255220584141,0.9957692632413376,1.0143461386816366,0.0,0.0,2.9179515284678534,0.039658258964995904,31.659334795355505,0.04221244639380734,23.0,8.659334795355505,0.11410723609760409,3.5176385100446734,0.030666666666666665,-0.4014944196383053,-0.04189188112262521
behavior_yoked,754027,2,connected_restored,connected,750,0.23234068296281657,nan,0.17126257637696202,-0.19171894007668216,-0.10219867336694294,-0.37643818442481686,0.27346124974390495,0.15717091935364735,-0.015036213697274292,-0.0077923830220089745,-0.010643759908385784,-0.014184410615991596,-0.005587434811853297,-0.009608920158235234,0.08022063653442259,0.04729584060835606,0.008,0.0,0.08112862454761649,0.04815095941487654,51.51933634366052,0.06869244845821403,21.0,30.51933634366052,0.9734202484233652,0.17410438438887407,0.028,0.25935081261377063,0.646382000991726
behavior_yoked,754028,0,connected_initial,connected,750,0.34533601056672575,nan,0.171650405101984,-0.176275431250411,-0.198566341006707,-0.45071003189822745,0.3702167461086909,0.26765476980508685,0.001319035658630596,-0.0018039813175107036,-0.011117092283309087,0.0017925541888034035,-0.001645535471794408,-0.00973766989604599,0.08087302008751951,0.03885387600673789,0.004,0.0,0.07335112428779063,0.05308890883670263,52.3511156186309,0.06980148749150787,24.0,28.351115618630892,0.9985028322737988,0.15747825313457506,0.032,0.3845205484832264,0.6953216568932166
behavior_yoked,754028,1,yoked,yoked,750,-0.006050694013168616,nan,1.4415289166869807,1.1612040964837569,1.4483910725868103,1.1668454378468862,-0.006862155899829895,-0.0023312558081124424,6.088048400624002e-05,-0.00020403558569229263,-0.00014526559635740202,0.0004210246701851433,0.00021865920490960042,-0.00039391829857905194,1.0457796296979458,1.0598203003520716,0.0,0.0,2.4472657877913733,0.02894529514784048,23.509038363870175,0.031345384485160235,14.0,9.509038363870175,0.1311428965635741,2.9997003880019886,0.018666666666666668,-0.4552483746659757,-0.038267730962585345
behavior_yoked,754028,2,connected_restored,connected,750,0.2437656457930225,nan,0.11130280183477985,-0.2168830595584746,-0.14020491412876995,-0.395505784464545,0.2515077159635498,0.1865425700719883,-0.015456219944176548,-0.011260068874439377,-0.00937095165373812,-0.0147176172816769,-0.010019089897363068,-0.00919447221604506,0.07151193078408415,0.043962296264487465,0.005333333333333333,0.0,0.06832934701803156,0.040964621680895486,45.50511521943811,0.060673486959250816,18.0,27.50511521943811,0.9925708221621768,0.1533421318286336,0.024,0.25165145598664096,0.5912661725688033
behavior_yoked,754029,0,connected_initial,connected,750,0.34873038271933926,nan,0.13167340519798795,-0.14185358924753116,-0.20435576099842237,-0.4595109019234689,0.3360291661964103,0.259995310277342,-0.0076932601250197605,-0.01674560275113281,-0.006335228961660537,-0.007208156050514276,-0.015887153555532246,-0.006112786440629859,0.07439986218453244,0.038425172369430646,0.005333333333333333,0.0,0.06836808652029559,0.04596964539246952,48.39997242246611,0.06453329656328814,22.0,26.399972422466103,0.9986528151011023,0.14487578626530873,0.029333333333333333,0.3464851927428346,0.6563972665916571
behavior_yoked,754029,1,yoked,yoked,750,-0.01050553944138909,nan,1.413553540445794,1.1474221276213306,1.4235859703508225,1.1484886511004873,-0.010032429905028346,-0.005656070751141717,0.0006821106411619957,-0.001167146378606556,0.000745262427745297,-0.001061801603122363,-0.0011962453492708135,0.0005685183396476407,0.9824133157854358,1.0024231381272242,0.0,0.0,2.648226815004679,0.048115130329453276,37.59741176219673,0.05012988234959564,29.0,8.597411762196728,0.11974549018740459,3.210655152417537,0.03866666666666667,-0.32791379292278156,-0.012446136624985995
behavior_yoked,754029,2,connected_restored,connected,750,0.30493002772921324,nan,0.1593548833486673,-0.16838661587487264,-0.15826900495052018,-0.4374511368333599,0.3176238882991875,0.2258594710544188,-0.018895058641470456,-0.014967187057206137,-0.016277514928269142,-0.018084818767869177,-0.013869807497390554,-0.015972797632433155,0.07996366017976246,0.04245223462729014,0.006666666666666667,0.0,0.08135434739853087,0.05118941550802844,52.24991280876135,0.06966655041168181,22.0,30.24991280876135,0.9901063146092165,0.16870142525469567,0.029333333333333333,0.33500194109278286,0.6851879008377909
behavior_ungated,751000,0,connected_initial,connected,750,0.09111728004202478,nan,-0.07238670308750533,-0.35672737518539277,-0.15455783328738892,-0.4428365482934119,0.08217113019988359,0.08494913568855872,-0.0037595747113531143,-0.0028986558966422075,0.019798119889105674,-0.004362798515981036,-0.0032716452581619086,0.01909929382407699,0.05013563585150005,0.04257837938900022,0.0,0.0,0.04595949720891474,0.011493115145532081,23.632003260196864,0.031509337680262484,0.0,23.632003260196864,1.0,0.1259388990202456,0.0,-0.30100380938190613,nan
behavior_ungated,751000,1,disconnected,disconnected,750,-0.0123318165140163,nan,-0.15108203633644887,-0.42522218697674596,-0.14024599559926648,-0.4219707148506055,-0.010836040737182393,-0.010637097937142348,-0.0027301452419527562,-0.00039810815666690833,-0.0017617296812839592,-0.0024691334635890886,-0.0013445950632328435,-0.001929614523705451,0.04296854326915329,0.04394905202038702,0.0,0.0,0.1095895274037257,0.027416341696185332,217.41499410734886,0.28988665880979847,0.0,217.41499410734886,1.0,1.1592814097132769,0.0,-0.7834335624267458,nan
behavior_ungated,751000,2,connected_restored,connected,750,0.025578613933989726,nan,-0.09765068224041894,-0.3664372523999294,-0.12345893252619539,-0.39520747582080984,0.025808250285776428,0.025842388753457346,-0.011799768593064967,-0.014115968577866829,0.005667504887249767,-0.009647190966487704,-0.01287499022411823,0.005667006280687815,0.0479027258565749,0.0454931362795773,0.0,0.0,0.044230854365643314,0.011048739805564796,23.510903353487365,0.03134787113798315,0.0,23.510903353487365,1.0,0.1255309737896431,0.0,-0.28984771936770115,nan
behavior_ungated,751001,0,connected_initial,connected,750,0.06363011984579407,nan,-0.1243740419264028,-0.39382230375725924,-0.18232661593191457,-0.45682131329421477,0.05795257400551174,0.060664339790519495,0.0003717140151377274,-0.003660430344347081,0.024255026805838697,0.0010211370794385916,-0.004578669294110499,0.022980265127164744,0.04559407873418866,0.04053603696278947,0.0,0.0,0.045575400299718655,0.011364681586669097,25.159570664911072,0.03354609421988143,0.0,25.159570664911072,1.0,0.13404601219088533,0.0,-0.348345025750453,nan
behavior_ungated,751001,1,disconnected,disconnected,750,-0.014134522658534479,nan,-0.1680867893732005,-0.4427243813177788,-0.1550705541062739,-0.41588830046992475,-0.013016235266926605,-0.01427369661425043,-0.002365689673140816,-0.0017468222014757734,-0.0059046648838833645,-0.003348093880374654,-0.0017598021316983232,-0.005995431516537078,0.04156902250342482,0.04266042245579205,0.0,0.0,0.12680663610900259,0.03170606850239987,206.2659908944018,0.27502132119253575,0.0,206.2659908944018,1.0,1.100003520690743,0.0,-0.8239042629713964,nan
behavior_ungated,751001,2,connected_restored,connected,750,0.024075559508525544,nan,-0.09719087003678552,-0.37379367161770843,-0.12107020272349879,-0.4112247045875308,0.02387933268671326,0.024644975645433054,-0.008868904366488581,-0.014450093096000543,0.0003393403379960828,-0.009183898488749715,-0.013855891526237963,-0.0005543720801437634,0.04793137509907943,0.045684509377125315,0.0,0.0,0.04519279284811291,0.011349316313476097,22.680839087646362,0.030241118783528483,0.0,22.680839087646362,1.0,0.12103435562912904,0.0,-0.30358492223142053,nan
behavior_ungated,751002,0,connected_initial,connected,750,0.09968943565548156,nan,-0.11810919986268327,-0.3607133369512224,-0.2010894967584452,-0.44968538025096394,0.08298029689576193,0.10518277311973562,0.0013617793669680215,-0.002496352390826927,0.02164371495420742,0.0016754987147178818,-0.0007572625148573626,0.02138726397619785,0.0460970598478087,0.03891850292925227,0.0,0.0,0.04267180271454813,0.01067022185209008,24.35720032684845,0.0324762671024646,0.0,24.35720032684845,1.0,0.1300205329267979,0.0,-0.3247790078503346,nan
behavior_ungated,751002,1,disconnected,disconnected,750,-0.012356580891396822,nan,-0.18308449110924366,-0.43327991328306514,-0.17463239869657166,-0.4317682359511211,-0.008452092412672026,-0.00955150615228606,0.00350771550914677,-0.0016096126248413142,-0.001811083483112737,0.003972218868732282,-0.001388952540901474,-0.0027628570601141446,0.04027482221310725,0.0409496625448121,0.0,0.0,0.09715080130428606,0.024287225821150085,217.49514585922662,0.28999352781230214,0.0,217.49514585922662,1.0,1.1600497566292918,0.0,-0.7668910797417593,nan
behavior_ungated,751002,2,connected_restored,connected,750,0.028161581987517052,nan,-0.11931236866773262,-0.36823756424355814,-0.14793957016320755,-0.4034821823602698,0.028627201495474902,0.029242441763487725,-0.01502476678878504,-0.01701424690407579,0.0034630939421593635,-0.014406848731917927,-0.01784652555270675,0.0029922671076778153,0.046007381141512496,0.043442458150521494,0.0,0.0,0.04034954389056734,0.010082632741080661,21.318537022430768,0.02842471602990769,0.0,21.318537022430768,1.0,0.11367449077521839,0.0,-0.2423726492024499,nan
behavior_ungated,751003,0,connected_initial,connected,750,0.10238765777031332,nan,-0.07955419139914748,-0.33153679468385433,-0.17368442553962188,-0.4507941220444083,0.0941302341404744,0.10233843561353562,-0.005239292740444945,-0.008230894031960688,0.012114636889036736,-0.004699615890369566,-0.007768195818280795,0.013444171075467394,0.049712330663002555,0.04116411325322459,0.0,0.0,0.044528018938307344,0.011165099324051289,23.430686241122494,0.031240914988163327,0.0,23.430686241122494,1.0,0.12457758062218831,0.0,-0.3032665738217996,nan
behavior_ungated,751003,1,disconnected,disconnected,750,-0.01563921921450226,nan,-0.2363857811135693,-0.4976357278390635,-0.22508137169016035,-0.48811300694868764,-0.011304409423409045,-0.009561135765089435,-0.0031261537015714585,-0.0024862325578596705,-0.0022949961983072817,-0.002370744420301474,-0.0023573099302866287,-0.0027974659575905666,0.036229596955190936,0.03705402732660562,0.0,0.0,0.10821076178259852,0.026912278110964263,209.05810779893403,0.27874414373191203,0.0,209.05810779893403,1.0,1.1136828881145764,0.0,-0.8172190029762959,nan
behavior_ungated,751003,2,connected_restored,connected,750,0.023721674628214694,nan,-0.08414654604518572,-0.35106032313321056,-0.10684005573483853,-0.3788832758117016,0.02269350968965283,0.02568314659036086,-0.016910607926413274,-0.015456556228913919,0.0027916459152428413,-0.01602578881559811,-0.0144957973755587,0.002921632467672083,0.04931552822325353,0.047099264443989784,0.0,0.0,0.04879865933489069,0.012195944693403439,22.419885090715006,0.029893180120953343,0.0,22.419885090715006,1.0,0.11956796094058367,0.0,-0.3462151644440884,nan
behavior_ungated,751004,0,connected_initial,connected,750,0.11438187226190108,nan,-0.0497211147055256,-0.2918706043363499,-0.1511077883622319,-0.4042222362948692,0.10138667365670628,0.10742588521600474,0.0011082620687234551,-0.006789554857627799,0.020650146852479425,0.0014350774340136567,-0.005788166948469306,0.01973231198618261,0.05262057941419873,0.04300915210821652,0.0,0.0,0.04520305879852509,0.011284183950934805,22.837725247498508,0.03045030032999801,0.0,22.837725247498508,1.0,0.12177804272407279,0.0,-0.2617490143295428,nan
behavior_ungated,751004,1,disconnected,disconnected,750,-0.015974466723154886,nan,-0.1901005406756818,-0.47886238882758425,-0.1783884307433065,-0.4607541264362005,-0.01171210993237527,-0.015203837950602594,-0.0005055642363718327,-0.0011989820326246045,-0.001637868851156549,-0.0003959121144510679,0.0001399174215260865,-0.002360984310447327,0.03965601905740107,0.04059680240701953,0.0,0.0,0.10224399492008371,0.025558652687408027,186.73688693475546,0.24898251591300727,0.0,186.73688693475546,1.0,0.9965677879264334,0.0,-0.7853770014935374,nan
behavior_ungated,751004,2,connected_restored,connected,750,0.024111530494778738,nan,-0.09134613738671103,-0.380782715180782,-0.11537544802388382,-0.4135527989015235,0.024029310637172795,0.024618852367239985,-0.01372885365049529,-0.017983931552035093,0.004105309473265339,-0.012220429960862238,-0.016889138004082337,0.003814717294502711,0.04840656625050775,0.04613904121302664,0.0,0.0,0.046639668744884816,0.011676649534342939,24.881826478053092,0.033175768637404124,0.0,24.881826478053092,1.0,0.1323584822167463,0.0,-0.32331779639990066,nan
behavior_ungated,751005,0,connected_initial,connected,750,0.09230834743343794,nan,-0.08295464989792364,-0.36546321898148704,-0.16547961285926424,-0.45474963576748084,0.08252496296134061,0.0883125673284858,0.003405349857710681,-0.002210815696641046,0.01928334011291743,0.0015724062263249678,-0.0030500058443568346,0.01926445358785376,0.04930667598740104,0.0418667914699942,0.0,0.0,0.044904939732731124,0.011226466259483625,22.903517644840097,0.03053802352645346,0.0,22.903517644840097,1.0,0.12214619450348857,0.0,-0.2877075850258932,nan
behavior_ungated,751005,1,disconnected,disconnected,750,-0.009775313571139777,nan,-0.17451477099511103,-0.4792110912772199,-0.16858938103583138,-0.47409028558452204,-0.0059253899592796476,-0.006936302665596972,-0.0028818300749838786,-0.0009870723294556649,-0.00013165868835918838,-0.003014408653652399,0.00019688439504668586,-0.0010290989008488196,0.04091584627546602,0.041376535161618135,0.0,0.0,0.09690023477470575,0.024255568507432056,201.23579523734767,0.2683143936497969,0.0,201.23579523734767,1.0,1.072526473429171,0.0,-0.7609887712650875,nan
behavior_ungated,751005,2,connected_restored,connected,750,0.022389176550871356,nan,-0.13190550817870497,-0.4147796723855829,-0.15454421646283853,-0.4427110004725018,0.02263870828413358,0.02217878664280795,-0.01442646098719008,-0.011679676331702998,0.0060394077903025666,-0.013889406121909266,-0.011169714970645991,0.006250810368568973,0.044583373739979344,0.042610046238704825,0.0,0.0,0.04433528750428004,0.01108596515124871,23.202802111487596,0.03093706948198346,0.0,23.202802111487596,1.0,0.12382970823976745,0.0,-0.34532268002513966,nan
behavior_ungated,751006,0,connected_initial,connected,750,0.09797637136548798,nan,-0.05278228639920673,-0.3544308926581603,-0.14138623788449758,-0.4285640838927156,0.08860395148529086,0.09069308286345806,-0.006822606182837757,-0.0072130407486098785,0.00994150423087255,-0.00677823625717862,-0.007155532934937933,0.009139747403561974,0.052246873587502005,0.04373130391532233,0.0,0.0,0.04681461756133467,0.0117038663179221,21.992523270716966,0.029323364360955954,0.0,21.992523270716966,1.0,0.117289548835386,0.0,-0.2933552895654761,nan
behavior_ungated,751006,1,disconnected,disconnected,750,-0.009017415122651968,nan,-0.19064092242704755,-0.47259479809537075,-0.1872772583959905,-0.4593690339214651,-0.0033636640310570763,-0.0048226554500137575,-0.0007218915529258881,-0.0017723930959316011,-0.0003052079187312462,9.797514369248212e-05,-0.0005627899264456071,-0.0006505946387268929,0.039621966821703464,0.039866447692420974,0.0,0.0,0.09494943539777553,0.02373486950919838,205.91416841546277,0.27455222455395034,0.0,205.91416841546277,1.0,1.0981514893446087,0.0,-0.7634049347139529,nan
behavior_ungated,751006,2,connected_restored,connected,750,0.02291166559665306,nan,-0.10178869830317762,-0.34290358041888735,-0.1246392348107748,-0.3701324401949268,0.022850536507597163,0.02377545535115838,-0.016537446064261458,-0.020254091737895562,0.005700518532641172,-0.01453874114324249,-0.019417523657373034,0.005391411273286974,0.0474515765938645,0.04531973130019771,0.0,0.0,0.04524967755342655,0.011312718168896464,23.387241570128012,0.03118298876017068,0.0,23.387241570128012,1.0,0.12472911821068283,0.0,-0.31121279692813103,nan
behavior_ungated,751007,0,connected_initial,connected,750,0.10084176505684538,nan,-0.1402584113002253,-0.4065363795423189,-0.2340368892294723,-0.5019276646821635,0.09377847792924703,0.09829369567140783,-0.006966057015654826,-0.007279146973945699,0.014877194399908873,-0.007166633235028459,-0.006623869266831261,0.016420143141579,0.043944802141563676,0.03649776024668672,0.0,0.0,0.0375720530971582,0.009385584412854172,21.86440455011815,0.02915253940015753,0.0,21.86440455011815,1.0,0.11641288635773658,0.0,-0.2518004474210611,nan
behavior_ungated,751007,1,disconnected,disconnected,750,-0.007372309958131029,nan,-0.17240940609818672,-0.44669381838906097,-0.1659659467353929,-0.4342097728523315,-0.006443459362793824,-0.003917903714713289,-0.0007580038952792263,-0.0026410415817139203,-0.0011619173399356534,-0.0006200838649266561,-0.0028165439748020506,-0.0011352271322749676,0.04110684313868551,0.04163939399076623,0.0,0.0,0.10614989433320733,0.026540916069005643,194.85666858807434,0.2598088914507658,0.0,194.85666858807434,1.0,1.0394275457191506,0.0,-0.7851314200393874,nan
behavior_ungated,751007,2,connected_restored,connected,750,0.020210563050647036,nan,-0.15065139739513309,-0.43461794141087096,-0.1705986809819021,-0.4568708048288963,0.01994728358676903,0.019397505714502883,-0.014842628225302351,-0.013664994321908985,0.0035944071282072243,-0.01399488105992603,-0.012807763375621412,0.0038968782487045182,0.0429945159504079,0.041304725872545564,0.0,0.0,0.04338637383249867,0.010840337518372508,22.720469088873976,0.0302939587851653,0.0,22.720469088873976,1.0,0.12092849154469146,0.0,-0.36152021906063464,nan
behavior_ungated,751008,0,connected_initial,connected,750,0.09881695401734565,nan,-0.07821501033096465,-0.3406036408315276,-0.16846970238850212,-0.4370339882476605,0.09025469205753747,0.10090795217603232,-0.007117781935735918,-0.00567403690142839,0.01342515302222884,-0.006384487275477734,-0.005272796421485815,0.013280456730163318,0.04969825041442724,0.041533884623598374,0.0,0.0,0.04233017258048652,0.010582081089986971,22.596967594976523,0.030129290126635365,0.0,22.596967594976523,1.0,0.12052264055923509,0.0,-0.21698321258694503,nan
behavior_ungated,751008,1,disconnected,disconnected,750,-0.019021527771784775,nan,-0.20035365844493727,-0.47497878440885677,-0.1864508824600976,-0.47326831543194586,-0.013902775984839626,-0.01469718378189011,-0.0030154342984307914,-0.0034540059956252238,-0.0032576422962409227,-0.0014904671125166337,-0.002835649833232837,-0.004424466593968131,0.039121008286399514,0.04028515115425324,0.0,0.0,0.11480519679658434,0.028717861453490937,198.27615317986425,0.264368204239819,0.0,198.27615317986425,1.0,1.0596250941781082,0.0,-0.8156578797352927,nan
behavior_ungated,751008,2,connected_restored,connected,750,0.02448879328436731,nan,-0.15411824920130193,-0.4001205268138395,-0.17836668425824942,-0.42460520142220115,0.024248435056947477,0.02465271342261577,-0.015211259967225338,-0.010576437406045013,0.003550531379625131,-0.015148674203175873,-0.009603516357982698,0.0032226414930700653,0.042561894607126886,0.040538962875106666,0.0,0.0,0.039909641230463005,0.009945173746460248,22.36447744933622,0.029819303265781628,0.0,22.36447744933622,1.0,0.11956235987291247,0.0,-0.30064582621132596,nan
behavior_ungated,751009,0,connected_initial,connected,750,0.11008059314642275,nan,-0.1366256249943018,-0.3796059804249622,-0.23595051615255666,-0.5018351418543396,0.09932489115825482,0.10915103267719373,-0.0011083513038886684,0.003581859013999622,0.020873192279556703,-0.0011017621253496606,0.003258560152802085,0.020243567851527377,0.04404236937380398,0.03619501694838498,0.0,0.0,0.03910027507506686,0.009766335259192307,21.90184372015702,0.029202458293542694,0.0,21.90184372015702,1.0,0.11693843699564381,0.0,-0.3059742850925415,nan
behavior_ungated,751009,1,disconnected,disconnected,750,-0.021429843204300747,nan,-0.18749407099426146,-0.4617285712526118,-0.16704119941801845,-0.42907741441517644,-0.020452871576242992,-0.01916765470627807,-0.002800067804490063,0.002143895675482941,-0.0034085231540655282,-0.002826321379740128,0.0010041915456070834,-0.003339453924988373,0.039961422013791166,0.04165140887614632,0.0,0.0,0.11317988529969655,0.02828943150731681,214.51923936357838,0.2860256524847712,0.0,214.51923936357838,1.0,1.1439280372863654,0.0,-0.8088338681001537,nan
behavior_ungated,751009,2,connected_restored,connected,750,0.025358110236569732,nan,-0.12461511636734528,-0.4129668883810234,-0.14965732471584292,-0.4321468393296394,0.02504220834849766,0.025229659800270476,-0.011203220549181788,-0.011825187184347207,0.004991933062831051,-0.009842545802127513,-0.010852198694209041,0.004608366385235006,0.04520828278773381,0.04298146329131082,0.0,0.0,0.04275792148050103,0.010683622274161836,23.52894735247002,0.03137192980329336,0.0,23.52894735247002,1.0,0.12524228914934732,0.0,-0.31592500781406274,nan
behavior_ungated,751010,0,connected_initial,connected,750,0.09053318613046982,nan,-0.0969135786586008,-0.3411896935874568,-0.1781756841053917,-0.42692481462433157,0.08126210544679086,0.08920918612812556,-0.01865255900773925,-0.00327336899255592,0.005533252192504349,-0.017928588367017925,-0.002996960711639237,0.00629714818698135,0.04792891677471928,0.04079524356194965,0.0,0.0,0.04446298072050214,0.01107738250330577,23.90342106370087,0.03187122808493449,0.0,23.90342106370087,1.0,0.12726307981209437,0.0,-0.32019358002519294,nan
behavior_ungated,751010,1,disconnected,disconnected,750,-0.0066857907416907865,nan,-0.19344293184888822,-0.44919888592558355,-0.188502196320946,-0.4487333294163479,-0.004940735527942204,-0.006767153007110394,-0.0031674537976848468,-0.0033819590531542604,-0.0008049513767576313,-0.0033529677383786318,-0.002975148522225427,-0.0013783116706038048,0.03952265229617936,0.03992490199392839,0.0,0.0,0.10982429515120622,0.027462383977692715,217.56245527541944,0.29008327370055925,0.0,217.56245527541944,1.0,1.1604298558652457,0.0,-0.8000047123298241,nan
behavior_ungated,751010,2,connected_restored,connected,750,0.023451054796044483,nan,-0.12448264827343203,-0.3640706489418056,-0.14733073340810324,-0.3858491013340043,0.022848085134671237,0.02257298962591292,-0.017044504534398035,-0.015062861950488192,0.0014911690378805241,-0.016750900533641592,-0.014652994457929832,0.0004212426037080627,0.04542260212685896,0.0434004297627096,0.0,0.0,0.04511339074506304,0.011287901085202874,24.309666353383868,0.03241288847117849,0.0,24.309666353383868,1.0,0.13008553356613667,0.0,-0.3399667260691032,nan
behavior_ungated,751011,0,connected_initial,connected,750,0.07068521500504431,nan,-0.12419353381647359,-0.36893221843167967,-0.1817315750470688,-0.4217862641199704,0.05753804123059523,0.07175951543039139,-0.006565129938232721,-0.006620354345619148,0.017813450017354987,-0.005999470368006366,-0.007506560620959668,0.017681729677126643,0.04536068174573331,0.04048148335286117,0.0,0.0,0.04549488296973033,0.01137163626233315,24.704341023581698,0.0329391213647756,0.0,24.704341023581698,1.0,0.1318354011552345,0.0,-0.34120929870393757,nan
behavior_ungated,751011,1,disconnected,disconnected,750,-0.01482617370716937,nan,-0.16605726374907648,-0.4645486242180249,-0.15445891622186755,-0.45781271527676304,-0.011598347527208912,-0.00857241943079648,-0.0032924108612383284,-0.0027118052216157443,-0.003283745657500124,-0.003981214342148583,-0.0023973449910708287,-0.004030935216528209,0.041679938255509204,0.04267598705492767,0.0,0.0,0.11348227702953766,0.028170257442439908,217.49289782913078,0.28999053043884104,0.0,217.49289782913078,1.0,1.1627561000601074,0.0,-0.7992390634176199,nan
behavior_ungated,751011,2,connected_restored,connected,750,0.021983180607172855,nan,-0.10665035580316101,-0.387195908575062,-0.1285255066701127,-0.4134949542603826,0.021875150866951677,0.02175152492758825,-0.011517314899799857,-0.012154865839196987,0.005822025162173397,-0.011245497692421206,-0.011847596263977892,0.0060402667896569595,0.04693169223340981,0.044925090141676574,0.0,0.0,0.04559499424707734,0.011385475322038685,23.480054576702955,0.03130673943560394,0.0,23.480054576702955,1.0,0.12538468423318655,0.0,-0.33366162354180084,nan
behavior_ungated,751012,0,connected_initial,connected,750,0.07755745414771123,nan,-0.12663821993450738,-0.40070262022239417,-0.19169904560324771,-0.47589391400512804,0.06506082566874033,0.07807804402933954,-0.0046490554381070125,0.0006368721168725886,0.01921123276020594,-0.0034530260259340744,0.0007365700691622506,0.019366313528994334,0.04503520496951183,0.03954628666420635,0.0,0.0,0.04483542975986386,0.011212170206421828,24.61588228751278,0.03282117638335037,0.0,24.61588228751278,1.0,0.1312205195076243,0.0,-0.357823758699303,nan
behavior_ungated,751012,1,disconnected,disconnected,750,-0.020510178515448008,nan,-0.19915253137938954,-0.4749332796075069,-0.18063588238934597,-0.4553628612770575,-0.01851664899004358,-0.01821603202295946,-0.005935444971456386,-0.0017948069935720809,-0.0046590760927759,-0.00409503056645195,-0.0009775392779277276,-0.004150288865790763,0.03904152584622412,0.040550555996258925,0.0,0.0,0.1326850216738609,0.033175985356024236,223.7368849698599,0.29831584662647986,0.0,223.7368849698599,1.0,1.1934437195468186,0.0,-0.8439139607463448,nan
behavior_ungated,751012,2,connected_restored,connected,750,0.024615340298921002,nan,-0.12052225185059293,-0.3637879961568633,-0.1456927244481551,-0.39857833513179397,0.025170472597562162,0.02572864549793291,-0.008988080075171672,-0.012688620390297167,0.009695063096275654,-0.007279397138903642,-0.0116866388790248,0.009969077100928102,0.04575868858550353,0.04350480272468811,0.0,0.0,0.041790024784297136,0.010447028094068073,21.949020454549256,0.029265360606065674,0.0,21.949020454549256,1.0,0.11733857572740802,0.0,-0.30676959407617616,nan
behavior_ungated,751013,0,connected_initial,connected,750,0.08135582125583554,nan,-0.1357674099138427,-0.37305242416291373,-0.20822096199647205,-0.4539658575294806,0.07245355208262935,0.08399430418336934,-0.0075099476043263705,-0.009055552664349343,0.013920568407702949,-0.006763116574323253,-0.008344759066563458,0.013260345381812423,0.04406811890251595,0.03820521908778118,0.0,0.0,0.04180825560542367,0.010452001013318009,22.299041849802364,0.029732055799736486,0.0,22.299041849802364,1.0,0.11872202720216586,0.0,-0.30701123777420375,nan
behavior_ungated,751013,1,disconnected,disconnected,750,-0.016863588571450143,nan,-0.18763121484682763,-0.44978011414628044,-0.17402953716480976,-0.43627972591306985,-0.01360167768201788,-0.015195574092674413,-0.002080346085089777,-0.00027067856311594916,-0.00263186299285184,-0.0015329193221965802,-0.0007807914163763873,-0.0031762259558056035,0.039898919970383306,0.0410313803341688,0.0,0.0,0.11314501511600708,0.028312229514274853,192.04721413557058,0.2560629521807608,0.0,192.04721413557058,1.0,1.0223829081717157,0.0,-0.808485427896232,nan
behavior_ungated,751013,2,connected_restored,connected,750,0.024430381909177536,nan,-0.14305019161612254,-0.44293730225204647,-0.16782125061913147,-0.4692856701228081,0.02477105900300892,0.02533329286319652,-0.017522090806951742,-0.01285027993683417,0.005211805259590345,-0.015195565171236988,-0.012711163194753685,0.005113292718510225,0.04357720411982578,0.04145802331269277,0.0,0.0,0.04067287791186851,0.010160428894252877,22.427648604018234,0.029903531472024313,0.0,22.427648604018234,1.0,0.11952765427061707,0.0,-0.29826050378191554,nan
behavior_ungated,751014,0,connected_initial,connected,750,0.06330937449016538,nan,-0.08972561479683805,-0.3409171938569675,-0.14569839788388855,-0.4241414996867076,0.05597278308705052,0.06378439589834062,-0.006147444945877903,-0.004550488807521117,0.009657888425921626,-0.005823317189858414,-0.005951149857036014,0.011107470363981378,0.04855644127858932,0.043348951865232625,0.0,0.0,0.04715053810331816,0.011861270908896977,24.16053993209477,0.03221405324279303,0.0,24.16053993209477,1.0,0.12824730790670247,0.0,-0.305660405469717,nan
behavior_ungated,751014,1,disconnected,disconnected,750,-0.0206070949731766,nan,-0.17786629830997605,-0.4567872767777264,-0.16618408675819046,-0.4319282184955542,-0.011682211551785615,-0.011502507072129575,-0.0030200613858029244,-0.004851810339777075,-0.004523403142528801,-0.006070703317937705,-0.0041488408384449844,-0.007840532477825117,0.040960334828558376,0.04180273447973557,0.0,0.0,0.11464158071283617,0.0288260652866186,222.46852196282885,0.29662469595043844,0.0,222.46852196282885,1.0,1.1882060876195053,0.0,-0.8067840699146349,nan
behavior_ungated,751014,2,connected_restored,connected,750,0.025103164442487506,nan,-0.07268032256922577,-0.3604434056338884,-0.09799603143573836,-0.3928723023706375,0.02531570886651258,0.025675320142856006,-0.013512754191452626,-0.007812896524859963,0.007467580804196535,-0.012403827684469102,-0.007137348163886211,0.00721017535384628,0.05027309149956186,0.047777087150952996,0.0,0.0,0.044507075518039965,0.011167560049287279,22.61043674625001,0.03014724899500001,0.0,22.61043674625001,1.0,0.11993253903797188,0.0,-0.2536375365533144,nan
behavior_ungated,751015,0,connected_initial,connected,750,0.08981874323444052,nan,-0.1300307871572894,-0.4053473902818231,-0.21042135737374937,-0.492751598088149,0.08039057021645996,0.08949676497624498,-0.0024027666463162243,-0.002055211650938747,0.03129822935942433,-0.0025530337096270846,-0.001226016915689438,0.030860085609909257,0.044682826880014605,0.038161778160678846,0.0,0.0,0.0419871350896884,0.01044304566129303,23.8847257338,0.0318463009784,0.0,23.8847257338,1.0,0.12779934177349989,0.0,-0.32128125285003,nan
behavior_ungated,751015,1,disconnected,disconnected,750,-0.008302342366475925,nan,-0.16500758588196537,-0.43658514725152453,-0.16043010801819177,-0.4298271961903128,-0.004577477863773591,-0.005135484801543133,-4.0417767025696365e-05,-0.0022220796989316743,-0.003962401259142782,-0.0010869985881916955,-0.002475261345970785,-0.005254247625848285,0.04184062833715069,0.04226978148879348,0.0,0.0,0.10520407181283269,0.026429224157794293,201.5274535726768,0.2687032714302357,0.0,201.5274535726768,1.0,1.0759496756809368,0.0,-0.7787787306360591,nan
behavior_ungated,751015,2,connected_restored,connected,750,0.022011816951791184,nan,-0.17071273398127182,-0.44412200109840283,-0.19178400168569995,-0.46483983430678133,0.021071267704428086,0.022864432142125746,-0.015370785865625588,-0.016581790237942304,0.00031986003905811036,-0.015107450168412341,-0.015758604107526,0.00041919324105107363,0.04118009804646235,0.0394697212079725,0.0,0.0,0.041608256957432845,0.010422526118634364,23.27155990536509,0.031028746540486787,0.0,23.27155990536509,1.0,0.12427582102705897,0.0,-0.36111804344958887,nan
behavior_ungated,751016,0,connected_initial,connected,750,0.08608824121301246,nan,-0.11914091291655553,-0.37810337273661887,-0.19724313911744526,-0.4623947641273799,0.07810222620088972,0.08489160574352697,-0.005023136072254239,0.0008076076517432194,0.031044713234872706,-0.0048497716708323525,0.0014405984497026523,0.031138834080963875,0.045804578160343,0.0391752058028205,0.0,0.0,0.04211204176085491,0.010559904563650514,23.273511385550858,0.03103134851406781,0.0,23.273511385550858,1.0,0.12448640076100075,0.0,-0.2875948211534,nan
behavior_ungated,751016,1,disconnected,disconnected,750,-0.02489657675575098,nan,-0.1731332612288094,-0.4628805079477276,-0.1507146692286895,-0.4240934943106853,-0.02241859200011989,-0.02502371346581095,-0.0013577475494553337,-0.004488396046239506,-0.011553227882058792,-0.0012075253692741508,-0.005226008852550516,-0.011738051113357547,0.041211883141574715,0.04309294256794645,0.0,0.0,0.11905821209694652,0.029790686759981623,193.59098044370256,0.2581213072582701,0.0,193.59098044370256,1.0,1.031882360381499,0.0,-0.8143052676115293,nan
behavior_ungated,751016,2,connected_restored,connected,750,0.025080230998147972,nan,-0.08988890889934328,-0.35462240630775255,-0.11499587472005882,-0.3761744110947851,0.025106965820715525,0.025940220498129052,-0.009829136647850878,-0.013963984029715505,0.004744939615163044,-0.009052997637860159,-0.012658279044710286,0.003998025342157038,0.04844661139014486,0.0460700253002103,0.0,0.0,0.045390519093273046,0.011347940835786092,24.666395479001025,0.0328885273053347,0.0,24.666395479001025,1.0,0.13163833809126382,0.0,-0.3072346839082228,nan
behavior_ungated,751017,0,connected_initial,connected,750,0.10507253960777296,nan,-0.07770143232718853,-0.35713941844681585,-0.17663022115424656,-0.44162795849778896,0.09892878882705804,0.10201413141555932,-0.0007236347114970795,-0.002977802461950191,0.020154440065005795,8.05245277084985e-05,-0.0030286985940364145,0.02062692118841649,0.049715880839060124,0.04082922879048953,0.0,0.0,0.04249851015402576,0.010628027650458885,21.90008257269231,0.02920011009692308,0.0,21.90008257269231,1.0,0.11681356378779723,0.0,-0.25867760032032217,nan
behavior_ungated,751017,1,disconnected,disconnected,750,-0.008774678417005475,nan,-0.1507808978953771,-0.4405724998944348,-0.1451275804444417,-0.42658013243241305,-0.005653317450935359,-0.006383231934656841,-0.0024827249164299345,-0.0013740324863995032,-0.0009704800013308842,-0.001552404177236992,-0.0013528429625206968,-0.001018083122198792,0.043011719103154426,0.0435338142848701,0.0,0.0,0.10193123194323071,0.02541334727426293,221.3776436963721,0.2951701915951628,0.0,221.3776436963721,1.0,1.1821417785626234,0.0,-0.7626944361985728,nan
behavior_ungated,751017,2,connected_restored,connected,750,0.02426511188979555,nan,-0.11183769434746986,-0.36571964012764246,-0.13649642807765344,-0.38944555683608084,0.02465873373018359,0.02471541958489243,-0.015676077410906732,-0.01382247935766551,-3.3264439220457e-05,-0.014411568307473322,-0.012963457567997763,-0.0008377317514852942,0.04659379971811245,0.04433903140872864,0.0,0.0,0.042009113856225584,0.010487989842144559,22.010292135759755,0.029347056181013007,0.0,22.010292135759755,1.0,0.11726247114719601,0.0,-0.27226023364628443,nan
behavior_ungated,751018,0,connected_initial,connected,750,0.08859533672576216,nan,-0.06420521434083344,-0.3240553260241906,-0.14195206813409533,-0.40339473633092293,0.07774685379326193,0.08620688856191594,-0.0024357538727005604,-0.007582195564806673,0.014070726902007976,-0.0016799715304608928,-0.007177926944473066,0.013406888094037797,0.051016888942485274,0.043728560495285396,0.0,0.0,0.04817484014532337,0.012040442026555007,23.40423918646999,0.031205652248626654,0.0,23.40423918646999,1.0,0.12478677819345141,0.0,-0.32669920928762625,nan
behavior_ungated,751018,1,disconnected,disconnected,750,-0.016664536135220186,nan,-0.2205714863828229,-0.506759279400826,-0.20813002515455867,-0.48128575226256043,-0.012441461228264243,-0.013178145896375726,-0.0028094647343143726,-0.0007239151572690547,-0.0011881725766380484,-0.0025152657048490876,-0.0008575316505103226,-0.0017770057441419424,0.037350337239460414,0.03829021826552136,0.0,0.0,0.11476631195634741,0.028699205868254387,203.81455000865617,0.2717527333448749,0.0,203.81455000865617,1.0,1.086817876865761,0.0,-0.8247444743979276,nan
behavior_ungated,751018,2,connected_restored,connected,750,0.023494986912753153,nan,-0.09581601781369192,-0.3509478445381363,-0.11918816165355256,-0.3793405879367681,0.023372143839860658,0.02257649602570322,-0.015200044998618064,-0.01701950431487919,0.005718195411555524,-0.014953874806248725,-0.016231629999455478,0.00608377280195965,0.047951200885489875,0.04576762589346669,0.0,0.0,0.046295275314348495,0.011620248813706668,24.32010840808441,0.03242681121077921,0.0,24.32010840808441,1.0,0.12996736391946898,0.0,-0.32813721328486234,nan
behavior_ungated,751019,0,connected_initial,connected,750,0.10842820210372701,nan,-0.08644270731035188,-0.3227355814313342,-0.18433384811279072,-0.45003228084388197,0.09789114080243883,0.10610109640392074,-0.005740091364415898,-0.01240160361201324,0.017325340699882518,-0.005149751229071634,-0.01154054606844787,0.017128479544738,0.04955450088822392,0.040514585761639306,0.0,0.0,0.04028999319276408,0.010057066229969654,23.799893648598136,0.03173319153146418,0.0,23.799893648598136,1.0,0.12707672549806204,0.0,-0.19415016613604758,nan
behavior_ungated,751019,1,disconnected,disconnected,750,-0.022762743127869838,nan,-0.2076792738024463,-0.45737903962237303,-0.1884448780710752,-0.42668510840776386,-0.01923439573137107,-0.02134558728634256,-0.0057322847775376,-0.0010210803001495642,-0.0033377535815357824,-0.0042175141084075185,-0.00029070757314181815,-0.004026720408058701,0.03856668962302857,0.04017406071458656,0.0,0.0,0.11861677654316097,0.02961875358320449,213.7148427360932,0.28495312364812425,0.0,213.7148427360932,1.0,1.1386299695718884,0.0,-0.8258765470261372,nan
behavior_ungated,751019,2,connected_restored,connected,750,0.027521476881649194,nan,-0.10036518626491386,-0.3696384189836882,-0.1270271097366478,-0.387722119544081,0.026661923471733948,0.028879987747156,-0.01384210846260277,-0.01824771101798213,0.004161517740695543,-0.013205133439949326,-0.017444099406770143,0.00413040450825363,0.04767114933888662,0.04517683786430698,0.0,0.0,0.04384512580762705,0.010945932868387501,24.016053906478998,0.032021405208638665,0.0,24.016053906478998,1.0,0.12797131739886905,0.0,-0.2737935429534876,nan
behavior_ungated,751020,0,connected_initial,connected,750,0.07996532165862247,nan,-0.1396842422866922,-0.35679160615877537,-0.20814843371144778,-0.44942205430594506,0.06846419142475556,0.07372874084438455,-0.005381116647086015,-0.0017304920606509594,0.013465121019536805,-0.0052003155750955255,-0.0011789205125530143,0.014218798051873063,0.04422216755159257,0.03835536344502373,0.0,0.0,0.041545999775435445,0.010381675434902243,21.840373825362626,0.029120498433816835,0.0,21.840373825362626,1.0,0.116442254971101,0.0,-0.3005197607714851,nan
behavior_ungated,751020,1,disconnected,disconnected,750,-0.00974323013983676,nan,-0.2006693067468423,-0.4500860468984308,-0.19063543224485707,-0.4416083050029119,-0.010033874501985222,-0.009444662539775273,-0.002423517957634294,-0.00142258758432836,-0.001590986068609243,-0.0025367591415228954,-0.0008528396839573007,-0.0014870097414872176,0.038984608964794214,0.039772418975953114,0.0,0.0,0.10726977826231597,0.026829669224336217,214.71397831789164,0.2862853044238555,0.0,214.71397831789164,1.0,1.1448124063266698,0.0,-0.8006632672975272,nan
behavior_ungated,751020,2,connected_restored,connected,750,0.02374696879501254,nan,-0.10658158851247292,-0.3967263302599269,-0.12999532554842916,-0.427631806519739,0.02341373703595627,0.024653879315985838,-0.011859480456901158,-0.014080228704242316,0.006827133845880482,-0.011764596036406241,-0.013632288014785197,0.00659662394634685,0.047075332497941,0.04490295668772766,0.0,0.0,0.043917445257576807,0.010976973127837438,22.94688603017172,0.030595848040228957,0.0,22.94688603017172,1.0,0.12226513660666638,0.0,-0.30260185104588866,nan
behavior_ungated,751021,0,connected_initial,connected,750,0.0965650214405372,nan,-0.11419289244998042,-0.3609611204173173,-0.199295628363838,-0.45452867450536755,0.08510273591385759,0.10158012803905092,0.0015393512018283253,-0.006358677051310459,0.015658935245838303,0.0028823971615063873,-0.005097763108323079,0.01608085981948144,0.04637859432509411,0.039145330905810134,0.0,0.0,0.04120127694688464,0.010317288013044563,23.488262739926085,0.03131768365323478,0.0,23.488262739926085,1.0,0.12545683832619084,0.0,-0.26424962249420864,nan
behavior_ungated,751021,1,disconnected,disconnected,750,-0.013662784479075004,nan,-0.1952939363238126,-0.4662824138288309,-0.1874805514435794,-0.4464947655931042,-0.00781338488023323,-0.007541871003981571,-0.0014742223926413557,-0.0028591797561646477,-0.001389628525206622,-0.0021244963264991346,-0.003869495654391808,-0.0026439654749316824,0.03925193958101199,0.03985295753676947,0.0,0.0,0.10549978199422728,0.026693089331690865,201.5444399086811,0.26872591987824146,0.0,201.5444399086811,1.0,1.0770860131585074,0.0,-0.793311673318755,nan
behavior_ungated,751021,2,connected_restored,connected,750,0.02431374434619326,nan,-0.09924141423108956,-0.3615243465844983,-0.12344166335066518,-0.38822682080758397,0.024200249119575617,0.02573305268231474,-0.012477563992292093,-0.015335198687616956,0.003617851746138563,-0.011590383614172832,-0.014190702917382607,0.00401773238702134,0.04779057428573235,0.04551297725561732,0.0,0.0,0.04510756746808193,0.011237380884570429,24.521155304932208,0.03269487373990961,0.0,24.521155304932208,1.0,0.1311058339032208,0.0,-0.29689451273751033,nan
behavior_ungated,751022,0,connected_initial,connected,750,0.08809236873001235,nan,-0.1353074631308251,-0.3849261878014014,-0.21240683796870713,-0.4806941899052892,0.07709937483788205,0.08659234365867341,-0.004993695986670124,-0.015052237825051605,0.02148703129283565,-0.007263728327266186,-0.014449769267915535,0.021165980714757057,0.044365019631054395,0.03800221829647792,0.0,0.0,0.03999689845568104,0.010004265242972914,21.90850979700916,0.029211346396012212,0.0,21.90850979700916,1.0,0.11691333549537815,0.0,-0.27418882275428563,nan
behavior_ungated,751022,1,disconnected,disconnected,750,-0.021530072908233437,nan,-0.20591367992699766,-0.47010649253590964,-0.18727264167606844,-0.4697681813354819,-0.018641038250929214,-0.020026557928417843,0.0010931606264630626,0.0004897002336347121,-0.007593472583656362,0.001165457277556262,0.0010045863269327166,-0.008537692971790349,0.03850016869150289,0.039987422145665835,0.0,0.0,0.10635206593913422,0.026580448279409117,185.32558670825432,0.24710078227767243,0.0,185.32558670825432,1.0,0.9876589105592039,0.0,-0.804941842671426,nan
behavior_ungated,751022,2,connected_restored,connected,750,0.027296285903647917,nan,-0.09969980230247025,-0.34803072492077214,-0.1272121921699357,-0.37873576380347285,0.02751238986746545,0.02739158094747962,-0.014960288984657628,-0.015556393396171162,-0.0021824876801778163,-0.014949675240744528,-0.015125615328584672,-0.002354431002063328,0.04763155653361106,0.045076701746004054,0.0,0.0,0.04197302234154808,0.010492770643926091,23.742545297366874,0.03165672706315583,0.0,23.742545297366874,1.0,0.12669181150189088,0.0,-0.24031328064597487,nan
behavior_ungated,751023,0,connected_initial,connected,750,0.10627904877541235,nan,-0.030173978364510995,-0.3103687860477185,-0.13139920948625844,-0.408534245562199,0.10122523112174743,0.10944025943440816,-0.0035994058486540333,-0.002859651104551865,0.022822991279218902,-0.0025451814260193544,-0.005033965614824699,0.022463137275791658,0.05480078001403197,0.04478332442338372,0.0,0.0,0.046697429954427494,0.01167767095811664,24.301920167683285,0.032402560223577716,0.0,24.301920167683285,1.0,0.12952029713059393,0.0,-0.2647461663699558,nan
behavior_ungated,751023,1,disconnected,disconnected,750,-0.018141819081931913,nan,-0.18112124938557148,-0.4586692853242177,-0.16789988370996425,-0.4472375848526714,-0.013221365675607222,-0.012342531099404697,-0.002753572431221161,0.0008293783148696929,-0.002953628335436787,-0.003336684290329188,0.0011812432756120527,-0.0051008470838722324,0.04042354478752669,0.04150574658472085,0.0,0.0,0.13406697869481463,0.033709191573179906,232.5501514074946,0.31006686854332616,0.0,232.5501514074946,1.0,1.238180601125947,0.0,-0.8378168510539948,nan
behavior_ungated,751023,2,connected_restored,connected,750,0.02391726780181737,nan,-0.12089197981272844,-0.4003179552893515,-0.14558579319907397,-0.4178827181705387,0.02469381338634554,0.023974394743575378,-0.015510342100261056,-0.017363306954079807,-0.000976670513261875,-0.0146235492937261,-0.016503458315391174,-8.624374310666154e-05,0.04557560201726729,0.043379098983293125,0.0,0.0,0.042806293575603775,0.010690153649405816,23.979617923783493,0.031972823898377994,0.0,23.979617923783493,1.0,0.12804376576114274,0.0,-0.3153132086890296,nan
behavior_ungated,751024,0,connected_initial,connected,750,0.10473417410135785,nan,-0.10904028651258045,-0.3926961527616154,-0.2031668552911499,-0.4871414268300453,0.0941265687785694,0.10207551239142826,-0.005897505176961772,-0.00034429684707686103,0.019842209356304385,-0.00607474075877386,-0.00022729665510378184,0.019329278025780546,0.04646547266100794,0.03864564283759836,0.0,0.0,0.0417239921003632,0.010446731214214048,22.25173420386674,0.029668978938488987,0.0,22.25173420386674,1.0,0.11845910667813765,0.0,-0.293021035754294,nan
behavior_ungated,751024,1,disconnected,disconnected,750,-0.009450021693946011,nan,-0.20753304086472152,-0.4950400128950138,-0.20034562930606012,-0.4735036513221683,-0.007187411558661443,-0.008796706524148268,0.005813307650754677,0.0009741662964778911,-0.001696912794304864,0.003858211536451999,0.0003068198826760796,-0.002152490607285643,0.038495684993945865,0.03909555058901915,0.0,0.0,0.08381380077989059,0.02094957805613129,210.01196532686026,0.280015953769147,0.0,210.01196532686026,1.0,1.119402877407922,0.0,-0.7389630505809844,nan
behavior_ungated,751024,2,connected_restored,connected,750,0.023777335363667756,nan,-0.12560400063421423,-0.3920415765895214,-0.14881468592620628,-0.409933619363099,0.023210685291992047,0.022818190674891714,-0.012297976351818196,-0.013462702310823254,0.0014646473445294142,-0.011477578449668907,-0.013049114019992068,0.0024719074885219384,0.04530296074231849,0.043253876212113955,0.0,0.0,0.04473810985542645,0.011117456783083984,23.860800759431065,0.03181440101257475,0.0,23.860800759431065,1.0,0.1278993962799233,0.0,-0.33414011892278667,nan
behavior_ungated,751025,0,connected_initial,connected,750,0.08389989535658604,nan,-0.11101807605277014,-0.3506951686143965,-0.18273711999003842,-0.4366372568441548,0.07171904393726829,0.078239309967058,-0.0021425526490594137,-0.003943630542230615,0.014291621733722011,-0.0025669440812995533,-0.0035859695750522307,0.014139548503202846,0.04664647592140682,0.04039945582483365,0.0,0.0,0.04516838096639875,0.011287204424870537,23.84857810859537,0.03179810414479382,0.0,23.84857810859537,1.0,0.12735754144209283,0.0,-0.3437318810045435,nan
behavior_ungated,751025,1,disconnected,disconnected,750,-0.010004102365832044,nan,-0.22384440333002226,-0.5256687143355233,-0.2149423685823702,-0.5052163978251174,-0.008902034747652032,-0.009282472979096623,-0.0045918199557448205,-0.0022335816678662936,-0.0014335448614740246,-0.004498445656747909,-0.0031712858667565496,-0.0014552590642108753,0.03709314099396454,0.037744026067319573,0.0,0.0,0.11017276641070396,0.027573693299496837,195.73112786817623,0.2609748371575683,0.0,195.73112786817623,1.0,1.0434984054618892,0.0,-0.8162369788655718,nan
behavior_ungated,751025,2,connected_restored,connected,750,0.02445465054639058,nan,-0.08348835761188848,-0.3618854290440102,-0.10865815894449463,-0.3859193631490197,0.025169801332606132,0.02440476573807554,-0.01577049828383063,-0.017851097360896257,0.00731520982428173,-0.014885455894578712,-0.016606394661464918,0.007287471923834984,0.04917382492481258,0.046756026823748624,0.0,0.0,0.0438280288400951,0.010948262489437945,22.452174226099295,0.029936232301465728,0.0,22.452174226099295,1.0,0.11968494643768726,0.0,-0.2618824765852629,nan
behavior_ungated,751026,0,connected_initial,connected,750,0.13349671128368804,nan,-0.03282338559313773,-0.300853932020951,-0.15410631141752762,-0.4336830542208949,0.12128292582438989,0.12829884690336027,-0.008436423750191317,0.0017916066988863354,0.020728147787892937,-0.007895864059390736,0.0023083805449808773,0.019522852391014006,0.05447342992990715,0.04269287760778254,0.0,0.0,0.044146259732853646,0.011048701420633638,25.302898296493275,0.0337371977286577,0.0,25.302898296493275,1.0,0.13494476495080143,0.0,-0.24924432669579008,nan
behavior_ungated,751026,1,disconnected,disconnected,750,-0.018049656896380516,nan,-0.18329458019345535,-0.4510193344894401,-0.16648622908400984,-0.43557334677766274,-0.01680835110944549,-0.013005440720459144,0.0003851457535016611,-0.0005959108487182999,-0.004493614142839933,-0.0009066233425301415,-0.0006743947023881689,-0.004036589320347637,0.04033831034464826,0.04180947521267183,0.0,0.0,0.11288613415563176,0.028161807300082806,191.80457398191425,0.25573943197588567,0.0,191.80457398191425,1.0,1.0248408615073263,0.0,-0.8046817514222091,nan
behavior_ungated,751026,2,connected_restored,connected,750,0.027915039664789296,nan,-0.06997082477170982,-0.3556874844020075,-0.09868417532961435,-0.3916458471553451,0.028713350557904506,0.028099979291439092,-0.017083559488638652,-0.016091576769357324,0.002175160963974124,-0.016298800327679202,-0.014636203777881274,0.0018534085296804032,0.05074441014911693,0.047890313806069236,0.0,0.0,0.04360339341621985,0.01090233268081184,21.655553643949723,0.028874071525266297,0.0,21.655553643949723,1.0,0.11547305493974716,0.0,-0.23580876271210366,nan
behavior_ungated,751027,0,connected_initial,connected,750,0.11181441628833269,nan,-0.05120992413115141,-0.30842021917970674,-0.15031194432457937,-0.4169927770028617,0.09910202019342794,0.10709868255624855,-0.013962450710237159,-0.0029683447526415467,0.01797341959620854,-0.013498797402563417,-0.0025378500907613606,0.018217720449495822,0.052480911300409945,0.0430345102105816,0.0,0.0,0.04527717560754662,0.011293655950923801,22.31681403286918,0.02975575204382557,0.0,22.31681403286918,1.0,0.1190245282049841,0.0,-0.27025034597407216,nan
behavior_ungated,751027,1,disconnected,disconnected,750,-0.01847581437743337,nan,-0.1920537463074874,-0.4614825366717772,-0.18256595229005673,-0.4514368688160002,-0.009487794017430618,-0.013029907933067075,-0.0023372876729421685,-0.004259397048938909,-0.0008568309412898274,-0.0006849182786564527,-0.0027189697515420026,-0.002793395659081563,0.03961682696420807,0.04038415752732241,0.0,0.0,0.11107428749505335,0.027889554032622655,188.96310368182924,0.25195080490910565,0.0,188.96310368182924,1.0,1.004769465061051,0.0,-0.8027830323260639,nan
behavior_ungated,751027,2,connected_restored,connected,750,0.026864337540280704,nan,-0.12957772287934158,-0.41526777683219485,-0.15673804250573597,-0.4358459384605988,0.027160319626394386,0.025990385925552695,-0.015875499796704048,-0.009754986068588815,0.003929055096381859,-0.014039032451240966,-0.00830573192021752,0.003605266219349974,0.04483353772625308,0.04246647438045472,0.0,0.0,0.03979489251701981,0.009950594991957096,22.25892687405551,0.02967856916540735,0.0,22.25892687405551,1.0,0.11867977749774737,0.0,-0.2587677286050766,nan
behavior_ungated,751028,0,connected_initial,connected,750,0.09741381721743231,nan,-0.08573135262712751,-0.30830421840555056,-0.1713246969617555,-0.4312278050080259,0.08559334433462798,0.08749004220942427,-0.002827434526781637,0.002605896360588981,0.01681659898434554,-0.0010138753463063983,0.0034253510134819947,0.017812802294211987,0.04904216118536587,0.04128478010696879,0.0,0.0,0.04599382651718644,0.011491179814256998,23.135609101508606,0.030847478802011476,0.0,23.135609101508606,1.0,0.12345084579089963,0.0,-0.33756782513211125,nan
behavior_ungated,751028,1,disconnected,disconnected,750,-0.012179937478316019,nan,-0.15863185716786576,-0.4087339771893126,-0.15095982426350785,-0.4019328722568102,-0.007672032904357942,-0.006111187870874113,-0.00039508686010134486,0.0006242574014267819,-0.0011917522474403969,-0.0002555658336170458,-0.000747439804914411,-0.00171958818398031,0.04238657152134713,0.04298743372705004,0.0,0.0,0.10818313567577999,0.02710202832914707,217.46916394125418,0.28995888525500557,0.0,217.46916394125418,1.0,1.1584278108092303,0.0,-0.7822170842630198,nan
behavior_ungated,751028,2,connected_restored,connected,750,0.02345274143005995,nan,-0.08695806479443478,-0.3355297091063348,-0.110840423516768,-0.36026707219929327,0.023882358722333203,0.02349354765930861,-0.014520103010896212,-0.014616622622448436,0.004558837186218228,-0.013303282037183941,-0.014326330727800278,0.005317169436429858,0.048831072964687514,0.04654602456101509,0.0,0.0,0.044381298795497834,0.011024625631980364,25.491837193531108,0.03398911625804148,0.0,25.491837193531108,1.0,0.1358679109285984,0.0,-0.285678404880561,nan
behavior_ungated,751029,0,connected_initial,connected,750,0.08276929695207962,nan,-0.16447182618387893,-0.38335439321238596,-0.23214693054303046,-0.45379133604045785,0.0676751043591515,0.07635705059846148,0.008405823751148326,-0.0015951826715009023,0.020707297545949258,0.009207736968588629,-0.0010014610005962706,0.020787082615691566,0.04162232877766384,0.03647671582736728,0.0,0.0,0.040940919217524886,0.01024130071552295,23.06263533550518,0.030750180447340243,0.0,23.06263533550518,1.0,0.1229108787359895,0.0,-0.3444605374163576,nan
behavior_ungated,751029,1,disconnected,disconnected,750,-0.01156646967137768,nan,-0.1646870054969019,-0.41028663898412276,-0.15473126033114715,-0.39023138828246345,-0.009955745165754747,-0.013550188765073828,-0.0024972378737379702,-0.0004997578861293976,-0.0032818226106504393,-0.0032524181564018047,-0.0007543613968153497,-0.003163468673698246,0.04184237573473708,0.04269002769885091,0.0,0.0,0.11771943954821305,0.02935691053608042,208.1110309721479,0.27748137462953054,0.0,208.1110309721479,1.0,1.1097440437470376,0.0,-0.8061847593534277,nan
behavior_ungated,751029,2,connected_restored,connected,750,0.02352752997914527,nan,-0.09130571335959799,-0.3450446947530925,-0.11499629589900551,-0.37234131478827104,0.023690582539407538,0.022826378003132614,-0.00966632119826527,-0.013195303334489407,0.007026357285076348,-0.010247802365493705,-0.012035371951926787,0.007019801338245526,0.048659798582919495,0.04638152072789291,0.0,0.0,0.04556790572953394,0.011396169348249965,24.4342665054053,0.03257902200720707,0.0,24.4342665054053,1.0,0.13026545726768402,0.0,-0.31625458881860735,nan
behavior_oracle,751000,0,connected_initial,connected,750,0.09111728004202478,nan,-0.07238670308750533,-0.35672737518539277,-0.15455783328738892,-0.4428365482934119,0.08217113019988359,0.08494913568855872,-0.0037595747113531143,-0.0028986558966422075,0.019798119889105674,-0.004362798515981036,-0.0032716452581619086,0.01909929382407699,0.05013563585150005,0.04257837938900022,0.0,0.0,0.04595949720891474,0.011493115145532081,23.632003260196864,0.031509337680262484,0.0,23.632003260196864,1.0,0.1259388990202456,0.0,-0.30100380938190613,nan
behavior_oracle,751000,1,disconnected,disconnected,750,0.0010276591337994656,nan,-0.15108203633644887,-0.42522218697674596,-0.15204667695859397,-0.4222009947442251,0.0009646406221450998,0.0008190811191991498,-0.0027301452419527562,-0.00039810815666690833,-0.0010345327960892834,-0.0024691334635890886,-0.0013445950632328435,-0.0011054822945331527,0.04296854326915329,0.042882615209049735,0.0,0.0,0.1095895274037257,0.0,0.0,0.0,0.0,0.0,0.0,1.1592814097132769,0.0,nan,nan
behavior_oracle,751000,2,connected_restored,connected,750,0.07966125640890097,nan,-0.09765068224041894,-0.3664372523999294,-0.1731994588295939,-0.4549855336285412,0.07554877658917497,0.08263920168701228,-0.011799768593064967,-0.014115968577866829,0.011409792961271217,-0.009647190966487704,-0.01287499022411823,0.0119117908660769,0.0479027258565749,0.0411902054309303,0.0,0.0,0.044230854365643314,0.011048739805564796,23.510903353487365,0.03134787113798315,0.0,23.510903353487365,1.0,0.1255309737896431,0.0,-0.28984771936770115,nan
behavior_oracle,751001,0,connected_initial,connected,750,0.06363011984579407,nan,-0.1243740419264028,-0.39382230375725924,-0.18232661593191457,-0.45682131329421477,0.05795257400551174,0.060664339790519495,0.0003717140151377274,-0.003660430344347081,0.024255026805838697,0.0010211370794385916,-0.004578669294110499,0.022980265127164744,0.04559407873418866,0.04053603696278947,0.0,0.0,0.045575400299718655,0.011364681586669097,25.159570664911072,0.03354609421988143,0.0,25.159570664911072,1.0,0.13404601219088533,0.0,-0.348345025750453,nan
behavior_oracle,751001,1,disconnected,disconnected,750,0.004171151715706985,nan,-0.1680867893732005,-0.4427243813177788,-0.17219126510790428,-0.4478279055615372,0.004104475734703799,0.004160287610266489,-0.002365689673140816,-0.0017468222014757734,-0.001523964360158713,-0.003348093880374654,-0.0017598021316983232,-0.0016086533080401026,0.04156902250342482,0.04123424966510179,0.0,0.0,0.12680663610900259,0.0,0.0,0.0,0.0,0.0,0.0,1.100003520690743,0.0,nan,nan
behavior_oracle,751001,2,connected_restored,connected,750,0.07020044968122881,nan,-0.09719087003678552,-0.37379367161770843,-0.16352608098450547,-0.44744621463332085,0.06633521094771995,0.07133655030699099,-0.008868904366488581,-0.014450093096000543,0.003793010381673299,-0.009183898488749715,-0.013855891526237963,0.0022324160275358287,0.04793137509907943,0.041900248137196984,0.0,0.0,0.04519279284811291,0.011349316313476097,22.680839087646362,0.030241118783528483,0.0,22.680839087646362,1.0,0.12103435562912904,0.0,-0.30358492223142053,nan
behavior_oracle,751002,0,connected_initial,connected,750,0.09968943565548156,nan,-0.11810919986268327,-0.3607133369512224,-0.2010894967584452,-0.44968538025096394,0.08298029689576193,0.10518277311973562,0.0013617793669680215,-0.002496352390826927,0.02164371495420742,0.0016754987147178818,-0.0007572625148573626,0.02138726397619785,0.0460970598478087,0.03891850292925227,0.0,0.0,0.04267180271454813,0.01067022185209008,24.35720032684845,0.0324762671024646,0.0,24.35720032684845,1.0,0.1300205329267979,0.0,-0.3247790078503346,nan
behavior_oracle,751002,1,disconnected,disconnected,750,0.0006520459388311253,nan,-0.18308449110924366,-0.43327991328306514,-0.1833555339806212,-0.4354887904265584,0.0002710428713775426,0.00031098197451373544,0.00350771550914677,-0.0016096126248413142,-0.00042174143930016374,0.003972218868732282,-0.001388952540901474,-0.0007634712606948215,0.04027482221310725,0.04025469092938068,0.0,0.0,0.09715080130428606,0.0,0.0,0.0,0.0,0.0,0.0,1.1600497566292918,0.0,nan,nan
behavior_oracle,751002,2,connected_restored,connected,750,0.08118729357391521,nan,-0.11931236866773262,-0.36823756424355814,-0.1994214494746422,-0.4475665853344549,0.0801090808069096,0.08431920269440582,-0.01502476678878504,-0.01701424690407579,0.008936409386450146,-0.014406848731917927,-0.01784652555270675,0.008013096107836591,0.046007381141512496,0.03915171318201485,0.0,0.0,0.04034954389056734,0.010082632741080661,21.318537022430768,0.02842471602990769,0.0,21.318537022430768,1.0,0.11367449077521839,0.0,-0.2423726492024499,nan
behavior_oracle,751003,0,connected_initial,connected,750,0.10238765777031332,nan,-0.07955419139914748,-0.33153679468385433,-0.17368442553962188,-0.4507941220444083,0.0941302341404744,0.10233843561353562,-0.005239292740444945,-0.008230894031960688,0.012114636889036736,-0.004699615890369566,-0.007768195818280795,0.013444171075467394,0.049712330663002555,0.04116411325322459,0.0,0.0,0.044528018938307344,0.011165099324051289,23.430686241122494,0.031240914988163327,0.0,23.430686241122494,1.0,0.12457758062218831,0.0,-0.3032665738217996,nan
behavior_oracle,751003,1,disconnected,disconnected,750,0.0016828647759322196,nan,-0.2363857811135693,-0.4976357278390635,-0.2375346813547582,-0.5036208681551687,0.0011489002411888137,0.0007859597407636754,-0.0031261537015714585,-0.0024862325578596705,-0.0004824915701429044,-0.002370744420301474,-0.0023573099302866287,-0.0006831379616130613,0.036229596955190936,0.03614905337390278,0.0,0.0,0.10821076178259852,0.0,0.0,0.0,0.0,0.0,0.0,1.1136828881145764,0.0,nan,nan
behavior_oracle,751003,2,connected_restored,connected,750,0.06936476041960617,nan,-0.08414654604518572,-0.35106032313321056,-0.14572966764843395,-0.4234932502715314,0.061583121603248234,0.07060715759455599,-0.016910607926413274,-0.015456556228913919,0.005891723056586472,-0.01602578881559811,-0.0144957973755587,0.006719940825056101,0.04931552822325353,0.04347020821701874,0.0,0.0,0.04879865933489069,0.012195944693403439,22.419885090715006,0.029893180120953343,0.0,22.419885090715006,1.0,0.11956796094058367,0.0,-0.3462151644440884,nan
behavior_oracle,751004,0,connected_initial,connected,750,0.11438187226190108,nan,-0.0497211147055256,-0.2918706043363499,-0.1511077883622319,-0.4042222362948692,0.10138667365670628,0.10742588521600474,0.0011082620687234551,-0.006789554857627799,0.020650146852479425,0.0014350774340136567,-0.005788166948469306,0.01973231198618261,0.05262057941419873,0.04300915210821652,0.0,0.0,0.04520305879852509,0.011284183950934805,22.837725247498508,0.03045030032999801,0.0,22.837725247498508,1.0,0.12177804272407279,0.0,-0.2617490143295428,nan
behavior_oracle,751004,1,disconnected,disconnected,750,0.0012857988811467449,nan,-0.1901005406756818,-0.47886238882758425,-0.19098783267178973,-0.48085987820876586,0.0008872919961079589,0.0012450465448065606,-0.0005055642363718327,-0.0011989820326246045,-0.0007131488427843347,-0.0003959121144510679,0.0001399174215260865,-0.0009960273674264242,0.03965601905740107,0.039587189579583314,0.0,0.0,0.10224399492008371,0.0,0.0,0.0,0.0,0.0,0.0,0.9965677879264334,0.0,nan,nan
behavior_oracle,751004,2,connected_restored,connected,750,0.07405686246222948,nan,-0.09134613738671103,-0.380782715180782,-0.16134975317230896,-0.4622407596000429,0.07000361578559794,0.07311567278640385,-0.01372885365049529,-0.017983931552035093,0.005241358126031245,-0.012220429960862238,-0.016889138004082337,0.0037291487671844083,0.04840656625050775,0.04211786248323228,0.0,0.0,0.046639668744884816,0.011676649534342939,24.881826478053092,0.033175768637404124,0.0,24.881826478053092,1.0,0.1323584822167463,0.0,-0.32331779639990066,nan
behavior_oracle,751005,0,connected_initial,connected,750,0.09230834743343794,nan,-0.08295464989792364,-0.36546321898148704,-0.16547961285926424,-0.45474963576748084,0.08252496296134061,0.0883125673284858,0.003405349857710681,-0.002210815696641046,0.01928334011291743,0.0015724062263249678,-0.0030500058443568346,0.01926445358785376,0.04930667598740104,0.0418667914699942,0.0,0.0,0.044904939732731124,0.011226466259483625,22.903517644840097,0.03053802352645346,0.0,22.903517644840097,1.0,0.12214619450348857,0.0,-0.2877075850258932,nan
behavior_oracle,751005,1,disconnected,disconnected,750,0.0007923891330928942,nan,-0.17451477099511103,-0.4792110912772199,-0.17490150033470855,-0.47991783327669424,0.0003867293395975017,0.00044974897033217553,-0.0028818300749838786,-0.0009870723294556649,-0.0005264356605089527,-0.003014408653652399,0.00019688439504668586,-0.0009045112398435103,0.04091584627546602,0.040889158178349136,0.0,0.0,0.09690023477470575,0.0,0.0,0.0,0.0,0.0,0.0,1.072526473429171,0.0,nan,nan
behavior_oracle,751005,2,connected_restored,connected,750,0.06246751538851178,nan,-0.13190550817870497,-0.4147796723855829,-0.19284289981019914,-0.4590765397247954,0.06093739163149416,0.05802885429700694,-0.01442646098719008,-0.011679676331702998,0.009721855560114479,-0.013889406121909266,-0.011169714970645991,0.01040068545708259,0.044583373739979344,0.039479815437902584,0.0,0.0,0.04433528750428004,0.01108596515124871,23.202802111487596,0.03093706948198346,0.0,23.202802111487596,1.0,0.12382970823976745,0.0,-0.34532268002513966,nan
behavior_oracle,751006,0,connected_initial,connected,750,0.09797637136548798,nan,-0.05278228639920673,-0.3544308926581603,-0.14138623788449758,-0.4285640838927156,0.08860395148529086,0.09069308286345806,-0.006822606182837757,-0.0072130407486098785,0.00994150423087255,-0.00677823625717862,-0.007155532934937933,0.009139747403561974,0.052246873587502005,0.04373130391532233,0.0,0.0,0.04681461756133467,0.0117038663179221,21.992523270716966,0.029323364360955954,0.0,21.992523270716966,1.0,0.117289548835386,0.0,-0.2933552895654761,nan
behavior_oracle,751006,1,disconnected,disconnected,750,0.0007313402961345689,nan,-0.19064092242704755,-0.47259479809537075,-0.1905613991350859,-0.4732158832868717,-7.952329196167107e-05,3.610546178078877e-05,-0.0007218915529258881,-0.0017723930959316011,-2.3340539368498893e-05,9.797514369248212e-05,-0.0005627899264456071,-0.00019692375676838542,0.039621966821703464,0.039631185640763004,0.0,0.0,0.09494943539777553,0.0,0.0,0.0,0.0,0.0,0.0,1.0981514893446087,0.0,nan,nan
behavior_oracle,751006,2,connected_restored,connected,750,0.07083130329951,nan,-0.10178869830317762,-0.34290358041888735,-0.1683053794372356,-0.4293891685427743,0.06651668113405797,0.06883995630692627,-0.016537446064261458,-0.020254091737895562,0.007666505326943913,-0.01453874114324249,-0.019417523657373034,0.006676834004502183,0.0474515765938645,0.04149249090030584,0.0,0.0,0.04524967755342655,0.011312718168896464,23.387241570128012,0.03118298876017068,0.0,23.387241570128012,1.0,0.12472911821068283,0.0,-0.31121279692813103,nan
behavior_oracle,751007,0,connected_initial,connected,750,0.10084176505684538,nan,-0.1402584113002253,-0.4065363795423189,-0.2340368892294723,-0.5019276646821635,0.09377847792924703,0.09829369567140783,-0.006966057015654826,-0.007279146973945699,0.014877194399908873,-0.007166633235028459,-0.006623869266831261,0.016420143141579,0.043944802141563676,0.03649776024668672,0.0,0.0,0.0375720530971582,0.009385584412854172,21.86440455011815,0.02915253940015753,0.0,21.86440455011815,1.0,0.11641288635773658,0.0,-0.2518004474210611,nan
behavior_oracle,751007,1,disconnected,disconnected,750,0.0003560817456787993,nan,-0.17240940609818672,-0.44669381838906097,-0.1727656115686024,-0.44593217411929664,0.00035620547041570314,0.00016652245351428396,-0.0007580038952792263,-0.0026410415817139203,-0.000452914243597077,-0.0006200838649266561,-0.0028165439748020506,-0.0004520828657693917,0.04110684313868551,0.04107874785396754,0.0,0.0,0.10614989433320733,0.0,0.0,0.0,0.0,0.0,0.0,1.0394275457191506,0.0,nan,nan
behavior_oracle,751007,2,connected_restored,connected,750,0.06390470658500963,nan,-0.15065139739513309,-0.43461794141087096,-0.2102633486608481,-0.5028995131541072,0.05961195126571508,0.05706618074442055,-0.014842628225302351,-0.013664994321908985,0.008695059503504673,-0.01399488105992603,-0.012807763375621412,0.009785577718637759,0.0429945159504079,0.0381303683021535,0.0,0.0,0.04338637383249867,0.010840337518372508,22.720469088873976,0.0302939587851653,0.0,22.720469088873976,1.0,0.12092849154469146,0.0,-0.36152021906063464,nan
behavior_oracle,751008,0,connected_initial,connected,750,0.09881695401734565,nan,-0.07821501033096465,-0.3406036408315276,-0.16846970238850212,-0.4370339882476605,0.09025469205753747,0.10090795217603232,-0.007117781935735918,-0.00567403690142839,0.01342515302222884,-0.006384487275477734,-0.005272796421485815,0.013280456730163318,0.04969825041442724,0.041533884623598374,0.0,0.0,0.04233017258048652,0.010582081089986971,22.596967594976523,0.030129290126635365,0.0,22.596967594976523,1.0,0.12052264055923509,0.0,-0.21698321258694503,nan
behavior_oracle,751008,1,disconnected,disconnected,750,0.0034907805412088375,nan,-0.20035365844493727,-0.47497878440885677,-0.20290689795683023,-0.4726044127879714,0.002553239511892948,0.0027813729103304263,-0.0030154342984307914,-0.0034540059956252238,-0.001182458614921849,-0.0014904671125166337,-0.002835649833232837,-0.0015919219057087546,0.039121008286399514,0.03891051938372174,0.0,0.0,0.11480519679658434,0.0,0.0,0.0,0.0,0.0,0.0,1.0596250941781082,0.0,nan,nan
behavior_oracle,751008,2,connected_restored,connected,750,0.07812817534190214,nan,-0.15411824920130193,-0.4001205268138395,-0.22667771268922296,-0.48655388706199154,0.07255946348792106,0.0806199180949208,-0.015211259967225338,-0.010576437406045013,0.005126068577527399,-0.015148674203175873,-0.009603516357982698,0.003844376583333549,0.042561894607126886,0.036843861794603916,0.0,0.0,0.039909641230463005,0.009945173746460248,22.36447744933622,0.029819303265781628,0.0,22.36447744933622,1.0,0.11956235987291247,0.0,-0.30064582621132596,nan
behavior_oracle,751009,0,connected_initial,connected,750,0.11008059314642275,nan,-0.1366256249943018,-0.3796059804249622,-0.23595051615255666,-0.5018351418543396,0.09932489115825482,0.10915103267719373,-0.0011083513038886684,0.003581859013999622,0.020873192279556703,-0.0011017621253496606,0.003258560152802085,0.020243567851527377,0.04404236937380398,0.03619501694838498,0.0,0.0,0.03910027507506686,0.009766335259192307,21.90184372015702,0.029202458293542694,0.0,21.90184372015702,1.0,0.11693843699564381,0.0,-0.3059742850925415,nan
behavior_oracle,751009,1,disconnected,disconnected,750,0.0012515240225255536,nan,-0.18749407099426146,-0.4617285712526118,-0.1888423954528209,-0.4634706018254696,0.0013483244585594729,0.0013212474348602288,-0.002800067804490063,0.002143895675482941,-0.0019524400882850786,-0.002826321379740128,0.0010041915456070834,-0.001859195112072788,0.039961422013791166,0.039853589930596685,0.0,0.0,0.11317988529969655,0.0,0.0,0.0,0.0,0.0,0.0,1.1439280372863654,0.0,nan,nan
behavior_oracle,751009,2,connected_restored,connected,750,0.07832721685191447,nan,-0.12461511636734528,-0.4129668883810234,-0.1971384798129947,-0.47019181151478384,0.07252336344564944,0.07831768501203007,-0.011203220549181788,-0.011825187184347207,0.008911970094096285,-0.009842545802127513,-0.010852198694209041,0.008193344855770779,0.04520828278773381,0.039068754354152684,0.0,0.0,0.04275792148050103,0.010683622274161836,23.52894735247002,0.03137192980329336,0.0,23.52894735247002,1.0,0.12524228914934732,0.0,-0.31592500781406274,nan
behavior_oracle,751010,0,connected_initial,connected,750,0.09053318613046982,nan,-0.0969135786586008,-0.3411896935874568,-0.1781756841053917,-0.42692481462433157,0.08126210544679086,0.08920918612812556,-0.01865255900773925,-0.00327336899255592,0.005533252192504349,-0.017928588367017925,-0.002996960711639237,0.00629714818698135,0.04792891677471928,0.04079524356194965,0.0,0.0,0.04446298072050214,0.01107738250330577,23.90342106370087,0.03187122808493449,0.0,23.90342106370087,1.0,0.12726307981209437,0.0,-0.32019358002519294,nan
behavior_oracle,751010,1,disconnected,disconnected,750,0.0005136245511502986,nan,-0.19344293184888822,-0.44919888592558355,-0.19376077430478836,-0.4523382120739034,0.00031784245590012856,0.0006767281860614593,-0.0031674537976848468,-0.0033819590531542604,-2.497548729727332e-06,-0.0033529677383786318,-0.002975148522225427,3.361387171122189e-06,0.03952265229617936,0.03949548776456392,0.0,0.0,0.10982429515120622,0.0,0.0,0.0,0.0,0.0,0.0,1.1604298558652457,0.0,nan,nan
behavior_oracle,751010,2,connected_restored,connected,750,0.06672857478416488,nan,-0.12448264827343203,-0.3640706489418056,-0.18402520808939532,-0.41095646413879316,0.05954255981596329,0.06298710773629629,-0.017044504534398035,-0.015062861950488192,0.011778986612469391,-0.016750900533641592,-0.014652994457929832,0.010771326498310866,0.04542260212685896,0.04034381378211863,0.0,0.0,0.04511339074506304,0.011287901085202874,24.309666353383868,0.03241288847117849,0.0,24.309666353383868,1.0,0.13008553356613667,0.0,-0.3399667260691032,nan
behavior_oracle,751011,0,connected_initial,connected,750,0.07068521500504431,nan,-0.12419353381647359,-0.36893221843167967,-0.1817315750470688,-0.4217862641199704,0.05753804123059523,0.07175951543039139,-0.006565129938232721,-0.006620354345619148,0.017813450017354987,-0.005999470368006366,-0.007506560620959668,0.017681729677126643,0.04536068174573331,0.04048148335286117,0.0,0.0,0.04549488296973033,0.01137163626233315,24.704341023581698,0.0329391213647756,0.0,24.704341023581698,1.0,0.1318354011552345,0.0,-0.34120929870393757,nan
behavior_oracle,751011,1,disconnected,disconnected,750,0.004040410328437271,nan,-0.16605726374907648,-0.4645486242180249,-0.1694520404615814,-0.463200320433085,0.0033947767125049426,0.0019073301607463455,-0.0032924108612383284,-0.0027118052216157443,-0.001307846923644338,-0.003981214342148583,-0.0023973449910708287,-0.001587638752711547,0.041679938255509204,0.041395428157410694,0.0,0.0,0.11348227702953766,0.0,0.0,0.0,0.0,0.0,0.0,1.1627561000601074,0.0,nan,nan
behavior_oracle,751011,2,connected_restored,connected,750,0.07062844078698907,nan,-0.10665035580316101,-0.387195908575062,-0.17250220803923727,-0.4449798324469312,0.06585185223607624,0.0706953808952489,-0.011517314899799857,-0.012154865839196987,0.006812801001826708,-0.011245497692421206,-0.011847596263977892,0.007460380868471652,0.04693169223340981,0.04115047760470646,0.0,0.0,0.04559499424707734,0.011385475322038685,23.480054576702955,0.03130673943560394,0.0,23.480054576702955,1.0,0.12538468423318655,0.0,-0.33366162354180084,nan
behavior_oracle,751012,0,connected_initial,connected,750,0.07755745414771123,nan,-0.12663821993450738,-0.40070262022239417,-0.19169904560324771,-0.47589391400512804,0.06506082566874033,0.07807804402933954,-0.0046490554381070125,0.0006368721168725886,0.01921123276020594,-0.0034530260259340744,0.0007365700691622506,0.019366313528994334,0.04503520496951183,0.03954628666420635,0.0,0.0,0.04483542975986386,0.011212170206421828,24.61588228751278,0.03282117638335037,0.0,24.61588228751278,1.0,0.1312205195076243,0.0,-0.357823758699303,nan
behavior_oracle,751012,1,disconnected,disconnected,750,0.0028493665504063406,nan,-0.19915253137938954,-0.4749332796075069,-0.20187717560663684,-0.4773307106359591,0.0027246442272473295,0.002450467798775613,-0.005935444971456386,-0.0017948069935720809,-0.002414487067786297,-0.00409503056645195,-0.0009775392779277276,-0.002599232643229493,0.03904152584622412,0.038823689424311594,0.0,0.0,0.1326850216738609,0.0,0.0,0.0,0.0,0.0,0.0,1.1934437195468186,0.0,nan,nan
behavior_oracle,751012,2,connected_restored,connected,750,0.08357339438970897,nan,-0.12052225185059293,-0.3637879961568633,-0.2015121066538229,-0.4605587560789982,0.08098985480322998,0.08588166661557367,-0.008988080075171672,-0.012688620390297167,0.007947649843964927,-0.007279397138903642,-0.0116866388790248,0.0077561585464635905,0.04575868858550353,0.03887433115487441,0.0,0.0,0.041790024784297136,0.010447028094068073,21.949020454549256,0.029265360606065674,0.0,21.949020454549256,1.0,0.11733857572740802,0.0,-0.30676959407617616,nan
behavior_oracle,751013,0,connected_initial,connected,750,0.08135582125583554,nan,-0.1357674099138427,-0.37305242416291373,-0.20822096199647205,-0.4539658575294806,0.07245355208262935,0.08399430418336934,-0.0075099476043263705,-0.009055552664349343,0.013920568407702949,-0.006763116574323253,-0.008344759066563458,0.013260345381812423,0.04406811890251595,0.03820521908778118,0.0,0.0,0.04180825560542367,0.010452001013318009,22.299041849802364,0.029732055799736486,0.0,22.299041849802364,1.0,0.11872202720216586,0.0,-0.30701123777420375,nan
behavior_oracle,751013,1,disconnected,disconnected,750,0.004117702447290096,nan,-0.18763121484682763,-0.44978011414628044,-0.19106689435156599,-0.46224981102479434,0.003435679504738331,0.004232767447418295,-0.002080346085089777,-0.00027067856311594916,-0.0008333154963524225,-0.0015329193221965802,-0.0007807914163763873,-0.0010062336450444688,0.039898919970383306,0.03962134325320641,0.0,0.0,0.11314501511600708,0.0,0.0,0.0,0.0,0.0,0.0,1.0223829081717157,0.0,nan,nan
behavior_oracle,751013,2,connected_restored,connected,750,0.07579834129533469,nan,-0.14305019161612254,-0.44293730225204647,-0.21636086604717097,-0.5170998842267052,0.07331067443104845,0.07896316729380704,-0.017522090806951742,-0.01285027993683417,0.00652304477845616,-0.015195565171236988,-0.012711163194753685,0.005470604929822487,0.04357720411982578,0.03759099004134628,0.0,0.0,0.04067287791186851,0.010160428894252877,22.427648604018234,0.029903531472024313,0.0,22.427648604018234,1.0,0.11952765427061707,0.0,-0.29826050378191554,nan
behavior_oracle,751014,0,connected_initial,connected,750,0.06330937449016538,nan,-0.08972561479683805,-0.3409171938569675,-0.14569839788388855,-0.4241414996867076,0.05597278308705052,0.06378439589834062,-0.006147444945877903,-0.004550488807521117,0.009657888425921626,-0.005823317189858414,-0.005951149857036014,0.011107470363981378,0.04855644127858932,0.043348951865232625,0.0,0.0,0.04715053810331816,0.011861270908896977,24.16053993209477,0.03221405324279303,0.0,24.16053993209477,1.0,0.12824730790670247,0.0,-0.305660405469717,nan
behavior_oracle,751014,1,disconnected,disconnected,750,0.010207696305209199,nan,-0.17786629830997605,-0.4567872767777264,-0.18279371746298084,-0.45620799519466454,0.004927419153004785,0.006040775979788332,-0.0030200613858029244,-0.004851810339777075,-0.0014043087288165938,-0.006070703317937705,-0.0041488408384449844,-0.00263343183505552,0.040960334828558376,0.04061775307217222,0.0,0.0,0.11464158071283617,0.0,0.0,0.0,0.0,0.0,0.0,1.1882060876195053,0.0,nan,nan
behavior_oracle,751014,2,connected_restored,connected,750,0.08381871287131001,nan,-0.07268032256922577,-0.3604434056338884,-0.15136853716181106,-0.4461446431689653,0.07868821459258529,0.09042951811602284,-0.013512754191452626,-0.007812896524859963,0.011613944463756342,-0.012403827684469102,-0.007137348163886211,0.010430763530625024,0.05027309149956186,0.04294857464942423,0.0,0.0,0.044507075518039965,0.011167560049287279,22.61043674625001,0.03014724899500001,0.0,22.61043674625001,1.0,0.11993253903797188,0.0,-0.2536375365533144,nan
behavior_oracle,751015,0,connected_initial,connected,750,0.08981874323444052,nan,-0.1300307871572894,-0.4053473902818231,-0.21042135737374937,-0.492751598088149,0.08039057021645996,0.08949676497624498,-0.0024027666463162243,-0.002055211650938747,0.03129822935942433,-0.0025530337096270846,-0.001226016915689438,0.030860085609909257,0.044682826880014605,0.038161778160678846,0.0,0.0,0.0419871350896884,0.01044304566129303,23.8847257338,0.0318463009784,0.0,23.8847257338,1.0,0.12779934177349989,0.0,-0.32128125285003,nan
behavior_oracle,751015,1,disconnected,disconnected,750,0.00023595706272650375,nan,-0.16500758588196537,-0.43658514725152453,-0.16505434763372673,-0.43648171566425253,4.676175176136617e-05,0.00013562629479874078,-4.0417767025696365e-05,-0.0022220796989316743,-0.0002969008674187632,-0.0010869985881916955,-0.002475261345970785,-0.0007422446634428747,0.04184062833715069,0.04183508776944397,0.0,0.0,0.10520407181283269,0.0,0.0,0.0,0.0,0.0,0.0,1.0759496756809368,0.0,nan,nan
behavior_oracle,751015,2,connected_restored,connected,750,0.06569759736018797,nan,-0.17071273398127182,-0.44412200109840283,-0.22952222411531784,-0.512348873339431,0.05880949013404603,0.06706303418662624,-0.015370785865625588,-0.016581790237942304,0.00963132339604801,-0.015107450168412341,-0.015758604107526,0.01155731036275678,0.04118009804646235,0.036602434135888345,0.0,0.0,0.041608256957432845,0.010422526118634364,23.27155990536509,0.031028746540486787,0.0,23.27155990536509,1.0,0.12427582102705897,0.0,-0.36111804344958887,nan
behavior_oracle,751016,0,connected_initial,connected,750,0.08608824121301246,nan,-0.11914091291655553,-0.37810337273661887,-0.19724313911744526,-0.4623947641273799,0.07810222620088972,0.08489160574352697,-0.005023136072254239,0.0008076076517432194,0.031044713234872706,-0.0048497716708323525,0.0014405984497026523,0.031138834080963875,0.045804578160343,0.0391752058028205,0.0,0.0,0.04211204176085491,0.010559904563650514,23.273511385550858,0.03103134851406781,0.0,23.273511385550858,1.0,0.12448640076100075,0.0,-0.2875948211534,nan
behavior_oracle,751016,1,disconnected,disconnected,750,0.0041747392733454385,nan,-0.1731332612288094,-0.4628805079477276,-0.17707102935125646,-0.4743412326311427,0.003937768122447042,0.004384720109125495,-0.0013577475494553337,-0.004488396046239506,-0.004101818894663682,-0.0012075253692741508,-0.005226008852550516,-0.004491432925155373,0.041211883141574715,0.04088339139416837,0.0,0.0,0.11905821209694652,0.0,0.0,0.0,0.0,0.0,0.0,1.031882360381499,0.0,nan,nan
behavior_oracle,751016,2,connected_restored,connected,750,0.07758263471696948,nan,-0.08988890889934328,-0.35462240630775255,-0.16332055540865664,-0.42438201844910817,0.07343164650931334,0.08111387165390721,-0.009829136647850878,-0.013963984029715505,0.011672792001316063,-0.009052997637860159,-0.012658279044710286,0.010271843866871386,0.04844661139014486,0.04175416383248034,0.0,0.0,0.045390519093273046,0.011347940835786092,24.666395479001025,0.0328885273053347,0.0,24.666395479001025,1.0,0.13163833809126382,0.0,-0.3072346839082228,nan
behavior_oracle,751017,0,connected_initial,connected,750,0.10507253960777296,nan,-0.07770143232718853,-0.35713941844681585,-0.17663022115424656,-0.44162795849778896,0.09892878882705804,0.10201413141555932,-0.0007236347114970795,-0.002977802461950191,0.020154440065005795,8.05245277084985e-05,-0.0030286985940364145,0.02062692118841649,0.049715880839060124,0.04082922879048953,0.0,0.0,0.04249851015402576,0.010628027650458885,21.90008257269231,0.02920011009692308,0.0,21.90008257269231,1.0,0.11681356378779723,0.0,-0.25867760032032217,nan
behavior_oracle,751017,1,disconnected,disconnected,750,0.00041093187930598746,nan,-0.1507808978953771,-0.4405724998944348,-0.15088165565778705,-0.438249630967495,0.0001007577624099698,8.022922980366332e-05,-0.0024827249164299345,-0.0013740324863995032,-0.0002430446443926743,-0.001552404177236992,-0.0013528429625206968,-0.0004839540571490519,0.043011719103154426,0.042998788933368115,0.0,0.0,0.10193123194323071,0.0,0.0,0.0,0.0,0.0,0.0,1.1821417785626234,0.0,nan,nan
behavior_oracle,751017,2,connected_restored,connected,750,0.07970200495170869,nan,-0.11183769434746986,-0.36571964012764246,-0.18965082993216795,-0.43881820090363166,0.07781313558469811,0.08103534289409042,-0.015676077410906732,-0.01382247935766551,0.0059150932346149375,-0.014411568307473322,-0.012963457567997763,0.004294005794121509,0.04659379971811245,0.039821701259693074,0.0,0.0,0.042009113856225584,0.010487989842144559,22.010292135759755,0.029347056181013007,0.0,22.010292135759755,1.0,0.11726247114719601,0.0,-0.27226023364628443,nan
behavior_oracle,751018,0,connected_initial,connected,750,0.08859533672576216,nan,-0.06420521434083344,-0.3240553260241906,-0.14195206813409533,-0.40339473633092293,0.07774685379326193,0.08620688856191594,-0.0024357538727005604,-0.007582195564806673,0.014070726902007976,-0.0016799715304608928,-0.007177926944473066,0.013406888094037797,0.051016888942485274,0.043728560495285396,0.0,0.0,0.04817484014532337,0.012040442026555007,23.40423918646999,0.031205652248626654,0.0,23.40423918646999,1.0,0.12478677819345141,0.0,-0.32669920928762625,nan
behavior_oracle,751018,1,disconnected,disconnected,750,0.0027506530430194344,nan,-0.2205714863828229,-0.506759279400826,-0.22261558554610533,-0.5081392440958501,0.00204409916328241,0.0021886132228257638,-0.0028094647343143726,-0.0007239151572690547,-0.0006532026924561465,-0.0025152657048490876,-0.0008575316505103226,-0.0008696241077303723,0.037350337239460414,0.03719837886109399,0.0,0.0,0.11476631195634741,0.0,0.0,0.0,0.0,0.0,0.0,1.086817876865761,0.0,nan,nan
behavior_oracle,751018,2,connected_restored,connected,750,0.07265132695457971,nan,-0.09581601781369192,-0.3509478445381363,-0.1629968105387185,-0.4163301981754457,0.0671807927250266,0.06595364893318068,-0.015200044998618064,-0.01701950431487919,0.005371413524226476,-0.014953874806248725,-0.016231629999455478,0.006585544659451227,0.047951200885489875,0.04193902456871936,0.0,0.0,0.046295275314348495,0.011620248813706668,24.32010840808441,0.03242681121077921,0.0,24.32010840808441,1.0,0.12996736391946898,0.0,-0.32813721328486234,nan
behavior_oracle,751019,0,connected_initial,connected,750,0.10842820210372701,nan,-0.08644270731035188,-0.3227355814313342,-0.18433384811279072,-0.45003228084388197,0.09789114080243883,0.10610109640392074,-0.005740091364415898,-0.01240160361201324,0.017325340699882518,-0.005149751229071634,-0.01154054606844787,0.017128479544738,0.04955450088822392,0.040514585761639306,0.0,0.0,0.04028999319276408,0.010057066229969654,23.799893648598136,0.03173319153146418,0.0,23.799893648598136,1.0,0.12707672549806204,0.0,-0.19415016613604758,nan
behavior_oracle,751019,1,disconnected,disconnected,750,0.0042667424301732395,nan,-0.2076792738024463,-0.45737903962237303,-0.21151836605777244,-0.4667925629386527,0.003839092255326161,0.0037358738256484947,-0.0057322847775376,-0.0010210803001495642,-0.001385712612986719,-0.0042175141084075185,-0.00029070757314181815,-0.001559541761314429,0.03856668962302857,0.03825910099407575,0.0,0.0,0.11861677654316097,0.0,0.0,0.0,0.0,0.0,0.0,1.1386299695718884,0.0,nan,nan
behavior_oracle,751019,2,connected_restored,connected,750,0.07914717301199213,nan,-0.10036518626491386,-0.3696384189836882,-0.17168614636206572,-0.44043798562186,0.07132096009715187,0.08296528437930994,-0.01384210846260277,-0.01824771101798213,0.005916204378893591,-0.013205133439949326,-0.017444099406770143,0.005406528771303691,0.04767114933888662,0.0412676284142093,0.0,0.0,0.04384512580762705,0.010945932868387501,24.016053906478998,0.032021405208638665,0.0,24.016053906478998,1.0,0.12797131739886905,0.0,-0.2737935429534876,nan
behavior_oracle,751020,0,connected_initial,connected,750,0.07996532165862247,nan,-0.1396842422866922,-0.35679160615877537,-0.20814843371144778,-0.44942205430594506,0.06846419142475556,0.07372874084438455,-0.005381116647086015,-0.0017304920606509594,0.013465121019536805,-0.0052003155750955255,-0.0011789205125530143,0.014218798051873063,0.04422216755159257,0.03835536344502373,0.0,0.0,0.041545999775435445,0.010381675434902243,21.840373825362626,0.029120498433816835,0.0,21.840373825362626,1.0,0.116442254971101,0.0,-0.3005197607714851,nan
behavior_oracle,751020,1,disconnected,disconnected,750,0.0014800400584350398,nan,-0.2006693067468423,-0.4500860468984308,-0.2024056469150922,-0.4539690868303744,0.0017363401682498783,0.0013648344640798116,-0.002423517957634294,-0.00142258758432836,-0.0012671101676159757,-0.0025367591415228954,-0.0008528396839573007,-0.0011289607442163392,0.038984608964794214,0.03885211809445832,0.0,0.0,0.10726977826231597,0.0,0.0,0.0,0.0,0.0,0.0,1.1448124063266698,0.0,nan,nan
behavior_oracle,751020,2,connected_restored,connected,750,0.07991533224811757,nan,-0.10658158851247292,-0.3967263302599269,-0.17957181608741174,-0.4658326458603267,0.07299022757493884,0.08135916767304174,-0.011859480456901158,-0.014080228704242316,0.009864816631289889,-0.011764596036406241,-0.013632288014785197,0.008114238232167066,0.047075332497941,0.040564065209071506,0.0,0.0,0.043917445257576807,0.010976973127837438,22.94688603017172,0.030595848040228957,0.0,22.94688603017172,1.0,0.12226513660666638,0.0,-0.30260185104588866,nan
behavior_oracle,751021,0,connected_initial,connected,750,0.0965650214405372,nan,-0.11419289244998042,-0.3609611204173173,-0.199295628363838,-0.45452867450536755,0.08510273591385759,0.10158012803905092,0.0015393512018283253,-0.006358677051310459,0.015658935245838303,0.0028823971615063873,-0.005097763108323079,0.01608085981948144,0.04637859432509411,0.039145330905810134,0.0,0.0,0.04120127694688464,0.010317288013044563,23.488262739926085,0.03131768365323478,0.0,23.488262739926085,1.0,0.12545683832619084,0.0,-0.26424962249420864,nan
behavior_oracle,751021,1,disconnected,disconnected,750,0.0016349411318168014,nan,-0.1952939363238126,-0.4662824138288309,-0.19591469580081738,-0.46688186062950243,0.000620759477004759,0.0007676866433976026,-0.0014742223926413557,-0.0028591797561646477,-0.0004475242601406338,-0.0021244963264991346,-0.003869495654391808,-0.0009770867760001232,0.03925193958101199,0.03920596302408415,0.0,0.0,0.10549978199422728,0.0,0.0,0.0,0.0,0.0,0.0,1.0770860131585074,0.0,nan,nan
behavior_oracle,751021,2,connected_restored,connected,750,0.06821825678522406,nan,-0.09924141423108956,-0.3615243465844983,-0.16430587949806455,-0.44156634070529266,0.06506446526697501,0.06338466498183354,-0.012477563992292093,-0.015335198687616956,0.004245185572810757,-0.011590383614172832,-0.014190702917382607,0.0053806440274502465,0.04779057428573235,0.04184656351467125,0.0,0.0,0.04510756746808193,0.011237380884570429,24.521155304932208,0.03269487373990961,0.0,24.521155304932208,1.0,0.1311058339032208,0.0,-0.29689451273751033,nan
behavior_oracle,751022,0,connected_initial,connected,750,0.08809236873001235,nan,-0.1353074631308251,-0.3849261878014014,-0.21240683796870713,-0.4806941899052892,0.07709937483788205,0.08659234365867341,-0.004993695986670124,-0.015052237825051605,0.02148703129283565,-0.007263728327266186,-0.014449769267915535,0.021165980714757057,0.044365019631054395,0.03800221829647792,0.0,0.0,0.03999689845568104,0.010004265242972914,21.90850979700916,0.029211346396012212,0.0,21.90850979700916,1.0,0.11691333549537815,0.0,-0.27418882275428563,nan
behavior_oracle,751022,1,disconnected,disconnected,750,0.004740083728978738,nan,-0.20591367992699766,-0.47010649253590964,-0.21012753551609892,-0.4837718722947102,0.00421385558910124,0.004272178447623565,0.0010931606264630626,0.0004897002336347121,-0.0015896102078270318,0.001165457277556262,0.0010045863269327166,-0.001806828913070272,0.03850016869150289,0.03817280940194127,0.0,0.0,0.10635206593913422,0.0,0.0,0.0,0.0,0.0,0.0,0.9876589105592039,0.0,nan,nan
behavior_oracle,751022,2,connected_restored,connected,750,0.08306574913381515,nan,-0.09969980230247025,-0.34803072492077214,-0.17883336645989964,-0.4324121000015252,0.07913356415742936,0.08134546178386709,-0.014960288984657628,-0.015556393396171162,0.005752507576811868,-0.014949675240744528,-0.015125615328584672,0.00623527780115574,0.04763155653361106,0.0406749112932538,0.0,0.0,0.04197302234154808,0.010492770643926091,23.742545297366874,0.03165672706315583,0.0,23.742545297366874,1.0,0.12669181150189088,0.0,-0.24031328064597487,nan
behavior_oracle,751023,0,connected_initial,connected,750,0.10627904877541235,nan,-0.030173978364510995,-0.3103687860477185,-0.13139920948625844,-0.408534245562199,0.10122523112174743,0.10944025943440816,-0.0035994058486540333,-0.002859651104551865,0.022822991279218902,-0.0025451814260193544,-0.005033965614824699,0.022463137275791658,0.05480078001403197,0.04478332442338372,0.0,0.0,0.046697429954427494,0.01167767095811664,24.301920167683285,0.032402560223577716,0.0,24.301920167683285,1.0,0.12952029713059393,0.0,-0.2647461663699558,nan
behavior_oracle,751023,1,disconnected,disconnected,750,0.0014897517745591615,nan,-0.18112124938557148,-0.4586692853242177,-0.1821669234491946,-0.45855342582731917,0.0010456740636231436,0.000892377107977238,-0.002753572431221161,0.0008293783148696929,-0.0011786470760931855,-0.003336684290329188,0.0011812432756120527,-0.001631748981231516,0.04042354478752669,0.04034037591215078,0.0,0.0,0.13406697869481463,0.0,0.0,0.0,0.0,0.0,0.0,1.238180601125947,0.0,nan,nan
behavior_oracle,751023,2,connected_restored,connected,750,0.07143205513264242,nan,-0.12089197981272844,-0.4003179552893515,-0.19271673815469476,-0.4707691645911051,0.07182475834196632,0.07222871832919098,-0.015510342100261056,-0.017363306954079807,0.005933272778617443,-0.0146235492937261,-0.016503458315391174,0.008404065996559424,0.04557560201726729,0.03948438878213821,0.0,0.0,0.042806293575603775,0.010690153649405816,23.979617923783493,0.031972823898377994,0.0,23.979617923783493,1.0,0.12804376576114274,0.0,-0.3153132086890296,nan
behavior_oracle,751024,0,connected_initial,connected,750,0.10473417410135785,nan,-0.10904028651258045,-0.3926961527616154,-0.2031668552911499,-0.4871414268300453,0.0941265687785694,0.10207551239142826,-0.005897505176961772,-0.00034429684707686103,0.019842209356304385,-0.00607474075877386,-0.00022729665510378184,0.019329278025780546,0.04646547266100794,0.03864564283759836,0.0,0.0,0.0417239921003632,0.010446731214214048,22.25173420386674,0.029668978938488987,0.0,22.25173420386674,1.0,0.11845910667813765,0.0,-0.293021035754294,nan
behavior_oracle,751024,1,disconnected,disconnected,750,0.00019210566096969004,nan,-0.20753304086472152,-0.4950400128950138,-0.20762912465069772,-0.49852363774677816,9.608378597616621e-05,0.00027616230467192304,0.005813307650754677,0.0009741662964778911,-0.00023752641335162298,0.003858211536451999,0.0003068198826760796,-0.0003325518528070002,0.038495684993945865,0.03848617960342943,0.0,0.0,0.08381380077989059,0.0,0.0,0.0,0.0,0.0,0.0,1.119402877407922,0.0,nan,nan
behavior_oracle,751024,2,connected_restored,connected,750,0.06453862091974447,nan,-0.12560400063421423,-0.3920415765895214,-0.18627980313272807,-0.4440679628138505,0.06067580249851386,0.06230636836305392,-0.012297976351818196,-0.013462702310823254,0.004861970185983065,-0.011477578449668907,-0.013049114019992068,0.007832529800592146,0.04530296074231849,0.04015349625042604,0.0,0.0,0.04473810985542645,0.011117456783083984,23.860800759431065,0.03181440101257475,0.0,23.860800759431065,1.0,0.1278993962799233,0.0,-0.33414011892278667,nan
behavior_oracle,751025,0,connected_initial,connected,750,0.08389989535658604,nan,-0.11101807605277014,-0.3506951686143965,-0.18273711999003842,-0.4366372568441548,0.07171904393726829,0.078239309967058,-0.0021425526490594137,-0.003943630542230615,0.014291621733722011,-0.0025669440812995533,-0.0035859695750522307,0.014139548503202846,0.04664647592140682,0.04039945582483365,0.0,0.0,0.04516838096639875,0.011287204424870537,23.84857810859537,0.03179810414479382,0.0,23.84857810859537,1.0,0.12735754144209283,0.0,-0.3437318810045435,nan
behavior_oracle,751025,1,disconnected,disconnected,750,0.0012120906461296568,nan,-0.22384440333002226,-0.5256687143355233,-0.2250117138371164,-0.528291460458281,0.0011673105070941683,0.0010441045848109676,-0.0045918199557448205,-0.0022335816678662936,-0.0008050751814195852,-0.004498445656747909,-0.0031712858667565496,-0.0008486983581310691,0.03709314099396454,0.03700956259686068,0.0,0.0,0.11017276641070396,0.0,0.0,0.0,0.0,0.0,0.0,1.0434984054618892,0.0,nan,nan
behavior_oracle,751025,2,connected_restored,connected,750,0.07833214844584718,nan,-0.08348835761188848,-0.3618854290440102,-0.16109940766704334,-0.4529048574860878,0.07761105005515484,0.07694004993271938,-0.01577049828383063,-0.017851097360896257,0.01024207248054689,-0.014885455894578712,-0.016606394661464918,0.010389930388964269,0.04917382492481258,0.04210813639852706,0.0,0.0,0.0438280288400951,0.010948262489437945,22.452174226099295,0.029936232301465728,0.0,22.452174226099295,1.0,0.11968494643768726,0.0,-0.2618824765852629,nan
behavior_oracle,751026,0,connected_initial,connected,750,0.13349671128368804,nan,-0.03282338559313773,-0.300853932020951,-0.15410631141752762,-0.4336830542208949,0.12128292582438989,0.12829884690336027,-0.008436423750191317,0.0017916066988863354,0.020728147787892937,-0.007895864059390736,0.0023083805449808773,0.019522852391014006,0.05447342992990715,0.04269287760778254,0.0,0.0,0.044146259732853646,0.011048701420633638,25.302898296493275,0.0337371977286577,0.0,25.302898296493275,1.0,0.13494476495080143,0.0,-0.24924432669579008,nan
behavior_oracle,751026,1,disconnected,disconnected,750,0.00025021359760054695,nan,-0.18329458019345535,-0.4510193344894401,-0.18354504634585359,-0.4525112746203386,0.0002504661523982739,0.00011522189964713325,0.0003851457535016611,-0.0005959108487182999,-0.0008190383477775711,-0.0009066233425301415,-0.0006743947023881689,-0.0007601656196867877,0.04033831034464826,0.040316523449196,0.0,0.0,0.11288613415563176,0.0,0.0,0.0,0.0,0.0,0.0,1.0248408615073263,0.0,nan,nan
behavior_oracle,751026,2,connected_restored,connected,750,0.08836816344163582,nan,-0.06997082477170982,-0.3556874844020075,-0.15728058181575075,-0.4119753305863637,0.08730975704404091,0.08878670428917795,-0.017083559488638652,-0.016091576769357324,0.0103571018077564,-0.016298800327679202,-0.014636203777881274,0.010226244846099432,0.05074441014911693,0.04259010922589294,0.0,0.0,0.04360339341621985,0.01090233268081184,21.655553643949723,0.028874071525266297,0.0,21.655553643949723,1.0,0.11547305493974716,0.0,-0.23580876271210366,nan
behavior_oracle,751027,0,connected_initial,connected,750,0.11181441628833269,nan,-0.05120992413115141,-0.30842021917970674,-0.15031194432457937,-0.4169927770028617,0.09910202019342794,0.10709868255624855,-0.013962450710237159,-0.0029683447526415467,0.01797341959620854,-0.013498797402563417,-0.0025378500907613606,0.018217720449495822,0.052480911300409945,0.0430345102105816,0.0,0.0,0.04527717560754662,0.011293655950923801,22.31681403286918,0.02975575204382557,0.0,22.31681403286918,1.0,0.1190245282049841,0.0,-0.27025034597407216,nan
behavior_oracle,751027,1,disconnected,disconnected,750,0.0015713886137279337,nan,-0.1920537463074874,-0.4614825366717772,-0.19258587945078637,-0.4651584318865739,0.000532133143298972,0.0008935323477920476,-0.0023372876729421685,-0.004259397048938909,-0.0003327432401112501,-0.0006849182786564527,-0.0027189697515420026,-0.0008217334194876743,0.03961682696420807,0.03957166464703013,0.0,0.0,0.11107428749505335,0.0,0.0,0.0,0.0,0.0,0.0,1.004769465061051,0.0,nan,nan
behavior_oracle,751027,2,connected_restored,connected,750,0.08434292587250941,nan,-0.12957772287934158,-0.41526777683219485,-0.21073231196538741,-0.475825053294156,0.08115458908604584,0.08402839212200952,-0.015875499796704048,-0.009754986068588815,0.010957013424589834,-0.014039032451240966,-0.00830573192021752,0.010801981409229718,0.04483353772625308,0.03813254936158172,0.0,0.0,0.03979489251701981,0.009950594991957096,22.25892687405551,0.02967856916540735,0.0,22.25892687405551,1.0,0.11867977749774737,0.0,-0.2587677286050766,nan
behavior_oracle,751028,0,connected_initial,connected,750,0.09741381721743231,nan,-0.08573135262712751,-0.30830421840555056,-0.1713246969617555,-0.4312278050080259,0.08559334433462798,0.08749004220942427,-0.002827434526781637,0.002605896360588981,0.01681659898434554,-0.0010138753463063983,0.0034253510134819947,0.017812802294211987,0.04904216118536587,0.04128478010696879,0.0,0.0,0.04599382651718644,0.011491179814256998,23.135609101508606,0.030847478802011476,0.0,23.135609101508606,1.0,0.12345084579089963,0.0,-0.33756782513211125,nan
behavior_oracle,751028,1,disconnected,disconnected,750,0.00045388416435514196,nan,-0.15863185716786576,-0.4087339771893126,-0.15887439251156435,-0.40883791400102143,0.00024253534369857578,7.670686274868777e-05,-0.00039508686010134486,0.0006242574014267819,-0.0004895786592286869,-0.0002555658336170458,-0.000747439804914411,-0.0008479686153289927,0.04238657152134713,0.04236862924149965,0.0,0.0,0.10818313567577999,0.0,0.0,0.0,0.0,0.0,0.0,1.1584278108092303,0.0,nan,nan
behavior_oracle,751028,2,connected_restored,connected,750,0.07848901708126448,nan,-0.08695806479443478,-0.3355297091063348,-0.16324939072250136,-0.44015594229970556,0.07629132592806658,0.0761666564955788,-0.014520103010896212,-0.014616622622448436,0.0076671610204665725,-0.013303282037183941,-0.014326330727800278,0.01019591471020598,0.048831072964687514,0.041903413227971316,0.0,0.0,0.044381298795497834,0.011024625631980364,25.491837193531108,0.03398911625804148,0.0,25.491837193531108,1.0,0.1358679109285984,0.0,-0.285678404880561,nan
behavior_oracle,751029,0,connected_initial,connected,750,0.08276929695207962,nan,-0.16447182618387893,-0.38335439321238596,-0.23214693054303046,-0.45379133604045785,0.0676751043591515,0.07635705059846148,0.008405823751148326,-0.0015951826715009023,0.020707297545949258,0.009207736968588629,-0.0010014610005962706,0.020787082615691566,0.04162232877766384,0.03647671582736728,0.0,0.0,0.040940919217524886,0.01024130071552295,23.06263533550518,0.030750180447340243,0.0,23.06263533550518,1.0,0.1229108787359895,0.0,-0.3444605374163576,nan
behavior_oracle,751029,1,disconnected,disconnected,750,0.0012195620572493363,nan,-0.1646870054969019,-0.41028663898412276,-0.16573933860515253,-0.4129455275731667,0.0010523331082506518,0.0015985188633490521,-0.0024972378737379702,-0.0004997578861293976,-0.0010266187534369324,-0.0032524181564018047,-0.0007543613968153497,-0.0012045787634850235,0.04184237573473708,0.04175426708560272,0.0,0.0,0.11771943954821305,0.0,0.0,0.0,0.0,0.0,0.0,1.1097440437470376,0.0,nan,nan
behavior_oracle,751029,2,connected_restored,connected,750,0.07621426954108428,nan,-0.09130571335959799,-0.3450446947530925,-0.16412580777100494,-0.4425423995495654,0.07282009441140694,0.07598788114924432,-0.00966632119826527,-0.013195303334489407,0.011510110821643195,-0.010247802365493705,-0.012035371951926787,0.012014121844497818,0.048659798582919495,0.0418773847545745,0.0,0.0,0.04556790572953394,0.011396169348249965,24.4342665054053,0.03257902200720707,0.0,24.4342665054053,1.0,0.13026545726768402,0.0,-0.31625458881860735,nan
